Y1_1,Y1_2,Y1_3,Y1_4,Y1_5,Y1_6,Y8_1,Y8_2,Y8_3,Y8_4,Y8_5,Y8_6,Y8_7,Y8_8,Y8_9,Y11_1,Y11_2,Y11_3,Y11_4,Y11_5,Y19_1,Y19_2,Y19_3,Y19_4,Y20_1,Y20_2,Y20_3,Y20_4,Y20_5,SQ1K1,SQ1K2_1,SQ1K3,SQ1K4,유형,SQ2K3,SQ3K1,org_identification,equity_climate,inclusion_climate,ethical_leadership,ocb,upb
3.0,5.0,5.0,4.0,5.0,4.0,5.0,4.0,3.0,5.0,5.0,4.0,5.0,4.0,4.0,5.0,4.0,4.0,4.0,3.0,3.0,5.0,4.0,5.0,5.0,4.0,3.0,3.0,3.0,2.0,1988.0,1.0,1.0,민간,,1.0,4.333333333333333,4.4,4.25,4.0,4.25,3.6
5.0,5.0,5.0,5.0,5.0,4.0,5.0,4.0,5.0,4.0,5.0,4.0,5.0,4.0,5.0,5.0,4.0,4.0,5.0,4.0,5.0,4.0,5.0,4.0,5.0,4.0,5.0,3.0,4.0,1.0,1972.0,1.0,1.0,민간,,1.0,4.833333333333333,4.6,4.5,4.4,4.5,4.2
2.0,2.0,2.0,4.0,3.0,2.0,2.0,2.0,2.0,2.0,2.0,3.0,3.0,3.0,3.0,2.0,2.0,2.0,2.0,2.0,4.0,4.0,3.0,3.0,3.0,3.0,3.0,3.0,3.0,2.0,1967.0,1.0,1.0,민간,,1.0,2.5,2.0,3.0,2.0,3.5,3.0
5.0,3.0,5.0,5.0,5.0,4.0,4.0,4.0,4.0,5.0,5.0,5.0,4.0,4.0,4.0,5.0,5.0,5.0,5.0,5.0,5.0,5.0,5.0,5.0,4.0,4.0,5.0,1.0,3.0,1.0,1971.0,1.0,1.0,민간,,1.0,4.5,4.4,4.25,5.0,5.0,3.4
3.0,3.0,2.0,3.0,3.0,3.0,3.0,3.0,4.0,3.0,3.0,3.0,3.0,4.0,3.0,3.0,3.0,3.0,4.0,3.0,3.0,3.0,3.0,3.0,3.0,3.0,3.0,3.0,3.0,1.0,1976.0,9.0,1.0,민간,,1.0,2.8333333333333335,3.2,3.25,3.2,3.0,3.0
2.0,4.0,3.0,4.0,4.0,3.0,3.0,3.0,4.0,3.0,3.0,2.0,3.0,3.0,3.0,2.0,3.0,2.0,2.0,3.0,4.0,4.0,3.0,3.0,3.0,3.0,2.0,3.0,2.0,1.0,1972.0,9.0,1.0,민간,,1.0,3.3333333333333335,3.2,2.75,2.4,3.5,2.6
3.0,4.0,2.0,3.0,4.0,4.0,3.0,2.0,4.0,4.0,3.0,2.0,2.0,3.0,3.0,3.0,2.0,1.0,1.0,2.0,4.0,4.0,3.0,3.0,4.0,4.0,4.0,2.0,2.0,1.0,1980.0,1.0,1.0,민간,,1.0,3.3333333333333335,3.2,2.5,1.8,3.5,3.2
4.0,4.0,3.0,4.0,4.0,3.0,3.0,3.0,3.0,3.0,3.0,3.0,4.0,4.0,4.0,3.0,4.0,4.0,4.0,4.0,4.0,4.0,5.0,4.0,2.0,2.0,3.0,2.0,3.0,1.0,1986.0,9.0,1.0,민간,,1.0,3.6666666666666665,3.0,3.75,3.8,4.25,2.4
4.0,3.0,3.0,4.0,4.0,4.0,2.0,2.0,1.0,1.0,1.0,4.0,4.0,3.0,4.0,1.0,3.0,3.0,3.0,4.0,4.0,4.0,4.0,3.0,4.0,4.0,4.0,3.0,2.0,2.0,1977.0,1.0,1.0,민간,,1.0,3.6666666666666665,1.4,3.75,2.8,3.75,3.4
4.0,4.0,4.0,4.0,4.0,4.0,3.0,3.0,3.0,3.0,3.0,3.0,4.0,3.0,3.0,3.0,3.0,3.0,3.0,3.0,3.0,3.0,3.0,3.0,3.0,3.0,3.0,3.0,3.0,1.0,1988.0,1.0,1.0,민간,,1.0,4.0,3.0,3.25,3.0,3.0,3.0
2.0,2.0,2.0,3.0,3.0,3.0,1.0,1.0,3.0,3.0,1.0,1.0,1.0,1.0,1.0,1.0,1.0,1.0,3.0,2.0,5.0,4.0,2.0,3.0,2.0,1.0,2.0,4.0,1.0,1.0,1976.0,9.0,1.0,민간,,1.0,2.5,1.8,1.0,1.6,3.5,2.0
3.0,3.0,3.0,3.0,3.0,3.0,5.0,5.0,5.0,5.0,5.0,5.0,5.0,5.0,5.0,5.0,5.0,5.0,5.0,5.0,3.0,3.0,4.0,4.0,3.0,3.0,3.0,4.0,5.0,1.0,1978.0,9.0,1.0,민간,,1.0,3.0,5.0,5.0,5.0,3.5,3.6
4.0,4.0,3.0,4.0,4.0,2.0,4.0,3.0,4.0,3.0,4.0,4.0,4.0,4.0,4.0,4.0,4.0,4.0,5.0,4.0,4.0,4.0,5.0,5.0,2.0,3.0,3.0,3.0,3.0,2.0,1980.0,1.0,1.0,민간,,1.0,3.5,3.6,4.0,4.2,4.5,2.8
5.0,4.0,4.0,5.0,5.0,5.0,3.0,3.0,3.0,3.0,3.0,4.0,4.0,4.0,4.0,3.0,3.0,2.0,3.0,2.0,4.0,4.0,3.0,4.0,3.0,2.0,4.0,4.0,2.0,2.0,1971.0,7.0,1.0,민간,,1.0,4.666666666666667,3.0,4.0,2.6,3.75,3.0
4.0,4.0,3.0,5.0,5.0,4.0,3.0,3.0,3.0,3.0,3.0,3.0,3.0,4.0,4.0,3.0,4.0,4.0,4.0,3.0,3.0,3.0,3.0,3.0,3.0,3.0,3.0,3.0,3.0,2.0,1971.0,9.0,1.0,민간,,1.0,4.166666666666667,3.0,3.5,3.6,3.0,3.0
4.0,4.0,5.0,5.0,5.0,4.0,3.0,4.0,4.0,4.0,3.0,4.0,4.0,4.0,3.0,3.0,4.0,3.0,4.0,4.0,3.0,4.0,4.0,4.0,3.0,3.0,4.0,3.0,2.0,1.0,1971.0,15.0,1.0,민간,,1.0,4.5,3.6,3.75,3.6,3.75,3.0
3.0,3.0,4.0,4.0,4.0,3.0,3.0,3.0,3.0,3.0,3.0,3.0,3.0,4.0,4.0,3.0,4.0,4.0,3.0,3.0,3.0,3.0,4.0,3.0,3.0,4.0,3.0,3.0,4.0,1.0,1961.0,6.0,1.0,민간,,1.0,3.5,3.0,3.5,3.4,3.25,3.4
3.0,3.0,2.0,2.0,2.0,3.0,2.0,2.0,2.0,2.0,2.0,2.0,2.0,3.0,3.0,1.0,1.0,2.0,2.0,2.0,3.0,2.0,2.0,1.0,3.0,2.0,2.0,1.0,2.0,1.0,1970.0,1.0,1.0,민간,,1.0,2.5,2.0,2.5,1.6,2.0,2.0
4.0,2.0,2.0,4.0,4.0,5.0,3.0,4.0,4.0,4.0,4.0,5.0,5.0,4.0,4.0,4.0,5.0,5.0,5.0,5.0,4.0,4.0,4.0,4.0,2.0,2.0,2.0,1.0,2.0,2.0,1982.0,1.0,1.0,민간,,1.0,3.5,3.8,4.5,4.8,4.0,1.8
4.0,4.0,4.0,5.0,4.0,5.0,1.0,1.0,1.0,1.0,1.0,1.0,4.0,3.0,1.0,1.0,1.0,1.0,1.0,1.0,4.0,4.0,4.0,3.0,1.0,1.0,1.0,1.0,1.0,2.0,1978.0,1.0,1.0,민간,,1.0,4.333333333333333,1.0,2.25,1.0,3.75,1.0
4.0,3.0,3.0,4.0,3.0,3.0,3.0,4.0,3.0,3.0,4.0,4.0,3.0,4.0,4.0,4.0,4.0,4.0,4.0,3.0,3.0,4.0,3.0,3.0,2.0,2.0,2.0,2.0,3.0,1.0,1973.0,14.0,1.0,민간,,1.0,3.3333333333333335,3.4,3.75,3.8,3.25,2.2
3.0,3.0,3.0,4.0,3.0,3.0,3.0,3.0,3.0,4.0,3.0,3.0,3.0,4.0,2.0,4.0,3.0,4.0,2.0,3.0,3.0,4.0,3.0,3.0,3.0,4.0,3.0,3.0,4.0,1.0,1965.0,9.0,1.0,민간,,1.0,3.1666666666666665,3.2,3.0,3.2,3.25,3.4
3.0,4.0,1.0,5.0,4.0,4.0,2.0,1.0,2.0,2.0,2.0,3.0,4.0,4.0,2.0,2.0,1.0,1.0,2.0,2.0,4.0,4.0,4.0,4.0,2.0,3.0,3.0,4.0,2.0,2.0,1988.0,9.0,1.0,민간,,1.0,3.5,1.8,3.25,1.6,4.0,2.8
1.0,2.0,1.0,5.0,5.0,3.0,4.0,5.0,5.0,3.0,4.0,3.0,5.0,5.0,4.0,4.0,5.0,4.0,4.0,5.0,4.0,5.0,4.0,5.0,1.0,2.0,2.0,1.0,3.0,2.0,1983.0,1.0,1.0,민간,,1.0,2.8333333333333335,4.2,4.25,4.4,4.5,1.8
4.0,2.0,3.0,4.0,4.0,4.0,2.0,3.0,3.0,3.0,3.0,3.0,4.0,3.0,4.0,4.0,3.0,3.0,3.0,4.0,5.0,4.0,4.0,3.0,2.0,3.0,4.0,3.0,3.0,2.0,1981.0,1.0,1.0,민간,,1.0,3.5,2.8,3.5,3.4,4.0,3.0
4.0,4.0,4.0,4.0,4.0,4.0,3.0,3.0,2.0,2.0,2.0,3.0,3.0,3.0,3.0,3.0,3.0,3.0,3.0,3.0,4.0,4.0,4.0,4.0,3.0,3.0,3.0,3.0,3.0,2.0,1971.0,1.0,1.0,민간,,1.0,4.0,2.4,3.0,3.0,4.0,3.0
4.0,4.0,5.0,5.0,5.0,4.0,4.0,4.0,4.0,4.0,3.0,4.0,4.0,4.0,4.0,2.0,3.0,2.0,2.0,3.0,4.0,5.0,4.0,5.0,4.0,4.0,5.0,5.0,2.0,1.0,1990.0,1.0,1.0,민간,,1.0,4.5,3.8,4.0,2.4,4.5,4.0
4.0,4.0,3.0,4.0,4.0,4.0,3.0,3.0,3.0,3.0,3.0,3.0,4.0,4.0,4.0,3.0,3.0,3.0,3.0,3.0,4.0,3.0,3.0,3.0,3.0,2.0,3.0,3.0,3.0,1.0,1981.0,2.0,1.0,민간,,1.0,3.8333333333333335,3.0,3.75,3.0,3.25,2.8
4.0,3.0,2.0,5.0,4.0,1.0,4.0,2.0,4.0,2.0,2.0,5.0,5.0,3.0,4.0,5.0,5.0,5.0,5.0,4.0,5.0,5.0,4.0,3.0,2.0,4.0,4.0,4.0,1.0,2.0,1990.0,1.0,1.0,민간,,1.0,3.1666666666666665,2.8,4.25,4.8,4.25,3.0
4.0,3.0,2.0,3.0,2.0,4.0,2.0,2.0,4.0,4.0,3.0,2.0,4.0,4.0,3.0,3.0,3.0,3.0,3.0,3.0,4.0,4.0,4.0,3.0,4.0,4.0,4.0,3.0,2.0,2.0,1983.0,13.0,1.0,민간,,1.0,3.0,3.0,3.25,3.0,3.75,3.4
4.0,4.0,3.0,4.0,4.0,3.0,3.0,3.0,3.0,3.0,3.0,4.0,4.0,4.0,4.0,4.0,3.0,4.0,4.0,5.0,4.0,5.0,4.0,5.0,2.0,2.0,5.0,2.0,2.0,2.0,1984.0,1.0,1.0,민간,,1.0,3.6666666666666665,3.0,4.0,4.0,4.5,2.6
3.0,4.0,4.0,5.0,4.0,5.0,3.0,4.0,4.0,4.0,4.0,4.0,4.0,4.0,4.0,4.0,4.0,3.0,3.0,3.0,3.0,3.0,3.0,3.0,2.0,2.0,3.0,2.0,2.0,1.0,1974.0,4.0,1.0,민간,,1.0,4.166666666666667,3.8,4.0,3.4,3.0,2.2
3.0,2.0,2.0,3.0,3.0,3.0,2.0,2.0,2.0,3.0,2.0,3.0,3.0,3.0,3.0,3.0,3.0,3.0,3.0,3.0,4.0,4.0,4.0,4.0,3.0,3.0,4.0,3.0,4.0,1.0,1967.0,1.0,1.0,민간,,1.0,2.6666666666666665,2.2,3.0,3.0,4.0,3.4
4.0,2.0,2.0,3.0,3.0,4.0,3.0,3.0,3.0,3.0,3.0,2.0,3.0,2.0,3.0,3.0,3.0,3.0,3.0,3.0,4.0,3.0,4.0,4.0,3.0,3.0,3.0,3.0,3.0,1.0,1985.0,9.0,1.0,민간,,1.0,3.0,3.0,2.5,3.0,3.75,3.0
4.0,4.0,4.0,2.0,3.0,4.0,2.0,3.0,3.0,3.0,3.0,2.0,4.0,3.0,3.0,2.0,2.0,1.0,1.0,2.0,4.0,4.0,3.0,3.0,2.0,3.0,4.0,2.0,3.0,1.0,1978.0,9.0,1.0,민간,,1.0,3.5,2.8,3.0,1.6,3.5,2.8
2.0,2.0,3.0,2.0,3.0,2.0,1.0,1.0,1.0,1.0,1.0,2.0,2.0,1.0,1.0,1.0,2.0,1.0,2.0,1.0,4.0,4.0,3.0,3.0,3.0,3.0,2.0,3.0,2.0,1.0,1974.0,1.0,1.0,민간,,1.0,2.3333333333333335,1.0,1.5,1.4,3.5,2.6
1.0,2.0,2.0,3.0,3.0,4.0,3.0,2.0,3.0,2.0,3.0,2.0,3.0,3.0,3.0,2.0,2.0,2.0,3.0,3.0,5.0,3.0,3.0,3.0,1.0,1.0,1.0,3.0,2.0,2.0,1986.0,1.0,1.0,민간,,1.0,2.5,2.6,2.75,2.4,3.5,1.6
2.0,2.0,1.0,2.0,2.0,1.0,2.0,2.0,2.0,2.0,2.0,1.0,3.0,2.0,2.0,3.0,1.0,1.0,1.0,1.0,3.0,3.0,3.0,3.0,3.0,3.0,3.0,3.0,3.0,1.0,1984.0,2.0,1.0,민간,,1.0,1.6666666666666667,2.0,2.0,1.4,3.0,3.0
2.0,3.0,2.0,3.0,2.0,4.0,3.0,2.0,2.0,3.0,2.0,3.0,3.0,3.0,3.0,3.0,2.0,2.0,2.0,2.0,4.0,4.0,3.0,4.0,1.0,1.0,2.0,1.0,1.0,2.0,1990.0,9.0,1.0,민간,,1.0,2.6666666666666665,2.4,3.0,2.2,3.75,1.2
4.0,4.0,3.0,3.0,4.0,4.0,3.0,3.0,3.0,4.0,5.0,4.0,5.0,5.0,4.0,4.0,4.0,3.0,4.0,4.0,2.0,2.0,3.0,4.0,2.0,2.0,1.0,1.0,1.0,1.0,1971.0,1.0,1.0,민간,,1.0,3.6666666666666665,3.6,4.5,3.8,2.75,1.4
3.0,3.0,2.0,3.0,3.0,4.0,3.0,4.0,4.0,4.0,3.0,3.0,4.0,3.0,3.0,3.0,4.0,4.0,4.0,4.0,4.0,3.0,4.0,4.0,3.0,3.0,4.0,4.0,4.0,1.0,1968.0,9.0,1.0,민간,,1.0,3.0,3.6,3.25,3.8,3.75,3.6
4.0,5.0,4.0,5.0,5.0,5.0,1.0,1.0,1.0,1.0,1.0,1.0,3.0,1.0,1.0,4.0,4.0,4.0,3.0,4.0,5.0,4.0,4.0,4.0,3.0,3.0,4.0,2.0,3.0,1.0,1979.0,9.0,1.0,민간,,1.0,4.666666666666667,1.0,1.5,3.8,4.25,3.0
5.0,4.0,4.0,5.0,5.0,5.0,2.0,2.0,4.0,2.0,2.0,3.0,3.0,2.0,2.0,2.0,3.0,3.0,3.0,4.0,2.0,3.0,2.0,3.0,2.0,1.0,2.0,4.0,2.0,1.0,1974.0,9.0,1.0,민간,,1.0,4.666666666666667,2.4,2.5,3.0,2.5,2.2
4.0,5.0,5.0,5.0,5.0,5.0,5.0,5.0,4.0,3.0,3.0,4.0,4.0,3.0,3.0,5.0,5.0,5.0,5.0,5.0,2.0,5.0,5.0,5.0,5.0,5.0,5.0,2.0,3.0,1.0,1972.0,9.0,1.0,민간,,1.0,4.833333333333333,4.0,3.5,5.0,4.25,4.0
2.0,3.0,3.0,3.0,3.0,4.0,3.0,3.0,3.0,3.0,3.0,3.0,3.0,3.0,2.0,3.0,3.0,3.0,2.0,3.0,4.0,3.0,4.0,4.0,4.0,4.0,4.0,2.0,3.0,2.0,1991.0,3.0,1.0,민간,,1.0,3.0,3.0,2.75,2.8,3.75,3.4
4.0,5.0,4.0,5.0,5.0,5.0,4.0,4.0,4.0,4.0,4.0,5.0,5.0,4.0,4.0,4.0,4.0,5.0,4.0,5.0,4.0,4.0,5.0,5.0,4.0,4.0,4.0,3.0,3.0,1.0,1974.0,4.0,1.0,민간,,1.0,4.666666666666667,4.0,4.5,4.4,4.5,3.6
4.0,4.0,5.0,5.0,4.0,5.0,3.0,3.0,3.0,3.0,4.0,4.0,3.0,4.0,3.0,4.0,5.0,4.0,5.0,4.0,4.0,4.0,4.0,3.0,4.0,5.0,4.0,4.0,5.0,1.0,1979.0,1.0,1.0,민간,,1.0,4.5,3.2,3.5,4.4,3.75,4.4
4.0,4.0,3.0,4.0,4.0,5.0,2.0,3.0,2.0,2.0,3.0,4.0,3.0,3.0,3.0,4.0,3.0,3.0,3.0,3.0,4.0,4.0,3.0,3.0,4.0,4.0,4.0,3.0,3.0,1.0,1971.0,11.0,1.0,민간,,1.0,4.0,2.4,3.25,3.2,3.5,3.6
4.0,3.0,4.0,5.0,5.0,5.0,4.0,4.0,4.0,4.0,4.0,4.0,4.0,4.0,4.0,4.0,4.0,4.0,5.0,4.0,5.0,5.0,5.0,4.0,4.0,5.0,5.0,4.0,4.0,1.0,1972.0,9.0,1.0,민간,,1.0,4.333333333333333,4.0,4.0,4.2,4.75,4.4
4.0,4.0,3.0,3.0,3.0,5.0,3.0,3.0,4.0,4.0,4.0,5.0,5.0,3.0,3.0,3.0,3.0,3.0,3.0,4.0,3.0,3.0,3.0,3.0,4.0,4.0,4.0,5.0,5.0,1.0,1988.0,1.0,1.0,민간,,1.0,3.6666666666666665,3.6,4.0,3.2,3.0,4.4
2.0,2.0,3.0,3.0,2.0,4.0,2.0,2.0,3.0,3.0,2.0,3.0,3.0,3.0,3.0,3.0,3.0,3.0,3.0,3.0,3.0,4.0,3.0,3.0,2.0,2.0,3.0,2.0,2.0,2.0,1983.0,1.0,1.0,민간,,1.0,2.6666666666666665,2.4,3.0,3.0,3.25,2.2
2.0,3.0,3.0,2.0,3.0,3.0,2.0,2.0,3.0,2.0,2.0,3.0,2.0,2.0,3.0,3.0,3.0,3.0,2.0,3.0,3.0,2.0,2.0,2.0,3.0,3.0,3.0,2.0,2.0,2.0,1982.0,10.0,1.0,민간,,1.0,2.6666666666666665,2.2,2.5,2.8,2.25,2.6
5.0,3.0,4.0,5.0,5.0,4.0,3.0,3.0,4.0,3.0,3.0,4.0,4.0,4.0,4.0,3.0,3.0,4.0,3.0,4.0,5.0,4.0,4.0,4.0,3.0,3.0,4.0,3.0,2.0,1.0,1963.0,1.0,1.0,민간,,1.0,4.333333333333333,3.2,4.0,3.4,4.25,3.0
4.0,4.0,2.0,5.0,4.0,4.0,2.0,3.0,2.0,3.0,3.0,3.0,4.0,4.0,5.0,3.0,4.0,4.0,4.0,5.0,4.0,5.0,4.0,5.0,2.0,2.0,3.0,2.0,2.0,1.0,1990.0,4.0,1.0,민간,,1.0,3.8333333333333335,2.6,4.0,4.0,4.5,2.2
3.0,4.0,3.0,3.0,4.0,3.0,3.0,4.0,3.0,4.0,3.0,4.0,3.0,4.0,3.0,3.0,4.0,3.0,4.0,3.0,4.0,3.0,3.0,4.0,4.0,3.0,3.0,4.0,3.0,1.0,1975.0,1.0,1.0,민간,,1.0,3.3333333333333335,3.4,3.5,3.4,3.5,3.4
2.0,2.0,3.0,4.0,4.0,1.0,4.0,4.0,4.0,5.0,4.0,4.0,4.0,4.0,4.0,4.0,4.0,4.0,5.0,4.0,4.0,4.0,4.0,5.0,4.0,4.0,4.0,4.0,3.0,1.0,1970.0,16.0,1.0,민간,,1.0,2.6666666666666665,4.2,4.0,4.2,4.25,3.8
4.0,4.0,3.0,3.0,3.0,4.0,4.0,3.0,3.0,4.0,4.0,4.0,3.0,3.0,3.0,4.0,3.0,3.0,4.0,4.0,3.0,3.0,3.0,4.0,3.0,3.0,4.0,4.0,4.0,2.0,1964.0,1.0,1.0,민간,,1.0,3.5,3.6,3.25,3.6,3.25,3.6
3.0,4.0,3.0,3.0,3.0,2.0,3.0,2.0,2.0,2.0,2.0,2.0,3.0,3.0,3.0,3.0,3.0,4.0,3.0,3.0,3.0,4.0,3.0,3.0,3.0,2.0,3.0,3.0,3.0,1.0,1971.0,4.0,1.0,민간,,1.0,3.0,2.2,2.75,3.2,3.25,2.8
2.0,3.0,2.0,3.0,4.0,3.0,2.0,3.0,3.0,3.0,2.0,3.0,2.0,2.0,3.0,2.0,2.0,3.0,3.0,3.0,2.0,2.0,3.0,2.0,2.0,3.0,3.0,2.0,3.0,1.0,1972.0,1.0,1.0,민간,,1.0,2.8333333333333335,2.6,2.5,2.6,2.25,2.6
4.0,4.0,3.0,5.0,4.0,4.0,3.0,4.0,4.0,4.0,4.0,4.0,4.0,3.0,4.0,3.0,4.0,4.0,3.0,3.0,4.0,4.0,4.0,4.0,3.0,3.0,3.0,3.0,3.0,1.0,1976.0,4.0,1.0,민간,,1.0,4.0,3.8,3.75,3.4,4.0,3.0
2.0,2.0,2.0,4.0,4.0,3.0,3.0,3.0,3.0,3.0,3.0,3.0,3.0,3.0,3.0,4.0,3.0,3.0,3.0,3.0,3.0,3.0,3.0,3.0,3.0,3.0,3.0,3.0,3.0,2.0,1974.0,4.0,1.0,민간,,1.0,2.8333333333333335,3.0,3.0,3.2,3.0,3.0
3.0,2.0,3.0,3.0,3.0,3.0,3.0,3.0,3.0,3.0,3.0,4.0,4.0,4.0,3.0,3.0,3.0,3.0,3.0,3.0,4.0,4.0,4.0,4.0,3.0,4.0,3.0,3.0,4.0,1.0,1971.0,1.0,1.0,민간,,1.0,2.8333333333333335,3.0,3.75,3.0,4.0,3.4
4.0,4.0,5.0,3.0,4.0,4.0,3.0,2.0,2.0,3.0,3.0,4.0,4.0,4.0,3.0,4.0,4.0,3.0,4.0,2.0,4.0,4.0,4.0,4.0,4.0,4.0,3.0,4.0,2.0,1.0,1966.0,9.0,1.0,민간,,1.0,4.0,2.6,3.75,3.4,4.0,3.4
5.0,2.0,4.0,4.0,4.0,4.0,4.0,4.0,4.0,4.0,4.0,4.0,4.0,4.0,4.0,4.0,4.0,4.0,3.0,3.0,4.0,4.0,4.0,3.0,3.0,3.0,4.0,3.0,2.0,1.0,1961.0,9.0,1.0,민간,,1.0,3.8333333333333335,4.0,4.0,3.6,3.75,3.0
3.0,3.0,3.0,3.0,3.0,2.0,3.0,3.0,3.0,3.0,3.0,3.0,3.0,3.0,3.0,3.0,3.0,3.0,3.0,4.0,4.0,4.0,3.0,4.0,2.0,3.0,3.0,3.0,2.0,2.0,1981.0,3.0,1.0,민간,,1.0,2.8333333333333335,3.0,3.0,3.2,3.75,2.6
3.0,3.0,2.0,3.0,3.0,2.0,2.0,2.0,3.0,3.0,3.0,4.0,4.0,4.0,4.0,4.0,4.0,4.0,3.0,3.0,4.0,4.0,4.0,4.0,3.0,2.0,3.0,3.0,3.0,1.0,1975.0,1.0,1.0,민간,,1.0,2.6666666666666665,2.6,4.0,3.6,4.0,2.8
4.0,3.0,3.0,4.0,5.0,4.0,3.0,3.0,4.0,4.0,4.0,4.0,5.0,4.0,3.0,4.0,5.0,5.0,4.0,5.0,4.0,4.0,3.0,4.0,4.0,3.0,4.0,5.0,4.0,1.0,1974.0,4.0,1.0,민간,,1.0,3.8333333333333335,3.6,4.0,4.6,3.75,4.0
4.0,3.0,3.0,4.0,4.0,5.0,4.0,3.0,5.0,5.0,4.0,4.0,5.0,5.0,5.0,4.0,4.0,4.0,5.0,5.0,5.0,5.0,5.0,5.0,1.0,1.0,2.0,1.0,1.0,1.0,1962.0,5.0,1.0,민간,,1.0,3.8333333333333335,4.2,4.75,4.4,5.0,1.2
2.0,3.0,4.0,4.0,4.0,4.0,3.0,3.0,3.0,3.0,3.0,3.0,3.0,4.0,4.0,4.0,4.0,4.0,4.0,4.0,5.0,4.0,4.0,4.0,2.0,2.0,3.0,3.0,4.0,1.0,1969.0,2.0,1.0,민간,,1.0,3.5,3.0,3.5,4.0,4.25,2.8
3.0,4.0,4.0,3.0,4.0,4.0,3.0,4.0,3.0,4.0,3.0,3.0,4.0,4.0,4.0,4.0,3.0,4.0,3.0,3.0,5.0,4.0,4.0,4.0,4.0,4.0,5.0,4.0,5.0,2.0,1984.0,9.0,1.0,민간,,1.0,3.6666666666666665,3.4,3.75,3.4,4.25,4.4
4.0,2.0,3.0,4.0,3.0,5.0,2.0,1.0,1.0,1.0,1.0,3.0,4.0,4.0,3.0,4.0,4.0,3.0,1.0,3.0,4.0,4.0,4.0,4.0,4.0,4.0,4.0,4.0,4.0,2.0,1971.0,6.0,1.0,민간,,1.0,3.5,1.2,3.5,3.0,4.0,4.0
2.0,2.0,3.0,2.0,2.0,3.0,2.0,3.0,2.0,3.0,2.0,2.0,3.0,2.0,2.0,2.0,3.0,3.0,2.0,3.0,2.0,2.0,3.0,2.0,2.0,2.0,3.0,2.0,2.0,1.0,1980.0,10.0,1.0,민간,,1.0,2.3333333333333335,2.4,2.25,2.6,2.25,2.2
3.0,4.0,5.0,4.0,2.0,3.0,4.0,4.0,3.0,4.0,4.0,4.0,5.0,4.0,4.0,4.0,3.0,3.0,4.0,4.0,5.0,3.0,4.0,3.0,2.0,2.0,3.0,3.0,3.0,1.0,1985.0,9.0,1.0,민간,,1.0,3.5,3.8,4.25,3.6,3.75,2.6
4.0,3.0,3.0,4.0,4.0,4.0,2.0,3.0,4.0,3.0,2.0,3.0,3.0,3.0,2.0,4.0,5.0,4.0,4.0,4.0,4.0,4.0,5.0,4.0,4.0,3.0,4.0,4.0,4.0,1.0,1980.0,16.0,1.0,민간,,1.0,3.6666666666666665,2.8,2.75,4.2,4.25,3.8
5.0,4.0,5.0,5.0,5.0,4.0,5.0,4.0,5.0,4.0,5.0,4.0,5.0,4.0,5.0,5.0,4.0,5.0,4.0,5.0,4.0,4.0,3.0,4.0,3.0,4.0,4.0,3.0,4.0,1.0,1969.0,1.0,1.0,민간,,1.0,4.666666666666667,4.6,4.5,4.6,3.75,3.6
3.0,4.0,3.0,3.0,4.0,3.0,3.0,4.0,3.0,3.0,4.0,4.0,3.0,4.0,3.0,3.0,3.0,4.0,3.0,3.0,4.0,3.0,4.0,4.0,3.0,3.0,3.0,3.0,3.0,1.0,1989.0,3.0,1.0,민간,,1.0,3.3333333333333335,3.4,3.5,3.2,3.75,3.0
4.0,2.0,3.0,3.0,2.0,4.0,1.0,1.0,1.0,2.0,2.0,2.0,3.0,3.0,2.0,2.0,3.0,3.0,3.0,3.0,5.0,3.0,3.0,3.0,1.0,1.0,1.0,1.0,1.0,1.0,1970.0,9.0,1.0,민간,,1.0,3.0,1.4,2.5,2.8,3.5,1.0
3.0,3.0,4.0,4.0,4.0,3.0,4.0,4.0,4.0,5.0,5.0,5.0,4.0,4.0,4.0,4.0,5.0,4.0,4.0,5.0,5.0,4.0,5.0,4.0,5.0,4.0,4.0,4.0,4.0,2.0,1981.0,1.0,1.0,민간,,1.0,3.5,4.4,4.25,4.4,4.5,4.2
3.0,3.0,3.0,3.0,3.0,3.0,3.0,3.0,3.0,3.0,3.0,3.0,3.0,3.0,3.0,3.0,2.0,3.0,3.0,3.0,4.0,3.0,3.0,3.0,3.0,3.0,3.0,3.0,3.0,1.0,1981.0,10.0,1.0,민간,,1.0,3.0,3.0,3.0,2.8,3.25,3.0
4.0,3.0,3.0,4.0,4.0,3.0,2.0,1.0,3.0,3.0,2.0,3.0,4.0,3.0,4.0,2.0,2.0,3.0,2.0,3.0,4.0,5.0,4.0,4.0,3.0,4.0,4.0,2.0,4.0,2.0,1970.0,1.0,1.0,민간,,1.0,3.5,2.2,3.5,2.4,4.25,3.4
3.0,4.0,4.0,5.0,4.0,5.0,1.0,1.0,1.0,1.0,4.0,3.0,3.0,3.0,3.0,1.0,1.0,2.0,1.0,1.0,1.0,4.0,4.0,4.0,1.0,1.0,2.0,2.0,2.0,2.0,1970.0,1.0,1.0,민간,,1.0,4.166666666666667,1.6,3.0,1.2,3.25,1.6
2.0,2.0,2.0,2.0,2.0,2.0,1.0,2.0,1.0,2.0,1.0,1.0,2.0,2.0,2.0,2.0,2.0,2.0,2.0,2.0,3.0,3.0,3.0,3.0,3.0,3.0,3.0,3.0,3.0,2.0,1980.0,9.0,1.0,민간,,1.0,2.0,1.4,1.75,2.0,3.0,3.0
2.0,2.0,2.0,4.0,3.0,4.0,4.0,3.0,4.0,4.0,3.0,4.0,5.0,4.0,4.0,4.0,4.0,5.0,4.0,5.0,4.0,4.0,5.0,4.0,2.0,4.0,3.0,3.0,2.0,1.0,1996.0,1.0,1.0,민간,,1.0,2.8333333333333335,3.6,4.25,4.4,4.25,2.8
4.0,4.0,4.0,4.0,4.0,3.0,4.0,4.0,2.0,2.0,3.0,3.0,4.0,4.0,3.0,3.0,4.0,4.0,3.0,3.0,3.0,3.0,3.0,4.0,3.0,4.0,3.0,3.0,4.0,2.0,1996.0,1.0,1.0,민간,,1.0,3.8333333333333335,3.0,3.5,3.4,3.25,3.4
4.0,3.0,1.0,5.0,3.0,4.0,2.0,2.0,2.0,2.0,2.0,2.0,3.0,2.0,2.0,3.0,2.0,2.0,2.0,2.0,1.0,3.0,3.0,3.0,4.0,3.0,3.0,3.0,2.0,2.0,1997.0,4.0,1.0,민간,,1.0,3.3333333333333335,2.0,2.25,2.2,2.5,3.0
4.0,4.0,5.0,5.0,5.0,4.0,3.0,4.0,4.0,4.0,5.0,5.0,5.0,5.0,3.0,5.0,5.0,4.0,5.0,5.0,4.0,4.0,5.0,5.0,3.0,4.0,4.0,5.0,5.0,1.0,1998.0,9.0,1.0,민간,,1.0,4.5,4.0,4.5,4.8,4.5,4.2
4.0,4.0,3.0,4.0,4.0,5.0,4.0,4.0,5.0,5.0,5.0,4.0,4.0,5.0,5.0,4.0,5.0,5.0,5.0,4.0,4.0,5.0,5.0,5.0,2.0,4.0,4.0,2.0,4.0,1.0,1981.0,9.0,1.0,민간,,1.0,4.0,4.6,4.5,4.6,4.75,3.2
1.0,1.0,1.0,5.0,3.0,4.0,5.0,5.0,5.0,4.0,4.0,5.0,3.0,3.0,4.0,5.0,4.0,4.0,5.0,5.0,1.0,2.0,2.0,2.0,4.0,4.0,4.0,2.0,4.0,1.0,1984.0,1.0,1.0,민간,,1.0,2.5,4.6,3.75,4.6,1.75,3.6
2.0,2.0,2.0,2.0,2.0,4.0,2.0,1.0,3.0,3.0,2.0,3.0,4.0,3.0,3.0,1.0,1.0,3.0,1.0,1.0,3.0,2.0,3.0,4.0,2.0,2.0,3.0,3.0,3.0,1.0,1985.0,9.0,1.0,민간,,1.0,2.3333333333333335,2.2,3.25,1.4,3.0,2.6
2.0,2.0,2.0,2.0,3.0,2.0,3.0,3.0,4.0,3.0,3.0,4.0,3.0,3.0,3.0,4.0,3.0,3.0,4.0,3.0,4.0,3.0,4.0,4.0,2.0,2.0,3.0,3.0,2.0,1.0,1969.0,9.0,1.0,민간,,1.0,2.1666666666666665,3.2,3.25,3.4,3.75,2.4
2.0,1.0,2.0,4.0,5.0,1.0,5.0,4.0,5.0,3.0,5.0,4.0,5.0,5.0,3.0,5.0,4.0,5.0,5.0,3.0,4.0,3.0,3.0,5.0,2.0,4.0,3.0,5.0,3.0,2.0,1984.0,1.0,1.0,민간,,1.0,2.5,4.4,4.25,4.4,3.75,3.4
4.0,3.0,2.0,4.0,3.0,4.0,3.0,3.0,3.0,3.0,3.0,3.0,4.0,4.0,3.0,3.0,4.0,4.0,4.0,3.0,3.0,3.0,3.0,3.0,3.0,4.0,3.0,3.0,3.0,1.0,1977.0,2.0,1.0,민간,,1.0,3.3333333333333335,3.0,3.5,3.6,3.0,3.2
5.0,3.0,4.0,5.0,5.0,5.0,4.0,3.0,4.0,4.0,4.0,4.0,4.0,3.0,3.0,4.0,5.0,4.0,4.0,4.0,5.0,4.0,4.0,4.0,2.0,3.0,4.0,1.0,2.0,1.0,1975.0,1.0,1.0,민간,,1.0,4.5,3.8,3.5,4.2,4.25,2.4
4.0,4.0,3.0,4.0,5.0,3.0,4.0,4.0,5.0,4.0,4.0,5.0,4.0,4.0,5.0,4.0,3.0,4.0,4.0,3.0,4.0,5.0,4.0,4.0,4.0,5.0,3.0,4.0,4.0,1.0,1980.0,15.0,1.0,민간,,1.0,3.8333333333333335,4.2,4.5,3.6,4.25,4.0
2.0,3.0,3.0,3.0,3.0,3.0,3.0,3.0,4.0,4.0,4.0,4.0,4.0,3.0,4.0,3.0,4.0,4.0,4.0,5.0,3.0,2.0,4.0,4.0,4.0,2.0,3.0,4.0,4.0,2.0,1985.0,1.0,1.0,민간,,1.0,2.8333333333333335,3.6,3.75,4.0,3.25,3.4
4.0,3.0,5.0,5.0,4.0,4.0,4.0,5.0,3.0,3.0,4.0,4.0,3.0,4.0,4.0,4.0,3.0,5.0,4.0,3.0,4.0,3.0,3.0,4.0,4.0,5.0,3.0,4.0,4.0,2.0,1980.0,1.0,1.0,민간,,1.0,4.166666666666667,3.8,3.75,3.8,3.5,4.0
4.0,4.0,4.0,3.0,4.0,5.0,3.0,4.0,4.0,4.0,5.0,4.0,5.0,4.0,4.0,4.0,4.0,4.0,3.0,3.0,4.0,4.0,4.0,3.0,2.0,2.0,3.0,2.0,2.0,2.0,1963.0,9.0,1.0,민간,,1.0,4.0,4.0,4.25,3.6,3.75,2.2
4.0,3.0,3.0,4.0,4.0,4.0,2.0,3.0,4.0,4.0,4.0,4.0,4.0,4.0,3.0,4.0,4.0,4.0,3.0,4.0,4.0,4.0,4.0,3.0,2.0,2.0,3.0,3.0,2.0,1.0,1966.0,9.0,1.0,민간,,1.0,3.6666666666666665,3.4,3.75,3.8,3.75,2.4
5.0,4.0,5.0,5.0,5.0,5.0,3.0,3.0,4.0,3.0,3.0,3.0,3.0,3.0,3.0,2.0,3.0,3.0,3.0,3.0,5.0,4.0,4.0,4.0,5.0,5.0,5.0,3.0,5.0,1.0,1964.0,9.0,1.0,민간,,1.0,4.833333333333333,3.2,3.0,2.8,4.25,4.6
2.0,3.0,3.0,5.0,4.0,2.0,5.0,4.0,4.0,5.0,4.0,5.0,3.0,4.0,4.0,4.0,5.0,5.0,4.0,4.0,4.0,5.0,4.0,5.0,4.0,3.0,5.0,4.0,5.0,1.0,1981.0,2.0,1.0,민간,,1.0,3.1666666666666665,4.4,4.0,4.4,4.5,4.2
4.0,5.0,3.0,4.0,3.0,5.0,4.0,3.0,5.0,4.0,5.0,3.0,4.0,4.0,5.0,4.0,5.0,4.0,5.0,4.0,4.0,5.0,4.0,5.0,4.0,3.0,5.0,4.0,5.0,1.0,1983.0,2.0,1.0,민간,,1.0,4.0,4.2,4.0,4.4,4.5,4.2
2.0,3.0,3.0,2.0,3.0,3.0,4.0,2.0,3.0,3.0,3.0,2.0,3.0,3.0,3.0,3.0,2.0,3.0,2.0,3.0,4.0,3.0,3.0,3.0,4.0,3.0,4.0,3.0,3.0,2.0,1976.0,2.0,1.0,민간,,1.0,2.6666666666666665,3.0,2.75,2.6,3.25,3.4
4.0,3.0,4.0,4.0,4.0,5.0,4.0,5.0,4.0,4.0,3.0,3.0,3.0,4.0,5.0,4.0,3.0,4.0,5.0,5.0,4.0,3.0,5.0,5.0,4.0,3.0,4.0,5.0,5.0,1.0,1994.0,1.0,1.0,민간,,1.0,4.0,4.0,3.75,4.2,4.25,4.2
5.0,4.0,5.0,4.0,4.0,5.0,4.0,5.0,4.0,4.0,4.0,5.0,5.0,4.0,3.0,5.0,4.0,4.0,5.0,4.0,4.0,4.0,5.0,4.0,4.0,5.0,4.0,4.0,5.0,2.0,1960.0,1.0,1.0,민간,,1.0,4.5,4.2,4.25,4.4,4.25,4.4
4.0,4.0,4.0,3.0,3.0,4.0,4.0,3.0,4.0,4.0,4.0,4.0,4.0,4.0,4.0,3.0,3.0,3.0,2.0,3.0,5.0,5.0,4.0,4.0,3.0,3.0,3.0,3.0,3.0,2.0,1975.0,9.0,1.0,민간,,1.0,3.6666666666666665,3.8,4.0,2.8,4.5,3.0
4.0,3.0,4.0,4.0,4.0,3.0,4.0,5.0,4.0,4.0,5.0,4.0,5.0,4.0,5.0,4.0,3.0,5.0,4.0,3.0,3.0,5.0,4.0,4.0,4.0,5.0,5.0,4.0,4.0,1.0,1985.0,1.0,1.0,민간,,1.0,3.6666666666666665,4.4,4.5,3.8,4.0,4.4
2.0,2.0,1.0,3.0,2.0,3.0,2.0,2.0,2.0,2.0,2.0,3.0,3.0,1.0,3.0,3.0,4.0,3.0,1.0,3.0,4.0,3.0,2.0,2.0,1.0,1.0,3.0,2.0,1.0,2.0,1997.0,9.0,1.0,민간,,1.0,2.1666666666666665,2.0,2.5,2.8,2.75,1.6
4.0,4.0,2.0,4.0,5.0,5.0,2.0,2.0,3.0,3.0,3.0,4.0,5.0,5.0,5.0,2.0,3.0,3.0,3.0,2.0,5.0,5.0,4.0,4.0,2.0,2.0,3.0,4.0,1.0,2.0,1992.0,9.0,1.0,민간,,1.0,4.0,2.6,4.75,2.6,4.5,2.4
2.0,5.0,4.0,5.0,5.0,5.0,2.0,4.0,5.0,5.0,5.0,5.0,4.0,4.0,4.0,4.0,5.0,4.0,3.0,4.0,5.0,5.0,5.0,5.0,2.0,4.0,3.0,4.0,2.0,2.0,1982.0,1.0,1.0,민간,,1.0,4.333333333333333,4.2,4.25,4.0,5.0,3.0
3.0,4.0,1.0,4.0,4.0,4.0,1.0,1.0,4.0,3.0,3.0,5.0,5.0,5.0,5.0,1.0,1.0,1.0,1.0,1.0,5.0,5.0,5.0,5.0,2.0,3.0,4.0,1.0,1.0,2.0,1981.0,9.0,1.0,민간,,1.0,3.3333333333333335,2.4,5.0,1.0,5.0,2.2
5.0,3.0,5.0,5.0,5.0,3.0,4.0,5.0,5.0,3.0,4.0,4.0,5.0,5.0,5.0,4.0,5.0,4.0,4.0,4.0,4.0,4.0,4.0,4.0,4.0,4.0,4.0,3.0,2.0,2.0,1987.0,9.0,1.0,민간,,1.0,4.333333333333333,4.2,4.75,4.2,4.0,3.4
1.0,2.0,1.0,2.0,1.0,4.0,1.0,1.0,1.0,1.0,1.0,4.0,5.0,5.0,4.0,1.0,4.0,1.0,2.0,3.0,5.0,5.0,5.0,5.0,5.0,5.0,5.0,5.0,4.0,2.0,1985.0,1.0,1.0,민간,,1.0,1.8333333333333333,1.0,4.5,2.2,5.0,4.8
3.0,3.0,2.0,4.0,4.0,3.0,3.0,3.0,4.0,4.0,4.0,4.0,4.0,4.0,4.0,5.0,3.0,3.0,2.0,3.0,5.0,5.0,4.0,5.0,1.0,3.0,3.0,3.0,1.0,2.0,1991.0,1.0,1.0,민간,,1.0,3.1666666666666665,3.6,4.0,3.2,4.75,2.2
4.0,3.0,5.0,3.0,3.0,5.0,1.0,1.0,1.0,1.0,1.0,1.0,3.0,3.0,2.0,1.0,1.0,1.0,1.0,1.0,5.0,3.0,4.0,4.0,4.0,3.0,3.0,3.0,3.0,2.0,1980.0,9.0,1.0,민간,,1.0,3.8333333333333335,1.0,2.25,1.0,4.0,3.2
4.0,4.0,4.0,4.0,4.0,5.0,1.0,1.0,1.0,1.0,2.0,5.0,5.0,5.0,5.0,2.0,2.0,3.0,4.0,2.0,5.0,4.0,4.0,4.0,4.0,4.0,4.0,4.0,3.0,2.0,1981.0,9.0,1.0,민간,,1.0,4.166666666666667,1.2,5.0,2.6,4.25,3.8
2.0,2.0,3.0,3.0,3.0,2.0,3.0,4.0,3.0,4.0,3.0,4.0,3.0,4.0,3.0,3.0,3.0,3.0,4.0,3.0,3.0,3.0,4.0,3.0,3.0,4.0,3.0,3.0,3.0,1.0,1986.0,1.0,1.0,민간,,1.0,2.5,3.4,3.5,3.2,3.25,3.2
1.0,1.0,1.0,1.0,1.0,1.0,3.0,2.0,4.0,3.0,3.0,2.0,2.0,3.0,3.0,3.0,3.0,2.0,2.0,2.0,4.0,4.0,3.0,3.0,1.0,1.0,1.0,2.0,2.0,1.0,1973.0,2.0,1.0,민간,,1.0,1.0,3.0,2.5,2.4,3.5,1.4
3.0,1.0,3.0,4.0,3.0,5.0,2.0,2.0,4.0,2.0,3.0,3.0,4.0,5.0,3.0,1.0,3.0,2.0,3.0,1.0,3.0,3.0,4.0,4.0,2.0,2.0,2.0,2.0,1.0,2.0,1978.0,1.0,1.0,민간,,1.0,3.1666666666666665,2.6,3.75,2.0,3.5,1.8
5.0,3.0,4.0,5.0,4.0,3.0,3.0,4.0,3.0,4.0,3.0,3.0,3.0,4.0,3.0,4.0,4.0,4.0,3.0,4.0,3.0,4.0,3.0,3.0,1.0,1.0,2.0,3.0,2.0,2.0,1969.0,9.0,1.0,민간,,1.0,4.0,3.4,3.25,3.8,3.25,1.8
4.0,3.0,3.0,4.0,4.0,4.0,2.0,3.0,3.0,3.0,3.0,4.0,2.0,3.0,3.0,3.0,4.0,3.0,3.0,3.0,4.0,4.0,3.0,3.0,4.0,4.0,3.0,3.0,3.0,1.0,1963.0,1.0,1.0,민간,,1.0,3.6666666666666665,2.8,3.0,3.2,3.5,3.4
4.0,3.0,4.0,4.0,3.0,4.0,4.0,3.0,4.0,4.0,3.0,4.0,3.0,4.0,3.0,4.0,3.0,3.0,4.0,3.0,4.0,3.0,3.0,4.0,4.0,3.0,4.0,3.0,4.0,1.0,1963.0,1.0,1.0,민간,,1.0,3.6666666666666665,3.6,3.5,3.4,3.5,3.6
2.0,1.0,3.0,3.0,1.0,1.0,1.0,2.0,1.0,1.0,1.0,1.0,2.0,2.0,1.0,2.0,1.0,1.0,2.0,2.0,1.0,1.0,1.0,1.0,1.0,1.0,1.0,1.0,1.0,1.0,1972.0,9.0,1.0,민간,,1.0,1.8333333333333333,1.2,1.5,1.6,1.0,1.0
3.0,3.0,3.0,4.0,3.0,4.0,3.0,3.0,2.0,2.0,2.0,2.0,2.0,2.0,2.0,2.0,3.0,3.0,2.0,3.0,4.0,4.0,3.0,4.0,3.0,3.0,2.0,2.0,2.0,1.0,1964.0,16.0,1.0,민간,,1.0,3.3333333333333335,2.4,2.0,2.6,3.75,2.4
2.0,3.0,4.0,4.0,3.0,4.0,1.0,1.0,1.0,1.0,1.0,2.0,4.0,3.0,2.0,2.0,2.0,2.0,2.0,2.0,4.0,4.0,4.0,3.0,3.0,3.0,3.0,3.0,3.0,1.0,1972.0,13.0,1.0,민간,,1.0,3.3333333333333335,1.0,2.75,2.0,3.75,3.0
4.0,5.0,2.0,3.0,4.0,5.0,4.0,3.0,3.0,3.0,3.0,3.0,3.0,3.0,3.0,3.0,3.0,3.0,4.0,3.0,4.0,4.0,4.0,3.0,2.0,1.0,1.0,2.0,1.0,2.0,1980.0,1.0,1.0,민간,,1.0,3.8333333333333335,3.2,3.0,3.2,3.75,1.4
4.0,4.0,4.0,3.0,4.0,5.0,2.0,3.0,3.0,3.0,2.0,3.0,3.0,2.0,3.0,2.0,3.0,2.0,2.0,3.0,4.0,3.0,4.0,3.0,3.0,3.0,2.0,3.0,2.0,2.0,1972.0,1.0,1.0,민간,,1.0,4.0,2.6,2.75,2.4,3.5,2.6
3.0,3.0,4.0,3.0,3.0,4.0,2.0,2.0,3.0,2.0,2.0,2.0,3.0,3.0,2.0,3.0,3.0,2.0,3.0,2.0,4.0,3.0,3.0,3.0,1.0,2.0,3.0,4.0,3.0,1.0,1980.0,9.0,1.0,민간,,1.0,3.3333333333333335,2.2,2.5,2.6,3.25,2.6
3.0,2.0,2.0,3.0,3.0,3.0,3.0,3.0,3.0,3.0,4.0,3.0,4.0,4.0,4.0,4.0,4.0,3.0,3.0,3.0,4.0,3.0,3.0,3.0,2.0,2.0,2.0,2.0,2.0,2.0,1978.0,1.0,1.0,민간,,1.0,2.6666666666666665,3.2,3.75,3.4,3.25,2.0
2.0,2.0,4.0,3.0,3.0,4.0,2.0,2.0,3.0,3.0,2.0,4.0,4.0,3.0,3.0,1.0,2.0,1.0,2.0,1.0,5.0,4.0,3.0,4.0,2.0,2.0,3.0,3.0,1.0,2.0,1982.0,1.0,1.0,민간,,1.0,3.0,2.4,3.5,1.4,4.0,2.2
4.0,3.0,4.0,4.0,4.0,3.0,5.0,5.0,5.0,5.0,5.0,5.0,5.0,4.0,4.0,5.0,5.0,4.0,5.0,4.0,5.0,5.0,5.0,5.0,4.0,4.0,4.0,4.0,3.0,1.0,1972.0,2.0,1.0,민간,,1.0,3.6666666666666665,5.0,4.5,4.6,5.0,3.8
3.0,2.0,3.0,3.0,2.0,3.0,3.0,3.0,2.0,3.0,3.0,2.0,2.0,3.0,3.0,3.0,2.0,3.0,2.0,3.0,3.0,3.0,2.0,3.0,3.0,3.0,3.0,2.0,3.0,2.0,1983.0,10.0,1.0,민간,,1.0,2.6666666666666665,2.8,2.5,2.6,2.75,2.8
2.0,3.0,5.0,4.0,3.0,3.0,2.0,3.0,3.0,3.0,3.0,3.0,3.0,3.0,3.0,3.0,3.0,2.0,2.0,2.0,5.0,4.0,4.0,4.0,2.0,2.0,4.0,1.0,3.0,1.0,1997.0,1.0,1.0,민간,,1.0,3.3333333333333335,2.8,3.0,2.4,4.25,2.4
1.0,1.0,1.0,1.0,1.0,1.0,1.0,1.0,1.0,1.0,1.0,1.0,1.0,1.0,1.0,1.0,1.0,1.0,1.0,1.0,4.0,3.0,1.0,1.0,1.0,1.0,1.0,1.0,1.0,1.0,1995.0,9.0,1.0,민간,,1.0,1.0,1.0,1.0,1.0,2.25,1.0
4.0,4.0,5.0,4.0,4.0,3.0,3.0,3.0,3.0,2.0,2.0,4.0,5.0,4.0,4.0,2.0,2.0,2.0,3.0,2.0,4.0,4.0,4.0,4.0,1.0,3.0,2.0,2.0,1.0,2.0,1980.0,1.0,1.0,민간,,1.0,4.0,2.6,4.25,2.2,4.0,1.8
4.0,4.0,3.0,4.0,4.0,4.0,3.0,3.0,2.0,3.0,3.0,4.0,4.0,4.0,4.0,4.0,4.0,4.0,4.0,4.0,3.0,4.0,4.0,4.0,3.0,2.0,2.0,3.0,2.0,2.0,1978.0,4.0,1.0,민간,,1.0,3.8333333333333335,2.8,4.0,4.0,3.75,2.4
4.0,3.0,4.0,4.0,4.0,4.0,4.0,3.0,4.0,4.0,3.0,4.0,3.0,3.0,3.0,4.0,3.0,4.0,4.0,3.0,3.0,4.0,4.0,3.0,4.0,4.0,3.0,4.0,3.0,2.0,1976.0,3.0,1.0,민간,,1.0,3.8333333333333335,3.6,3.25,3.6,3.5,3.6
3.0,4.0,2.0,4.0,4.0,3.0,4.0,3.0,3.0,4.0,3.0,3.0,3.0,4.0,3.0,3.0,4.0,3.0,3.0,4.0,4.0,3.0,3.0,3.0,3.0,3.0,4.0,3.0,3.0,1.0,1988.0,17.0,1.0,민간,,1.0,3.3333333333333335,3.4,3.25,3.4,3.25,3.2
5.0,4.0,4.0,4.0,5.0,5.0,4.0,4.0,5.0,5.0,5.0,4.0,4.0,5.0,5.0,4.0,4.0,5.0,5.0,5.0,4.0,4.0,5.0,5.0,5.0,4.0,4.0,4.0,5.0,1.0,1986.0,1.0,1.0,민간,,1.0,4.5,4.6,4.5,4.6,4.5,4.4
4.0,5.0,2.0,4.0,4.0,5.0,4.0,3.0,4.0,4.0,4.0,3.0,4.0,3.0,4.0,4.0,4.0,3.0,3.0,3.0,4.0,3.0,3.0,3.0,1.0,1.0,1.0,2.0,1.0,2.0,1984.0,9.0,1.0,민간,,1.0,4.0,3.8,3.5,3.4,3.25,1.2
2.0,4.0,3.0,2.0,4.0,3.0,1.0,1.0,1.0,1.0,2.0,2.0,3.0,3.0,1.0,1.0,1.0,1.0,1.0,1.0,3.0,3.0,4.0,3.0,4.0,4.0,4.0,4.0,3.0,2.0,1985.0,1.0,1.0,민간,,1.0,3.0,1.2,2.25,1.0,3.25,3.8
3.0,4.0,4.0,4.0,3.0,4.0,3.0,4.0,3.0,4.0,3.0,4.0,4.0,3.0,3.0,4.0,4.0,4.0,4.0,3.0,4.0,4.0,4.0,4.0,4.0,4.0,4.0,4.0,3.0,1.0,1987.0,1.0,1.0,민간,,1.0,3.6666666666666665,3.4,3.5,3.8,4.0,3.8
4.0,3.0,3.0,4.0,4.0,4.0,2.0,3.0,3.0,3.0,2.0,3.0,4.0,3.0,3.0,3.0,4.0,3.0,2.0,3.0,3.0,3.0,3.0,4.0,3.0,4.0,3.0,3.0,3.0,1.0,1977.0,9.0,1.0,민간,,1.0,3.6666666666666665,2.6,3.25,3.0,3.25,3.2
4.0,3.0,3.0,4.0,4.0,4.0,2.0,3.0,2.0,3.0,3.0,3.0,3.0,2.0,2.0,3.0,3.0,4.0,3.0,3.0,3.0,4.0,4.0,4.0,2.0,2.0,4.0,4.0,2.0,2.0,1975.0,1.0,1.0,민간,,1.0,3.6666666666666665,2.6,2.5,3.2,3.75,2.8
3.0,3.0,2.0,4.0,3.0,4.0,2.0,3.0,3.0,3.0,3.0,3.0,3.0,4.0,4.0,3.0,3.0,3.0,3.0,3.0,4.0,4.0,4.0,4.0,3.0,2.0,3.0,3.0,2.0,2.0,1983.0,4.0,1.0,민간,,1.0,3.1666666666666665,2.8,3.5,3.0,4.0,2.6
4.0,2.0,4.0,3.0,3.0,4.0,3.0,2.0,3.0,4.0,3.0,2.0,4.0,4.0,3.0,4.0,3.0,4.0,5.0,4.0,3.0,4.0,2.0,3.0,4.0,5.0,4.0,3.0,5.0,2.0,1990.0,1.0,1.0,민간,,1.0,3.3333333333333335,3.0,3.25,4.0,3.0,4.2
4.0,4.0,5.0,4.0,4.0,3.0,3.0,4.0,4.0,4.0,4.0,5.0,4.0,4.0,4.0,4.0,5.0,4.0,4.0,4.0,4.0,4.0,5.0,4.0,3.0,4.0,4.0,4.0,2.0,1.0,1971.0,15.0,1.0,민간,,1.0,4.0,3.8,4.25,4.2,4.25,3.4
4.0,3.0,3.0,3.0,4.0,3.0,3.0,3.0,4.0,4.0,3.0,2.0,4.0,2.0,3.0,4.0,4.0,4.0,3.0,4.0,3.0,4.0,4.0,4.0,4.0,4.0,4.0,2.0,3.0,1.0,1984.0,3.0,1.0,민간,,1.0,3.3333333333333335,3.4,2.75,3.8,3.75,3.4
3.0,3.0,4.0,3.0,4.0,4.0,3.0,3.0,4.0,3.0,3.0,3.0,3.0,4.0,3.0,3.0,3.0,4.0,4.0,4.0,4.0,4.0,4.0,3.0,4.0,3.0,4.0,3.0,3.0,1.0,1974.0,11.0,1.0,민간,,1.0,3.5,3.2,3.25,3.6,3.75,3.4
5.0,4.0,4.0,5.0,5.0,4.0,4.0,4.0,3.0,3.0,4.0,4.0,4.0,3.0,4.0,5.0,4.0,4.0,4.0,4.0,4.0,4.0,4.0,4.0,2.0,3.0,3.0,3.0,3.0,1.0,1966.0,1.0,1.0,민간,,1.0,4.5,3.6,3.75,4.2,4.0,2.8
4.0,2.0,2.0,3.0,3.0,3.0,3.0,3.0,3.0,3.0,3.0,4.0,4.0,4.0,4.0,4.0,4.0,3.0,3.0,3.0,4.0,4.0,4.0,2.0,3.0,3.0,3.0,4.0,3.0,1.0,1982.0,9.0,1.0,민간,,1.0,2.8333333333333335,3.0,4.0,3.4,3.5,3.2
1.0,3.0,4.0,4.0,4.0,2.0,3.0,4.0,3.0,4.0,4.0,4.0,4.0,4.0,4.0,3.0,4.0,4.0,4.0,4.0,4.0,4.0,5.0,5.0,3.0,3.0,2.0,2.0,4.0,2.0,1970.0,3.0,1.0,민간,,1.0,3.0,3.6,4.0,3.8,4.5,2.8
3.0,2.0,2.0,4.0,4.0,3.0,3.0,2.0,4.0,3.0,3.0,2.0,2.0,3.0,2.0,3.0,2.0,4.0,3.0,4.0,3.0,3.0,2.0,4.0,3.0,2.0,4.0,3.0,3.0,1.0,1989.0,6.0,1.0,민간,,1.0,3.0,3.0,2.25,3.2,3.0,3.0
3.0,3.0,3.0,3.0,3.0,2.0,3.0,3.0,4.0,2.0,3.0,3.0,4.0,3.0,3.0,3.0,4.0,3.0,3.0,4.0,4.0,4.0,4.0,4.0,4.0,3.0,4.0,4.0,4.0,1.0,1990.0,9.0,1.0,민간,,1.0,2.8333333333333335,3.0,3.25,3.4,4.0,3.8
4.0,3.0,3.0,5.0,4.0,3.0,4.0,3.0,3.0,4.0,3.0,3.0,5.0,4.0,4.0,4.0,5.0,3.0,3.0,4.0,2.0,3.0,3.0,2.0,3.0,2.0,2.0,1.0,4.0,1.0,1978.0,9.0,1.0,민간,,1.0,3.6666666666666665,3.4,4.0,3.8,2.5,2.4
2.0,4.0,3.0,4.0,4.0,2.0,4.0,3.0,5.0,4.0,5.0,3.0,4.0,3.0,5.0,4.0,5.0,3.0,4.0,4.0,4.0,5.0,3.0,4.0,4.0,5.0,3.0,4.0,4.0,2.0,1988.0,2.0,1.0,민간,,1.0,3.1666666666666665,4.2,3.75,4.0,4.0,4.0
4.0,3.0,4.0,5.0,4.0,4.0,4.0,4.0,4.0,4.0,5.0,5.0,4.0,4.0,4.0,4.0,5.0,4.0,5.0,4.0,4.0,4.0,4.0,4.0,3.0,4.0,4.0,3.0,2.0,1.0,1962.0,9.0,1.0,민간,,1.0,4.0,4.2,4.25,4.4,4.0,3.2
5.0,4.0,4.0,5.0,4.0,4.0,4.0,4.0,5.0,5.0,5.0,4.0,5.0,4.0,5.0,4.0,4.0,4.0,5.0,5.0,5.0,5.0,4.0,4.0,1.0,1.0,3.0,3.0,1.0,2.0,1965.0,3.0,1.0,민간,,1.0,4.333333333333333,4.6,4.5,4.4,4.5,1.8
4.0,3.0,4.0,5.0,4.0,4.0,3.0,2.0,3.0,3.0,4.0,3.0,3.0,3.0,3.0,4.0,3.0,3.0,4.0,3.0,4.0,4.0,4.0,3.0,4.0,3.0,3.0,2.0,3.0,1.0,1979.0,1.0,1.0,민간,,1.0,4.0,3.0,3.0,3.4,3.75,3.0
2.0,2.0,2.0,2.0,3.0,2.0,2.0,1.0,1.0,1.0,2.0,2.0,2.0,2.0,1.0,1.0,3.0,1.0,1.0,2.0,1.0,2.0,1.0,1.0,1.0,2.0,1.0,1.0,2.0,1.0,1984.0,2.0,1.0,민간,,1.0,2.1666666666666665,1.4,1.75,1.6,1.25,1.4
3.0,3.0,2.0,3.0,3.0,3.0,3.0,1.0,3.0,3.0,3.0,3.0,3.0,3.0,3.0,3.0,3.0,3.0,3.0,3.0,3.0,3.0,3.0,3.0,2.0,2.0,3.0,3.0,3.0,2.0,1978.0,1.0,1.0,민간,,1.0,2.8333333333333335,2.6,3.0,3.0,3.0,2.6
3.0,4.0,2.0,3.0,4.0,4.0,3.0,3.0,4.0,3.0,3.0,3.0,4.0,3.0,3.0,4.0,3.0,3.0,3.0,4.0,3.0,3.0,4.0,4.0,3.0,3.0,4.0,4.0,3.0,1.0,1972.0,1.0,1.0,민간,,1.0,3.3333333333333335,3.2,3.25,3.4,3.5,3.4
4.0,3.0,3.0,5.0,4.0,4.0,3.0,3.0,3.0,3.0,3.0,3.0,3.0,3.0,3.0,3.0,4.0,3.0,3.0,4.0,3.0,3.0,3.0,3.0,3.0,3.0,3.0,3.0,3.0,2.0,1987.0,5.0,1.0,민간,,1.0,3.8333333333333335,3.0,3.0,3.4,3.0,3.0
4.0,4.0,5.0,4.0,5.0,4.0,4.0,3.0,4.0,5.0,3.0,3.0,4.0,4.0,5.0,3.0,3.0,4.0,3.0,5.0,5.0,4.0,4.0,4.0,2.0,1.0,2.0,1.0,1.0,1.0,1966.0,11.0,1.0,민간,,1.0,4.333333333333333,3.8,4.0,3.6,4.25,1.4
1.0,1.0,1.0,1.0,1.0,1.0,1.0,1.0,1.0,2.0,1.0,1.0,1.0,1.0,1.0,2.0,1.0,1.0,1.0,1.0,5.0,5.0,5.0,5.0,2.0,2.0,2.0,4.0,2.0,2.0,1992.0,6.0,1.0,민간,,1.0,1.0,1.2,1.0,1.2,5.0,2.4
2.0,3.0,3.0,4.0,4.0,2.0,4.0,5.0,5.0,3.0,5.0,4.0,4.0,5.0,5.0,5.0,4.0,5.0,3.0,5.0,5.0,4.0,5.0,3.0,2.0,1.0,1.0,2.0,1.0,2.0,1983.0,1.0,1.0,민간,,1.0,3.0,4.4,4.5,4.4,4.25,1.4
3.0,3.0,3.0,5.0,4.0,5.0,3.0,3.0,3.0,3.0,3.0,3.0,3.0,3.0,3.0,3.0,3.0,3.0,3.0,3.0,3.0,3.0,4.0,3.0,2.0,2.0,3.0,2.0,2.0,2.0,1981.0,9.0,1.0,민간,,1.0,3.8333333333333335,3.0,3.0,3.0,3.25,2.2
2.0,3.0,3.0,3.0,3.0,2.0,4.0,3.0,3.0,4.0,3.0,4.0,4.0,4.0,3.0,4.0,4.0,3.0,4.0,4.0,4.0,4.0,4.0,4.0,4.0,4.0,4.0,3.0,3.0,2.0,1977.0,9.0,1.0,민간,,1.0,2.6666666666666665,3.4,3.75,3.8,4.0,3.6
4.0,3.0,5.0,4.0,3.0,5.0,2.0,2.0,2.0,2.0,3.0,2.0,3.0,3.0,3.0,3.0,3.0,2.0,2.0,2.0,4.0,5.0,4.0,5.0,3.0,2.0,3.0,4.0,2.0,1.0,1961.0,1.0,1.0,민간,,1.0,4.0,2.2,2.75,2.4,4.5,2.8
4.0,4.0,5.0,5.0,5.0,4.0,4.0,5.0,4.0,4.0,5.0,4.0,3.0,4.0,4.0,4.0,5.0,4.0,3.0,4.0,5.0,4.0,4.0,4.0,1.0,1.0,2.0,2.0,2.0,1.0,1967.0,1.0,1.0,민간,,1.0,4.5,4.4,3.75,4.0,4.25,1.6
4.0,4.0,4.0,4.0,4.0,4.0,3.0,3.0,3.0,3.0,3.0,4.0,3.0,4.0,3.0,4.0,4.0,4.0,4.0,4.0,3.0,3.0,4.0,4.0,4.0,4.0,4.0,4.0,3.0,1.0,1967.0,1.0,1.0,민간,,1.0,4.0,3.0,3.5,4.0,3.5,3.8
3.0,4.0,3.0,4.0,4.0,2.0,4.0,4.0,3.0,4.0,2.0,4.0,3.0,4.0,4.0,4.0,3.0,4.0,3.0,4.0,3.0,4.0,3.0,4.0,4.0,3.0,3.0,4.0,3.0,1.0,1993.0,4.0,1.0,민간,,1.0,3.3333333333333335,3.4,3.75,3.6,3.5,3.4
4.0,3.0,3.0,4.0,4.0,2.0,3.0,4.0,4.0,3.0,4.0,4.0,2.0,3.0,3.0,3.0,4.0,4.0,3.0,3.0,4.0,3.0,3.0,4.0,4.0,3.0,3.0,4.0,4.0,2.0,1981.0,1.0,1.0,민간,,1.0,3.3333333333333335,3.6,3.0,3.4,3.5,3.6
1.0,5.0,2.0,4.0,3.0,4.0,2.0,1.0,1.0,1.0,1.0,1.0,1.0,2.0,2.0,1.0,1.0,1.0,2.0,1.0,4.0,4.0,4.0,3.0,3.0,4.0,4.0,2.0,2.0,2.0,1981.0,1.0,1.0,민간,,1.0,3.1666666666666665,1.2,1.5,1.2,3.75,3.0
4.0,2.0,4.0,3.0,4.0,4.0,3.0,3.0,3.0,3.0,3.0,4.0,3.0,3.0,3.0,3.0,3.0,3.0,2.0,3.0,4.0,4.0,4.0,3.0,3.0,3.0,5.0,4.0,3.0,2.0,1961.0,4.0,1.0,민간,,1.0,3.5,3.0,3.25,2.8,3.75,3.6
4.0,4.0,4.0,4.0,4.0,4.0,2.0,2.0,2.0,3.0,2.0,2.0,3.0,3.0,2.0,2.0,2.0,3.0,2.0,2.0,4.0,4.0,4.0,3.0,2.0,3.0,2.0,3.0,2.0,2.0,1988.0,4.0,1.0,민간,,1.0,4.0,2.2,2.5,2.2,3.75,2.4
4.0,4.0,4.0,5.0,5.0,4.0,3.0,4.0,3.0,3.0,4.0,3.0,3.0,4.0,3.0,4.0,5.0,4.0,4.0,5.0,4.0,3.0,4.0,4.0,4.0,3.0,4.0,4.0,3.0,1.0,1970.0,1.0,1.0,민간,,1.0,4.333333333333333,3.4,3.25,4.4,3.75,3.6
4.0,3.0,2.0,4.0,4.0,4.0,4.0,3.0,4.0,4.0,3.0,4.0,5.0,4.0,4.0,4.0,3.0,4.0,4.0,3.0,3.0,4.0,5.0,4.0,4.0,3.0,4.0,3.0,3.0,2.0,1984.0,1.0,1.0,민간,,1.0,3.5,3.6,4.25,3.6,4.0,3.4
3.0,3.0,2.0,4.0,3.0,3.0,3.0,3.0,3.0,4.0,3.0,3.0,3.0,2.0,3.0,3.0,2.0,3.0,3.0,3.0,3.0,2.0,3.0,3.0,3.0,2.0,3.0,3.0,3.0,1.0,1982.0,1.0,1.0,민간,,1.0,3.0,3.2,2.75,2.8,2.75,2.8
4.0,4.0,3.0,5.0,4.0,5.0,2.0,1.0,3.0,5.0,3.0,2.0,4.0,3.0,2.0,2.0,3.0,2.0,2.0,3.0,4.0,4.0,3.0,4.0,2.0,2.0,5.0,4.0,2.0,2.0,1989.0,12.0,1.0,민간,,1.0,4.166666666666667,2.8,2.75,2.4,3.75,3.0
2.0,2.0,2.0,3.0,3.0,4.0,2.0,1.0,2.0,1.0,1.0,2.0,3.0,2.0,1.0,2.0,1.0,1.0,2.0,1.0,2.0,1.0,1.0,3.0,2.0,2.0,1.0,4.0,1.0,1.0,1991.0,4.0,1.0,민간,,1.0,2.6666666666666665,1.4,2.0,1.4,1.75,2.0
4.0,3.0,4.0,4.0,4.0,4.0,4.0,3.0,3.0,4.0,4.0,4.0,3.0,3.0,4.0,4.0,4.0,3.0,4.0,4.0,4.0,5.0,4.0,4.0,3.0,4.0,4.0,3.0,3.0,1.0,1977.0,9.0,1.0,민간,,1.0,3.8333333333333335,3.6,3.5,3.8,4.25,3.4
4.0,3.0,4.0,3.0,3.0,4.0,4.0,4.0,3.0,3.0,4.0,3.0,3.0,3.0,4.0,4.0,3.0,4.0,4.0,3.0,4.0,4.0,3.0,4.0,4.0,3.0,4.0,4.0,4.0,1.0,1980.0,9.0,1.0,민간,,1.0,3.5,3.6,3.25,3.6,3.75,3.8
3.0,4.0,5.0,2.0,4.0,3.0,3.0,5.0,4.0,3.0,4.0,5.0,3.0,4.0,5.0,3.0,4.0,5.0,3.0,2.0,4.0,3.0,4.0,3.0,4.0,3.0,4.0,5.0,2.0,2.0,1980.0,3.0,1.0,민간,,1.0,3.5,3.8,4.25,3.4,3.5,3.6
3.0,4.0,2.0,4.0,4.0,3.0,3.0,3.0,4.0,3.0,3.0,4.0,3.0,3.0,4.0,3.0,4.0,4.0,3.0,3.0,4.0,3.0,3.0,3.0,2.0,2.0,2.0,2.0,2.0,1.0,1983.0,10.0,1.0,민간,,1.0,3.3333333333333335,3.2,3.5,3.4,3.25,2.0
2.0,3.0,2.0,4.0,4.0,3.0,3.0,3.0,3.0,3.0,3.0,3.0,3.0,3.0,3.0,4.0,4.0,4.0,3.0,2.0,3.0,3.0,3.0,3.0,3.0,4.0,3.0,3.0,4.0,1.0,1983.0,9.0,1.0,민간,,1.0,3.0,3.0,3.0,3.4,3.0,3.4
4.0,4.0,3.0,5.0,4.0,4.0,4.0,5.0,4.0,4.0,5.0,4.0,4.0,4.0,5.0,4.0,5.0,4.0,4.0,5.0,4.0,5.0,5.0,4.0,4.0,5.0,4.0,4.0,5.0,1.0,1978.0,9.0,1.0,민간,,1.0,4.0,4.4,4.25,4.4,4.5,4.4
4.0,4.0,5.0,5.0,4.0,4.0,4.0,5.0,5.0,5.0,4.0,4.0,5.0,4.0,4.0,4.0,5.0,5.0,4.0,4.0,4.0,3.0,4.0,5.0,3.0,4.0,5.0,4.0,3.0,2.0,1970.0,1.0,1.0,민간,,1.0,4.333333333333333,4.6,4.25,4.4,4.0,3.8
4.0,3.0,3.0,2.0,4.0,4.0,3.0,3.0,4.0,4.0,3.0,2.0,4.0,3.0,3.0,3.0,3.0,3.0,3.0,3.0,4.0,4.0,4.0,4.0,2.0,3.0,3.0,2.0,2.0,2.0,1991.0,1.0,1.0,민간,,1.0,3.3333333333333335,3.4,3.0,3.0,4.0,2.4
4.0,5.0,4.0,5.0,5.0,4.0,4.0,5.0,4.0,4.0,4.0,5.0,4.0,4.0,5.0,4.0,5.0,4.0,4.0,5.0,4.0,5.0,5.0,4.0,5.0,4.0,4.0,5.0,4.0,2.0,1970.0,1.0,1.0,민간,,1.0,4.5,4.2,4.5,4.4,4.5,4.4
2.0,2.0,2.0,2.0,1.0,4.0,2.0,2.0,3.0,3.0,2.0,1.0,3.0,2.0,4.0,1.0,2.0,2.0,2.0,3.0,4.0,4.0,4.0,4.0,2.0,3.0,2.0,4.0,1.0,2.0,1999.0,1.0,1.0,민간,,1.0,2.1666666666666665,2.4,2.5,2.0,4.0,2.4
4.0,3.0,4.0,5.0,4.0,3.0,3.0,3.0,3.0,3.0,3.0,3.0,3.0,4.0,4.0,4.0,4.0,3.0,3.0,3.0,4.0,3.0,4.0,3.0,3.0,3.0,3.0,3.0,3.0,1.0,1982.0,1.0,1.0,민간,,1.0,3.8333333333333335,3.0,3.5,3.4,3.5,3.0
4.0,2.0,3.0,5.0,4.0,3.0,3.0,4.0,5.0,2.0,3.0,4.0,4.0,3.0,5.0,5.0,4.0,3.0,2.0,4.0,4.0,3.0,2.0,4.0,4.0,5.0,4.0,3.0,2.0,1.0,1980.0,9.0,1.0,민간,,1.0,3.5,3.4,4.0,3.6,3.25,3.6
3.0,3.0,4.0,4.0,3.0,3.0,4.0,3.0,5.0,5.0,5.0,4.0,5.0,4.0,3.0,5.0,4.0,5.0,4.0,5.0,3.0,4.0,4.0,5.0,2.0,3.0,4.0,2.0,2.0,2.0,1988.0,1.0,1.0,민간,,1.0,3.3333333333333335,4.4,4.0,4.6,4.0,2.6
3.0,4.0,4.0,4.0,3.0,5.0,3.0,2.0,3.0,2.0,2.0,3.0,3.0,2.0,2.0,2.0,3.0,1.0,3.0,2.0,4.0,2.0,3.0,3.0,2.0,2.0,2.0,1.0,2.0,1.0,1976.0,9.0,1.0,민간,,1.0,3.8333333333333335,2.4,2.5,2.2,3.0,1.8
1.0,3.0,3.0,2.0,3.0,5.0,2.0,2.0,3.0,3.0,2.0,1.0,4.0,3.0,3.0,3.0,3.0,3.0,3.0,3.0,3.0,3.0,3.0,3.0,2.0,2.0,3.0,3.0,2.0,1.0,1991.0,9.0,1.0,민간,,1.0,2.8333333333333335,2.4,2.75,3.0,3.0,2.4
5.0,3.0,2.0,4.0,4.0,5.0,3.0,4.0,4.0,3.0,3.0,4.0,4.0,3.0,3.0,2.0,3.0,3.0,2.0,1.0,4.0,5.0,5.0,5.0,2.0,2.0,4.0,3.0,1.0,1.0,1980.0,9.0,1.0,민간,,1.0,3.8333333333333335,3.4,3.5,2.2,4.75,2.4
1.0,1.0,1.0,1.0,1.0,1.0,1.0,1.0,1.0,1.0,1.0,1.0,1.0,1.0,3.0,1.0,1.0,1.0,1.0,1.0,3.0,3.0,2.0,1.0,1.0,1.0,1.0,1.0,1.0,1.0,1989.0,1.0,1.0,민간,,1.0,1.0,1.0,1.5,1.0,2.25,1.0
4.0,5.0,5.0,5.0,4.0,4.0,3.0,3.0,4.0,4.0,4.0,3.0,3.0,2.0,3.0,3.0,3.0,2.0,3.0,2.0,5.0,4.0,4.0,4.0,2.0,1.0,3.0,3.0,4.0,2.0,1975.0,5.0,1.0,민간,,1.0,4.5,3.6,2.75,2.6,4.25,2.6
2.0,2.0,2.0,4.0,3.0,3.0,4.0,3.0,4.0,4.0,4.0,4.0,4.0,3.0,3.0,3.0,3.0,2.0,3.0,2.0,4.0,2.0,3.0,3.0,2.0,3.0,4.0,4.0,3.0,2.0,1978.0,9.0,1.0,민간,,1.0,2.6666666666666665,3.8,3.5,2.6,3.0,3.2
4.0,3.0,3.0,4.0,3.0,3.0,4.0,4.0,5.0,4.0,4.0,4.0,4.0,4.0,3.0,4.0,5.0,4.0,4.0,4.0,2.0,3.0,3.0,3.0,3.0,2.0,2.0,3.0,3.0,2.0,1964.0,9.0,1.0,민간,,1.0,3.3333333333333335,4.2,3.75,4.2,2.75,2.6
4.0,5.0,4.0,4.0,4.0,5.0,4.0,5.0,4.0,4.0,5.0,4.0,4.0,5.0,5.0,4.0,5.0,5.0,4.0,4.0,4.0,5.0,5.0,4.0,4.0,4.0,5.0,5.0,4.0,1.0,1988.0,5.0,1.0,민간,,1.0,4.333333333333333,4.4,4.5,4.4,4.5,4.4
4.0,4.0,3.0,4.0,4.0,3.0,4.0,3.0,3.0,3.0,4.0,3.0,3.0,4.0,4.0,3.0,2.0,3.0,4.0,3.0,4.0,3.0,4.0,4.0,3.0,4.0,3.0,3.0,3.0,1.0,1961.0,9.0,1.0,민간,,1.0,3.6666666666666665,3.4,3.5,3.0,3.75,3.2
2.0,3.0,2.0,3.0,3.0,4.0,2.0,2.0,3.0,2.0,3.0,3.0,3.0,3.0,4.0,3.0,3.0,3.0,2.0,2.0,4.0,4.0,5.0,4.0,2.0,2.0,4.0,3.0,3.0,1.0,1981.0,1.0,1.0,민간,,1.0,2.8333333333333335,2.4,3.25,2.6,4.25,2.8
4.0,5.0,3.0,5.0,4.0,4.0,5.0,5.0,5.0,5.0,5.0,5.0,5.0,5.0,5.0,5.0,5.0,5.0,5.0,5.0,4.0,4.0,3.0,4.0,2.0,2.0,2.0,1.0,1.0,1.0,1985.0,9.0,1.0,민간,,1.0,4.166666666666667,5.0,5.0,5.0,3.75,1.6
5.0,5.0,3.0,5.0,5.0,5.0,5.0,5.0,5.0,5.0,3.0,5.0,5.0,5.0,5.0,5.0,5.0,5.0,5.0,5.0,5.0,5.0,5.0,5.0,3.0,1.0,3.0,3.0,3.0,1.0,1978.0,4.0,1.0,민간,,1.0,4.666666666666667,4.6,5.0,5.0,5.0,2.6
4.0,4.0,4.0,4.0,4.0,4.0,3.0,3.0,4.0,3.0,4.0,3.0,3.0,3.0,3.0,4.0,4.0,4.0,4.0,4.0,3.0,3.0,3.0,4.0,2.0,2.0,3.0,2.0,2.0,2.0,1980.0,9.0,1.0,민간,,1.0,4.0,3.4,3.0,4.0,3.25,2.2
4.0,3.0,5.0,4.0,4.0,4.0,4.0,4.0,3.0,3.0,4.0,3.0,3.0,4.0,3.0,3.0,4.0,3.0,3.0,4.0,4.0,4.0,4.0,4.0,3.0,4.0,3.0,3.0,3.0,1.0,1977.0,1.0,1.0,민간,,1.0,4.0,3.6,3.25,3.4,4.0,3.2
2.0,2.0,1.0,3.0,3.0,2.0,2.0,5.0,2.0,3.0,4.0,4.0,4.0,3.0,3.0,2.0,2.0,5.0,3.0,4.0,4.0,3.0,5.0,1.0,4.0,1.0,3.0,5.0,2.0,1.0,1980.0,1.0,1.0,민간,,1.0,2.1666666666666665,3.2,3.5,3.2,3.25,3.0
4.0,3.0,3.0,4.0,3.0,3.0,3.0,2.0,4.0,3.0,3.0,3.0,4.0,3.0,3.0,4.0,3.0,4.0,4.0,3.0,4.0,3.0,3.0,4.0,3.0,3.0,4.0,3.0,4.0,2.0,1975.0,1.0,1.0,민간,,1.0,3.3333333333333335,3.0,3.25,3.6,3.5,3.4
5.0,4.0,3.0,5.0,5.0,4.0,5.0,4.0,4.0,5.0,4.0,5.0,4.0,5.0,4.0,4.0,4.0,4.0,5.0,4.0,4.0,5.0,5.0,4.0,2.0,2.0,3.0,4.0,2.0,1.0,1969.0,6.0,1.0,민간,,1.0,4.333333333333333,4.4,4.5,4.2,4.5,2.6
3.0,2.0,4.0,3.0,4.0,2.0,4.0,5.0,4.0,4.0,3.0,3.0,4.0,4.0,3.0,3.0,4.0,4.0,4.0,3.0,4.0,5.0,4.0,3.0,4.0,5.0,3.0,3.0,4.0,1.0,1969.0,11.0,1.0,민간,,1.0,3.0,4.0,3.5,3.6,4.0,3.8
4.0,3.0,4.0,3.0,3.0,3.0,4.0,4.0,3.0,4.0,4.0,4.0,4.0,4.0,4.0,4.0,3.0,4.0,4.0,3.0,4.0,3.0,4.0,4.0,3.0,3.0,4.0,4.0,4.0,1.0,1976.0,1.0,1.0,민간,,1.0,3.3333333333333335,3.8,4.0,3.6,3.75,3.6
2.0,2.0,2.0,4.0,4.0,4.0,3.0,3.0,3.0,4.0,4.0,3.0,4.0,4.0,4.0,3.0,4.0,4.0,4.0,4.0,4.0,4.0,4.0,4.0,3.0,3.0,2.0,3.0,2.0,1.0,1971.0,1.0,1.0,민간,,1.0,3.0,3.4,3.75,3.8,4.0,2.6
4.0,4.0,5.0,4.0,4.0,5.0,3.0,4.0,5.0,4.0,4.0,5.0,4.0,4.0,3.0,3.0,4.0,5.0,4.0,4.0,4.0,5.0,5.0,4.0,3.0,4.0,5.0,4.0,3.0,1.0,1986.0,1.0,1.0,민간,,1.0,4.333333333333333,4.0,4.0,4.0,4.5,3.8
4.0,4.0,4.0,4.0,4.0,4.0,3.0,3.0,4.0,3.0,3.0,5.0,5.0,5.0,5.0,3.0,2.0,3.0,4.0,3.0,5.0,4.0,4.0,5.0,3.0,3.0,3.0,4.0,3.0,1.0,1973.0,9.0,1.0,민간,,1.0,4.0,3.2,5.0,3.0,4.5,3.2
4.0,3.0,4.0,4.0,3.0,3.0,3.0,3.0,2.0,3.0,4.0,3.0,3.0,2.0,3.0,3.0,4.0,4.0,3.0,4.0,4.0,4.0,3.0,4.0,3.0,4.0,4.0,2.0,3.0,1.0,1988.0,1.0,1.0,민간,,1.0,3.5,3.0,2.75,3.6,3.75,3.2
3.0,3.0,3.0,4.0,2.0,2.0,3.0,3.0,3.0,2.0,2.0,2.0,2.0,2.0,2.0,3.0,3.0,4.0,4.0,3.0,3.0,3.0,3.0,3.0,4.0,3.0,3.0,4.0,3.0,1.0,1981.0,4.0,1.0,민간,,1.0,2.8333333333333335,2.6,2.0,3.4,3.0,3.4
4.0,3.0,3.0,4.0,5.0,4.0,4.0,3.0,5.0,4.0,5.0,3.0,2.0,4.0,5.0,4.0,2.0,4.0,3.0,4.0,2.0,4.0,3.0,4.0,4.0,2.0,3.0,3.0,4.0,2.0,1990.0,9.0,1.0,민간,,1.0,3.8333333333333335,4.2,3.5,3.4,3.25,3.2
4.0,3.0,4.0,3.0,4.0,3.0,3.0,4.0,2.0,4.0,3.0,2.0,4.0,3.0,2.0,2.0,4.0,3.0,4.0,2.0,4.0,3.0,4.0,2.0,3.0,3.0,2.0,4.0,3.0,1.0,1992.0,12.0,1.0,민간,,1.0,3.5,3.2,2.75,3.0,3.25,3.0
1.0,3.0,3.0,3.0,3.0,4.0,4.0,4.0,4.0,4.0,3.0,4.0,4.0,3.0,4.0,4.0,4.0,4.0,3.0,4.0,4.0,4.0,4.0,4.0,4.0,5.0,4.0,4.0,4.0,2.0,1969.0,1.0,1.0,민간,,1.0,2.8333333333333335,3.8,3.75,3.8,4.0,4.2
1.0,2.0,4.0,4.0,4.0,4.0,1.0,3.0,3.0,1.0,4.0,4.0,5.0,5.0,5.0,1.0,2.0,1.0,3.0,1.0,5.0,5.0,5.0,5.0,2.0,3.0,3.0,4.0,2.0,2.0,1975.0,9.0,1.0,민간,,1.0,3.1666666666666665,2.4,4.75,1.6,5.0,2.8
2.0,2.0,2.0,3.0,3.0,2.0,2.0,3.0,2.0,2.0,2.0,1.0,3.0,3.0,3.0,2.0,3.0,3.0,3.0,3.0,4.0,4.0,4.0,4.0,3.0,3.0,3.0,3.0,4.0,1.0,1982.0,1.0,1.0,민간,,1.0,2.3333333333333335,2.2,2.5,2.8,4.0,3.2
4.0,3.0,4.0,4.0,5.0,5.0,3.0,3.0,4.0,4.0,3.0,4.0,4.0,4.0,4.0,4.0,4.0,4.0,4.0,4.0,4.0,4.0,4.0,4.0,3.0,3.0,4.0,4.0,3.0,2.0,1970.0,1.0,1.0,민간,,1.0,4.166666666666667,3.4,4.0,4.0,4.0,3.4
3.0,3.0,4.0,3.0,4.0,4.0,4.0,4.0,4.0,3.0,4.0,4.0,5.0,3.0,4.0,4.0,4.0,4.0,4.0,5.0,4.0,4.0,5.0,4.0,2.0,2.0,4.0,4.0,3.0,2.0,1986.0,1.0,1.0,민간,,1.0,3.5,3.8,4.0,4.2,4.25,3.0
2.0,4.0,3.0,4.0,3.0,4.0,2.0,2.0,2.0,2.0,2.0,2.0,2.0,2.0,2.0,2.0,3.0,3.0,2.0,4.0,4.0,4.0,4.0,4.0,2.0,2.0,2.0,2.0,2.0,2.0,1979.0,4.0,1.0,민간,,1.0,3.3333333333333335,2.0,2.0,2.8,4.0,2.0
4.0,5.0,5.0,5.0,4.0,4.0,4.0,3.0,4.0,3.0,3.0,4.0,4.0,4.0,4.0,3.0,3.0,4.0,4.0,3.0,4.0,4.0,5.0,4.0,2.0,2.0,1.0,1.0,2.0,2.0,1972.0,15.0,1.0,민간,,1.0,4.5,3.4,4.0,3.4,4.25,1.6
4.0,4.0,3.0,3.0,4.0,3.0,4.0,3.0,4.0,3.0,4.0,3.0,4.0,3.0,3.0,4.0,3.0,4.0,3.0,4.0,4.0,4.0,3.0,3.0,4.0,3.0,4.0,4.0,5.0,2.0,1981.0,16.0,1.0,민간,,1.0,3.5,3.6,3.25,3.6,3.5,4.0
4.0,4.0,4.0,5.0,4.0,4.0,4.0,4.0,5.0,4.0,4.0,5.0,4.0,4.0,5.0,4.0,4.0,5.0,4.0,4.0,4.0,4.0,5.0,4.0,4.0,4.0,5.0,4.0,1.0,2.0,1989.0,1.0,1.0,민간,,1.0,4.166666666666667,4.2,4.5,4.2,4.25,3.6
4.0,3.0,3.0,4.0,3.0,5.0,1.0,1.0,4.0,3.0,5.0,4.0,4.0,4.0,4.0,1.0,2.0,1.0,2.0,1.0,5.0,4.0,4.0,4.0,4.0,4.0,4.0,4.0,4.0,1.0,1990.0,9.0,1.0,민간,,1.0,3.6666666666666665,2.8,4.0,1.4,4.25,4.0
3.0,3.0,3.0,4.0,3.0,2.0,3.0,4.0,2.0,3.0,3.0,4.0,3.0,4.0,4.0,5.0,4.0,4.0,4.0,5.0,4.0,5.0,5.0,4.0,4.0,5.0,4.0,3.0,4.0,2.0,1987.0,9.0,1.0,민간,,1.0,3.0,3.0,3.75,4.4,4.5,4.0
4.0,4.0,4.0,4.0,4.0,4.0,2.0,4.0,4.0,4.0,4.0,4.0,4.0,4.0,4.0,4.0,4.0,4.0,4.0,4.0,3.0,4.0,3.0,4.0,3.0,4.0,4.0,4.0,3.0,1.0,1982.0,1.0,1.0,민간,,1.0,4.0,3.6,4.0,4.0,3.5,3.6
2.0,4.0,2.0,2.0,2.0,3.0,3.0,2.0,3.0,3.0,3.0,2.0,3.0,2.0,3.0,3.0,3.0,2.0,3.0,3.0,4.0,4.0,3.0,3.0,3.0,4.0,3.0,3.0,3.0,2.0,1993.0,4.0,1.0,민간,,1.0,2.5,2.8,2.5,2.8,3.5,3.2
4.0,4.0,3.0,4.0,4.0,4.0,2.0,2.0,2.0,2.0,3.0,1.0,3.0,4.0,4.0,3.0,3.0,3.0,2.0,3.0,3.0,3.0,4.0,4.0,4.0,4.0,4.0,3.0,4.0,1.0,1974.0,4.0,1.0,민간,,1.0,3.8333333333333335,2.2,3.0,2.8,3.5,3.8
2.0,2.0,4.0,4.0,3.0,4.0,4.0,4.0,4.0,5.0,4.0,4.0,5.0,4.0,4.0,4.0,5.0,4.0,5.0,5.0,4.0,4.0,3.0,4.0,2.0,4.0,4.0,4.0,2.0,1.0,1987.0,9.0,1.0,민간,,1.0,3.1666666666666665,4.2,4.25,4.6,3.75,3.2
4.0,3.0,4.0,4.0,4.0,5.0,2.0,1.0,2.0,1.0,2.0,3.0,2.0,2.0,3.0,3.0,4.0,4.0,3.0,3.0,2.0,3.0,3.0,2.0,3.0,2.0,3.0,3.0,2.0,1.0,1969.0,1.0,1.0,민간,,1.0,4.0,1.6,2.5,3.4,2.5,2.6
4.0,3.0,4.0,3.0,4.0,3.0,4.0,3.0,4.0,3.0,4.0,3.0,4.0,3.0,4.0,4.0,3.0,4.0,3.0,4.0,4.0,3.0,4.0,3.0,4.0,3.0,4.0,3.0,4.0,1.0,1976.0,2.0,1.0,민간,,1.0,3.5,3.6,3.5,3.6,3.5,3.6
4.0,3.0,5.0,4.0,2.0,3.0,5.0,4.0,3.0,2.0,3.0,4.0,3.0,4.0,5.0,5.0,4.0,3.0,4.0,5.0,2.0,4.0,5.0,3.0,4.0,5.0,4.0,3.0,3.0,2.0,1983.0,1.0,1.0,민간,,1.0,3.5,3.4,4.0,4.2,3.5,3.8
2.0,3.0,3.0,3.0,2.0,1.0,3.0,2.0,4.0,4.0,2.0,3.0,3.0,4.0,3.0,3.0,3.0,3.0,3.0,3.0,5.0,5.0,3.0,3.0,3.0,2.0,4.0,4.0,4.0,1.0,1985.0,15.0,1.0,민간,,1.0,2.3333333333333335,3.0,3.25,3.0,4.0,3.4
3.0,4.0,2.0,3.0,2.0,3.0,3.0,3.0,3.0,3.0,3.0,4.0,4.0,4.0,4.0,4.0,5.0,4.0,3.0,3.0,3.0,4.0,4.0,3.0,2.0,2.0,2.0,3.0,1.0,1.0,1995.0,9.0,1.0,민간,,1.0,2.8333333333333335,3.0,4.0,3.8,3.5,2.0
4.0,4.0,5.0,5.0,5.0,5.0,2.0,1.0,2.0,4.0,3.0,3.0,3.0,3.0,3.0,3.0,4.0,3.0,3.0,3.0,5.0,5.0,4.0,4.0,2.0,4.0,3.0,4.0,3.0,1.0,1967.0,16.0,1.0,민간,,1.0,4.666666666666667,2.4,3.0,3.2,4.5,3.2
4.0,3.0,4.0,4.0,4.0,4.0,4.0,3.0,4.0,3.0,3.0,4.0,3.0,4.0,4.0,4.0,4.0,4.0,4.0,4.0,3.0,4.0,3.0,3.0,3.0,3.0,4.0,3.0,3.0,1.0,1980.0,17.0,1.0,민간,,1.0,3.8333333333333335,3.4,3.75,4.0,3.25,3.2
5.0,5.0,4.0,5.0,5.0,5.0,4.0,3.0,4.0,4.0,4.0,4.0,4.0,4.0,4.0,3.0,3.0,3.0,3.0,3.0,5.0,5.0,5.0,5.0,1.0,1.0,1.0,1.0,1.0,1.0,1976.0,1.0,1.0,민간,,1.0,4.833333333333333,3.8,4.0,3.0,5.0,1.0
2.0,3.0,2.0,4.0,4.0,3.0,3.0,3.0,3.0,3.0,2.0,3.0,3.0,4.0,3.0,3.0,4.0,3.0,2.0,3.0,4.0,4.0,3.0,3.0,3.0,4.0,2.0,3.0,3.0,2.0,1994.0,16.0,1.0,민간,,1.0,3.0,2.8,3.25,3.0,3.5,3.0
4.0,3.0,5.0,4.0,5.0,2.0,4.0,2.0,3.0,5.0,3.0,4.0,3.0,5.0,2.0,2.0,4.0,4.0,3.0,5.0,4.0,5.0,3.0,4.0,4.0,3.0,3.0,5.0,3.0,1.0,1986.0,4.0,1.0,민간,,1.0,3.8333333333333335,3.4,3.5,3.6,4.0,3.6
3.0,4.0,3.0,5.0,3.0,4.0,5.0,4.0,3.0,5.0,4.0,3.0,4.0,5.0,4.0,4.0,3.0,4.0,3.0,5.0,2.0,3.0,2.0,4.0,4.0,3.0,4.0,3.0,5.0,2.0,1967.0,1.0,1.0,민간,,1.0,3.6666666666666665,4.2,4.0,3.8,2.75,3.8
3.0,4.0,2.0,4.0,4.0,3.0,3.0,3.0,4.0,4.0,4.0,3.0,3.0,4.0,3.0,4.0,4.0,4.0,3.0,3.0,3.0,3.0,4.0,3.0,3.0,3.0,4.0,3.0,3.0,1.0,1983.0,1.0,1.0,민간,,1.0,3.3333333333333335,3.6,3.25,3.6,3.25,3.2
4.0,2.0,3.0,4.0,3.0,4.0,3.0,2.0,4.0,4.0,2.0,3.0,4.0,4.0,4.0,3.0,4.0,3.0,4.0,3.0,4.0,4.0,4.0,4.0,4.0,4.0,4.0,2.0,3.0,1.0,1983.0,9.0,1.0,민간,,1.0,3.3333333333333335,3.0,3.75,3.4,4.0,3.4
4.0,3.0,4.0,5.0,5.0,4.0,4.0,3.0,5.0,4.0,4.0,5.0,5.0,5.0,4.0,4.0,5.0,4.0,5.0,4.0,3.0,4.0,4.0,4.0,3.0,4.0,3.0,3.0,2.0,2.0,1988.0,9.0,1.0,민간,,1.0,4.166666666666667,4.0,4.75,4.4,3.75,3.0
4.0,4.0,5.0,4.0,4.0,3.0,3.0,3.0,4.0,3.0,3.0,2.0,4.0,4.0,3.0,3.0,3.0,2.0,3.0,3.0,3.0,3.0,4.0,4.0,2.0,2.0,3.0,3.0,2.0,1.0,1974.0,1.0,1.0,민간,,1.0,4.0,3.2,3.25,2.8,3.5,2.4
3.0,4.0,4.0,4.0,4.0,5.0,4.0,4.0,5.0,5.0,5.0,4.0,5.0,5.0,4.0,4.0,5.0,5.0,4.0,5.0,4.0,4.0,5.0,4.0,2.0,3.0,3.0,4.0,4.0,2.0,1996.0,1.0,1.0,민간,,1.0,4.0,4.6,4.5,4.6,4.25,3.2
4.0,4.0,2.0,5.0,3.0,2.0,4.0,4.0,5.0,5.0,4.0,4.0,5.0,5.0,4.0,4.0,4.0,5.0,3.0,4.0,4.0,4.0,5.0,4.0,4.0,5.0,4.0,4.0,5.0,2.0,1986.0,9.0,1.0,민간,,1.0,3.3333333333333335,4.4,4.5,4.0,4.25,4.4
4.0,3.0,2.0,2.0,3.0,2.0,3.0,2.0,4.0,4.0,4.0,3.0,5.0,4.0,4.0,3.0,3.0,1.0,3.0,4.0,3.0,2.0,3.0,4.0,3.0,2.0,4.0,3.0,4.0,1.0,1972.0,2.0,1.0,민간,,1.0,2.6666666666666665,3.4,4.0,2.8,3.0,3.2
4.0,4.0,4.0,3.0,3.0,4.0,3.0,3.0,4.0,4.0,3.0,4.0,4.0,3.0,4.0,4.0,3.0,5.0,3.0,4.0,4.0,3.0,3.0,3.0,4.0,3.0,4.0,3.0,4.0,1.0,1981.0,9.0,1.0,민간,,1.0,3.6666666666666665,3.4,3.75,3.8,3.25,3.6
3.0,4.0,4.0,3.0,3.0,4.0,3.0,3.0,3.0,4.0,2.0,3.0,3.0,4.0,4.0,3.0,3.0,4.0,4.0,3.0,4.0,4.0,3.0,3.0,3.0,3.0,4.0,4.0,3.0,1.0,1974.0,9.0,1.0,민간,,1.0,3.5,3.0,3.5,3.4,3.5,3.4
4.0,2.0,2.0,3.0,4.0,4.0,3.0,3.0,3.0,3.0,3.0,3.0,3.0,3.0,4.0,4.0,4.0,4.0,3.0,3.0,4.0,4.0,4.0,4.0,2.0,3.0,3.0,3.0,3.0,2.0,1979.0,2.0,1.0,민간,,1.0,3.1666666666666665,3.0,3.25,3.6,4.0,2.8
4.0,3.0,4.0,3.0,4.0,3.0,4.0,3.0,4.0,3.0,3.0,4.0,3.0,4.0,3.0,4.0,3.0,4.0,3.0,4.0,4.0,3.0,4.0,3.0,3.0,3.0,4.0,3.0,3.0,1.0,1975.0,2.0,1.0,민간,,1.0,3.5,3.4,3.5,3.6,3.5,3.2
4.0,4.0,5.0,4.0,4.0,5.0,4.0,3.0,4.0,4.0,4.0,3.0,4.0,4.0,4.0,4.0,4.0,4.0,4.0,4.0,4.0,4.0,4.0,4.0,3.0,2.0,3.0,3.0,3.0,2.0,1962.0,1.0,1.0,민간,,1.0,4.333333333333333,3.8,3.75,4.0,4.0,2.8
4.0,5.0,3.0,4.0,4.0,5.0,4.0,3.0,4.0,5.0,4.0,4.0,4.0,5.0,4.0,5.0,5.0,4.0,4.0,5.0,4.0,5.0,4.0,5.0,4.0,5.0,4.0,5.0,4.0,1.0,1962.0,1.0,1.0,민간,,1.0,4.166666666666667,4.0,4.25,4.6,4.5,4.4
3.0,4.0,4.0,5.0,4.0,4.0,3.0,3.0,3.0,3.0,2.0,2.0,4.0,4.0,3.0,3.0,4.0,3.0,4.0,4.0,4.0,4.0,3.0,4.0,3.0,4.0,3.0,3.0,3.0,1.0,1976.0,6.0,1.0,민간,,1.0,4.0,2.8,3.25,3.6,3.75,3.2
3.0,3.0,3.0,2.0,3.0,3.0,3.0,4.0,4.0,4.0,3.0,3.0,4.0,4.0,4.0,4.0,4.0,3.0,3.0,4.0,4.0,4.0,3.0,3.0,4.0,4.0,4.0,4.0,4.0,1.0,1972.0,3.0,1.0,민간,,1.0,2.8333333333333335,3.6,3.75,3.6,3.5,4.0
3.0,3.0,2.0,3.0,3.0,2.0,3.0,1.0,3.0,2.0,2.0,3.0,3.0,3.0,2.0,2.0,2.0,2.0,3.0,2.0,1.0,3.0,4.0,3.0,2.0,2.0,2.0,1.0,1.0,1.0,1982.0,9.0,1.0,민간,,1.0,2.6666666666666665,2.2,2.75,2.2,2.75,1.6
3.0,3.0,4.0,5.0,3.0,4.0,3.0,4.0,5.0,3.0,4.0,5.0,3.0,4.0,5.0,3.0,4.0,5.0,3.0,4.0,3.0,4.0,5.0,3.0,3.0,4.0,5.0,3.0,4.0,1.0,1973.0,1.0,1.0,민간,,1.0,3.6666666666666665,3.8,4.25,3.8,3.75,3.8
1.0,2.0,3.0,3.0,3.0,4.0,1.0,1.0,1.0,1.0,1.0,1.0,3.0,2.0,2.0,3.0,2.0,1.0,2.0,1.0,3.0,4.0,2.0,3.0,1.0,1.0,1.0,4.0,1.0,1.0,1981.0,9.0,1.0,민간,,1.0,2.6666666666666665,1.0,2.0,1.8,3.0,1.6
2.0,3.0,5.0,5.0,5.0,3.0,4.0,4.0,4.0,5.0,4.0,4.0,4.0,4.0,4.0,4.0,4.0,4.0,4.0,4.0,4.0,4.0,4.0,4.0,3.0,4.0,4.0,4.0,3.0,1.0,1973.0,3.0,1.0,민간,,1.0,3.8333333333333335,4.2,4.0,4.0,4.0,3.6
4.0,4.0,5.0,5.0,4.0,4.0,4.0,4.0,5.0,4.0,4.0,5.0,4.0,5.0,4.0,4.0,3.0,3.0,4.0,3.0,4.0,4.0,5.0,4.0,3.0,3.0,2.0,3.0,3.0,1.0,1960.0,13.0,1.0,민간,,1.0,4.333333333333333,4.2,4.5,3.4,4.25,2.8
3.0,3.0,3.0,4.0,3.0,2.0,4.0,3.0,3.0,3.0,3.0,3.0,3.0,3.0,3.0,4.0,4.0,3.0,3.0,4.0,4.0,4.0,4.0,5.0,3.0,3.0,3.0,4.0,3.0,1.0,1984.0,1.0,1.0,민간,,1.0,3.0,3.2,3.0,3.6,4.25,3.2
3.0,2.0,2.0,4.0,4.0,3.0,2.0,3.0,3.0,2.0,2.0,3.0,4.0,2.0,3.0,3.0,3.0,3.0,2.0,4.0,1.0,3.0,2.0,4.0,2.0,4.0,3.0,3.0,2.0,1.0,1988.0,2.0,1.0,민간,,1.0,3.0,2.4,3.0,3.0,2.5,2.8
4.0,3.0,4.0,3.0,3.0,4.0,3.0,3.0,3.0,3.0,4.0,4.0,4.0,3.0,4.0,3.0,3.0,4.0,4.0,3.0,4.0,4.0,3.0,3.0,3.0,3.0,4.0,4.0,3.0,2.0,1973.0,6.0,1.0,민간,,1.0,3.5,3.2,3.75,3.4,3.5,3.4
4.0,3.0,4.0,4.0,4.0,4.0,3.0,3.0,4.0,4.0,4.0,5.0,5.0,4.0,4.0,5.0,5.0,5.0,5.0,4.0,5.0,5.0,5.0,5.0,4.0,4.0,4.0,3.0,4.0,2.0,1979.0,1.0,1.0,민간,,1.0,3.8333333333333335,3.6,4.5,4.8,5.0,3.8
4.0,3.0,3.0,4.0,3.0,4.0,1.0,1.0,1.0,1.0,4.0,4.0,4.0,4.0,3.0,3.0,3.0,2.0,2.0,2.0,4.0,4.0,4.0,4.0,2.0,2.0,3.0,3.0,3.0,1.0,1972.0,9.0,1.0,민간,,1.0,3.5,1.6,3.75,2.4,4.0,2.6
4.0,4.0,4.0,4.0,4.0,5.0,3.0,3.0,4.0,4.0,3.0,3.0,3.0,3.0,3.0,5.0,4.0,4.0,4.0,5.0,4.0,4.0,5.0,4.0,4.0,5.0,5.0,5.0,5.0,1.0,1989.0,2.0,1.0,민간,,1.0,4.166666666666667,3.4,3.0,4.4,4.25,4.8
2.0,3.0,4.0,4.0,4.0,3.0,3.0,3.0,4.0,3.0,2.0,3.0,3.0,4.0,4.0,2.0,3.0,3.0,4.0,4.0,3.0,3.0,4.0,4.0,4.0,4.0,3.0,3.0,2.0,1.0,1976.0,1.0,1.0,민간,,1.0,3.3333333333333335,3.0,3.5,3.2,3.5,3.2
4.0,2.0,4.0,5.0,4.0,5.0,2.0,2.0,3.0,3.0,2.0,3.0,3.0,3.0,2.0,3.0,3.0,2.0,2.0,4.0,4.0,4.0,4.0,3.0,3.0,3.0,4.0,3.0,2.0,2.0,1990.0,9.0,1.0,민간,,1.0,4.0,2.4,2.75,2.8,3.75,3.0
3.0,4.0,3.0,3.0,4.0,3.0,3.0,4.0,3.0,3.0,4.0,3.0,4.0,3.0,3.0,3.0,4.0,3.0,3.0,4.0,3.0,4.0,4.0,3.0,4.0,4.0,3.0,4.0,3.0,1.0,1989.0,1.0,1.0,민간,,1.0,3.3333333333333335,3.4,3.25,3.4,3.5,3.6
4.0,3.0,4.0,4.0,4.0,4.0,3.0,2.0,3.0,3.0,4.0,4.0,3.0,2.0,3.0,3.0,4.0,3.0,3.0,3.0,3.0,4.0,3.0,4.0,2.0,3.0,4.0,2.0,2.0,1.0,1960.0,1.0,1.0,민간,,1.0,3.8333333333333335,3.0,3.0,3.2,3.5,2.6
4.0,4.0,2.0,4.0,4.0,4.0,4.0,3.0,4.0,4.0,4.0,4.0,4.0,4.0,4.0,4.0,3.0,3.0,3.0,3.0,4.0,4.0,3.0,3.0,4.0,4.0,4.0,3.0,3.0,1.0,1979.0,9.0,1.0,민간,,1.0,3.6666666666666665,3.8,4.0,3.2,3.5,3.6
2.0,3.0,3.0,3.0,2.0,3.0,1.0,5.0,5.0,5.0,1.0,2.0,5.0,4.0,4.0,3.0,4.0,3.0,2.0,4.0,5.0,5.0,5.0,5.0,1.0,1.0,1.0,5.0,1.0,1.0,1984.0,9.0,1.0,민간,,1.0,2.6666666666666665,3.4,3.75,3.2,5.0,1.8
4.0,5.0,4.0,5.0,5.0,3.0,5.0,4.0,5.0,5.0,4.0,4.0,4.0,3.0,5.0,5.0,4.0,4.0,5.0,4.0,4.0,5.0,5.0,4.0,1.0,2.0,2.0,1.0,2.0,1.0,1971.0,2.0,1.0,민간,,1.0,4.333333333333333,4.6,4.0,4.4,4.5,1.6
4.0,3.0,2.0,4.0,4.0,4.0,2.0,3.0,3.0,3.0,3.0,3.0,3.0,2.0,3.0,3.0,2.0,3.0,2.0,2.0,4.0,3.0,2.0,3.0,2.0,2.0,2.0,2.0,2.0,1.0,1969.0,3.0,1.0,민간,,1.0,3.5,2.8,2.75,2.4,3.0,2.0
2.0,3.0,3.0,2.0,3.0,3.0,4.0,3.0,3.0,3.0,4.0,3.0,4.0,3.0,4.0,4.0,4.0,3.0,4.0,4.0,4.0,3.0,4.0,4.0,4.0,3.0,4.0,4.0,3.0,1.0,1980.0,9.0,1.0,민간,,1.0,2.6666666666666665,3.4,3.5,3.8,3.75,3.6
3.0,3.0,3.0,4.0,3.0,2.0,4.0,5.0,4.0,4.0,3.0,4.0,5.0,4.0,4.0,4.0,4.0,3.0,3.0,4.0,5.0,5.0,4.0,4.0,3.0,3.0,3.0,4.0,2.0,2.0,1979.0,1.0,1.0,민간,,1.0,3.0,4.0,4.25,3.6,4.5,3.0
3.0,2.0,2.0,3.0,3.0,2.0,2.0,2.0,3.0,2.0,3.0,3.0,3.0,3.0,4.0,4.0,4.0,3.0,3.0,3.0,4.0,4.0,4.0,3.0,1.0,2.0,3.0,5.0,1.0,2.0,1987.0,1.0,1.0,민간,,1.0,2.5,2.4,3.25,3.4,3.75,2.4
5.0,4.0,3.0,4.0,5.0,4.0,4.0,4.0,4.0,4.0,4.0,4.0,4.0,3.0,3.0,4.0,4.0,4.0,4.0,4.0,3.0,4.0,3.0,4.0,4.0,4.0,4.0,4.0,4.0,1.0,1972.0,1.0,1.0,민간,,1.0,4.166666666666667,4.0,3.5,4.0,3.5,4.0
3.0,3.0,3.0,3.0,3.0,2.0,4.0,4.0,4.0,4.0,4.0,4.0,4.0,4.0,4.0,4.0,4.0,4.0,5.0,3.0,2.0,2.0,4.0,2.0,4.0,3.0,3.0,4.0,4.0,1.0,1979.0,9.0,1.0,민간,,1.0,2.8333333333333335,4.0,4.0,4.0,2.5,3.6
3.0,4.0,3.0,3.0,4.0,3.0,4.0,3.0,3.0,4.0,3.0,4.0,3.0,3.0,3.0,3.0,4.0,3.0,4.0,3.0,4.0,4.0,3.0,4.0,3.0,4.0,3.0,4.0,3.0,1.0,1963.0,2.0,1.0,민간,,1.0,3.3333333333333335,3.4,3.25,3.4,3.75,3.4
4.0,3.0,3.0,4.0,4.0,4.0,3.0,3.0,4.0,3.0,3.0,4.0,4.0,4.0,4.0,3.0,3.0,3.0,4.0,3.0,4.0,4.0,5.0,5.0,2.0,2.0,1.0,2.0,1.0,1.0,1973.0,1.0,1.0,민간,,1.0,3.6666666666666665,3.2,4.0,3.2,4.5,1.6
3.0,3.0,2.0,3.0,3.0,3.0,3.0,2.0,2.0,2.0,2.0,3.0,3.0,3.0,3.0,3.0,2.0,2.0,3.0,3.0,3.0,3.0,3.0,4.0,3.0,3.0,3.0,3.0,3.0,2.0,1985.0,1.0,1.0,민간,,1.0,2.8333333333333335,2.2,3.0,2.6,3.25,3.0
3.0,2.0,3.0,4.0,3.0,3.0,2.0,2.0,4.0,3.0,3.0,3.0,4.0,4.0,3.0,3.0,4.0,3.0,4.0,3.0,2.0,4.0,2.0,3.0,4.0,4.0,4.0,2.0,2.0,1.0,1982.0,12.0,1.0,민간,,1.0,3.0,2.8,3.5,3.4,2.75,3.2
3.0,4.0,4.0,4.0,4.0,3.0,3.0,3.0,3.0,3.0,4.0,3.0,3.0,3.0,3.0,2.0,2.0,1.0,2.0,2.0,4.0,3.0,3.0,4.0,1.0,1.0,3.0,3.0,1.0,2.0,1983.0,1.0,1.0,민간,,1.0,3.6666666666666665,3.2,3.0,1.8,3.5,1.8
4.0,3.0,2.0,4.0,4.0,4.0,3.0,2.0,3.0,3.0,2.0,3.0,3.0,2.0,3.0,2.0,3.0,3.0,3.0,3.0,4.0,4.0,4.0,4.0,3.0,3.0,3.0,3.0,2.0,2.0,1976.0,9.0,1.0,민간,,1.0,3.5,2.6,2.75,2.8,4.0,2.8
5.0,4.0,4.0,5.0,4.0,3.0,4.0,2.0,4.0,3.0,4.0,4.0,4.0,3.0,4.0,3.0,3.0,4.0,4.0,3.0,4.0,4.0,3.0,3.0,4.0,4.0,5.0,4.0,4.0,1.0,1970.0,1.0,1.0,민간,,1.0,4.166666666666667,3.4,3.75,3.4,3.5,4.2
4.0,3.0,3.0,4.0,3.0,4.0,3.0,4.0,3.0,4.0,3.0,3.0,3.0,3.0,4.0,3.0,3.0,3.0,2.0,3.0,4.0,4.0,4.0,3.0,3.0,3.0,2.0,3.0,2.0,1.0,1981.0,15.0,1.0,민간,,1.0,3.5,3.4,3.25,2.8,3.75,2.6
4.0,3.0,4.0,4.0,4.0,4.0,4.0,4.0,4.0,5.0,4.0,4.0,5.0,5.0,4.0,4.0,5.0,4.0,4.0,4.0,4.0,5.0,4.0,4.0,4.0,5.0,4.0,4.0,4.0,1.0,1978.0,4.0,1.0,민간,,1.0,3.8333333333333335,4.2,4.5,4.2,4.25,4.2
2.0,2.0,4.0,4.0,3.0,3.0,4.0,3.0,4.0,3.0,3.0,3.0,4.0,4.0,4.0,3.0,3.0,2.0,2.0,2.0,3.0,3.0,3.0,3.0,2.0,3.0,3.0,4.0,3.0,2.0,1982.0,1.0,1.0,민간,,1.0,3.0,3.4,3.75,2.4,3.0,3.0
2.0,2.0,3.0,3.0,3.0,3.0,2.0,2.0,2.0,2.0,2.0,2.0,3.0,3.0,3.0,3.0,4.0,3.0,3.0,3.0,3.0,3.0,4.0,4.0,2.0,2.0,2.0,3.0,2.0,2.0,1981.0,1.0,1.0,민간,,1.0,2.6666666666666665,2.0,2.75,3.2,3.5,2.2
4.0,3.0,4.0,5.0,4.0,4.0,5.0,4.0,5.0,4.0,5.0,4.0,4.0,4.0,4.0,4.0,5.0,4.0,4.0,5.0,2.0,1.0,1.0,2.0,2.0,2.0,3.0,3.0,2.0,1.0,1971.0,9.0,1.0,민간,,1.0,4.0,4.6,4.0,4.4,1.5,2.4
1.0,3.0,2.0,2.0,2.0,2.0,3.0,3.0,3.0,3.0,3.0,4.0,3.0,3.0,3.0,3.0,2.0,4.0,3.0,3.0,5.0,3.0,3.0,3.0,3.0,2.0,3.0,3.0,3.0,1.0,1996.0,9.0,1.0,민간,,1.0,2.0,3.0,3.25,3.0,3.5,2.8
4.0,4.0,4.0,4.0,4.0,4.0,3.0,3.0,3.0,4.0,4.0,4.0,4.0,4.0,4.0,3.0,4.0,4.0,4.0,4.0,4.0,4.0,4.0,4.0,3.0,3.0,3.0,3.0,3.0,2.0,1977.0,17.0,1.0,민간,,1.0,4.0,3.4,4.0,3.8,4.0,3.0
4.0,4.0,3.0,4.0,4.0,5.0,4.0,4.0,4.0,4.0,4.0,4.0,5.0,4.0,4.0,4.0,4.0,4.0,4.0,5.0,3.0,3.0,4.0,4.0,2.0,2.0,3.0,3.0,2.0,2.0,1973.0,9.0,1.0,민간,,1.0,4.0,4.0,4.25,4.2,3.5,2.4
4.0,3.0,4.0,3.0,3.0,3.0,3.0,4.0,3.0,4.0,4.0,4.0,5.0,4.0,3.0,3.0,4.0,4.0,3.0,4.0,4.0,3.0,4.0,4.0,3.0,4.0,3.0,4.0,3.0,1.0,1974.0,9.0,1.0,민간,,1.0,3.3333333333333335,3.6,4.0,3.6,3.75,3.4
4.0,3.0,3.0,4.0,4.0,3.0,3.0,3.0,3.0,3.0,3.0,3.0,3.0,3.0,3.0,3.0,3.0,3.0,4.0,3.0,4.0,4.0,4.0,3.0,2.0,3.0,3.0,3.0,2.0,2.0,1980.0,1.0,1.0,민간,,1.0,3.5,3.0,3.0,3.2,3.75,2.6
4.0,3.0,5.0,4.0,5.0,5.0,1.0,1.0,1.0,1.0,1.0,2.0,5.0,4.0,3.0,2.0,2.0,2.0,3.0,2.0,5.0,5.0,4.0,5.0,2.0,2.0,1.0,5.0,1.0,2.0,1992.0,1.0,1.0,민간,,1.0,4.333333333333333,1.0,3.5,2.2,4.75,2.2
3.0,4.0,2.0,3.0,4.0,3.0,3.0,2.0,3.0,2.0,2.0,3.0,4.0,3.0,3.0,3.0,3.0,3.0,3.0,2.0,3.0,3.0,4.0,4.0,3.0,4.0,3.0,3.0,2.0,1.0,1970.0,4.0,1.0,민간,,1.0,3.1666666666666665,2.4,3.25,2.8,3.5,3.0
4.0,2.0,2.0,4.0,4.0,3.0,2.0,2.0,2.0,2.0,3.0,3.0,4.0,3.0,3.0,3.0,3.0,3.0,3.0,3.0,3.0,4.0,4.0,4.0,4.0,4.0,2.0,3.0,2.0,2.0,1967.0,1.0,1.0,민간,,1.0,3.1666666666666665,2.2,3.25,3.0,3.75,3.0
2.0,2.0,3.0,4.0,3.0,3.0,3.0,3.0,3.0,4.0,4.0,3.0,4.0,3.0,3.0,3.0,3.0,3.0,3.0,3.0,4.0,4.0,3.0,3.0,3.0,3.0,2.0,3.0,2.0,1.0,1983.0,1.0,1.0,민간,,1.0,2.8333333333333335,3.4,3.25,3.0,3.5,2.6
3.0,3.0,3.0,3.0,3.0,3.0,3.0,3.0,4.0,3.0,3.0,3.0,3.0,3.0,3.0,3.0,3.0,3.0,4.0,3.0,3.0,3.0,3.0,3.0,3.0,3.0,3.0,3.0,3.0,1.0,1982.0,15.0,1.0,민간,,1.0,3.0,3.2,3.0,3.2,3.0,3.0
1.0,3.0,2.0,2.0,2.0,5.0,2.0,2.0,5.0,3.0,2.0,4.0,3.0,5.0,5.0,3.0,2.0,2.0,2.0,2.0,5.0,5.0,5.0,5.0,2.0,1.0,4.0,5.0,1.0,1.0,1986.0,1.0,1.0,민간,,1.0,2.5,2.8,4.25,2.2,5.0,2.6
4.0,3.0,2.0,4.0,3.0,2.0,2.0,1.0,1.0,2.0,2.0,2.0,3.0,2.0,2.0,4.0,4.0,4.0,3.0,4.0,3.0,2.0,3.0,3.0,4.0,4.0,4.0,3.0,2.0,1.0,1961.0,1.0,1.0,민간,,1.0,3.0,1.6,2.25,3.8,2.75,3.4
3.0,3.0,3.0,3.0,4.0,3.0,3.0,3.0,4.0,3.0,3.0,3.0,4.0,3.0,3.0,3.0,4.0,3.0,3.0,4.0,4.0,4.0,3.0,4.0,4.0,4.0,4.0,3.0,4.0,1.0,1977.0,5.0,1.0,민간,,1.0,3.1666666666666665,3.2,3.25,3.4,3.75,3.8
4.0,4.0,4.0,5.0,4.0,3.0,3.0,3.0,4.0,3.0,4.0,4.0,3.0,3.0,4.0,3.0,4.0,4.0,5.0,3.0,4.0,3.0,4.0,3.0,4.0,4.0,3.0,4.0,3.0,1.0,1974.0,5.0,1.0,민간,,1.0,4.0,3.4,3.5,3.8,3.5,3.6
4.0,3.0,3.0,3.0,3.0,4.0,2.0,1.0,2.0,2.0,2.0,2.0,3.0,2.0,2.0,2.0,2.0,2.0,2.0,2.0,3.0,3.0,4.0,3.0,2.0,2.0,2.0,3.0,3.0,1.0,1988.0,4.0,1.0,민간,,1.0,3.3333333333333335,1.8,2.25,2.0,3.25,2.4
3.0,3.0,4.0,4.0,3.0,4.0,3.0,3.0,3.0,3.0,4.0,3.0,4.0,4.0,4.0,3.0,4.0,3.0,3.0,3.0,3.0,3.0,3.0,3.0,3.0,3.0,2.0,3.0,3.0,1.0,1990.0,1.0,1.0,민간,,1.0,3.5,3.2,3.75,3.2,3.0,2.8
4.0,4.0,2.0,3.0,4.0,4.0,2.0,2.0,2.0,2.0,1.0,1.0,2.0,2.0,2.0,1.0,1.0,1.0,1.0,1.0,3.0,4.0,4.0,4.0,4.0,2.0,2.0,3.0,2.0,1.0,1968.0,10.0,1.0,민간,,1.0,3.5,1.8,1.75,1.0,3.75,2.6
3.0,3.0,3.0,3.0,3.0,3.0,2.0,2.0,2.0,2.0,2.0,2.0,3.0,2.0,3.0,3.0,3.0,4.0,3.0,3.0,1.0,3.0,2.0,3.0,1.0,1.0,3.0,4.0,2.0,2.0,1985.0,9.0,1.0,민간,,1.0,3.0,2.0,2.5,3.2,2.25,2.2
1.0,2.0,2.0,2.0,1.0,2.0,3.0,3.0,3.0,3.0,3.0,3.0,3.0,2.0,3.0,2.0,3.0,2.0,2.0,3.0,4.0,3.0,4.0,2.0,2.0,2.0,3.0,2.0,2.0,2.0,1988.0,4.0,1.0,민간,,1.0,1.6666666666666667,3.0,2.75,2.4,3.25,2.2
3.0,3.0,4.0,3.0,4.0,3.0,4.0,3.0,4.0,3.0,3.0,3.0,4.0,4.0,4.0,4.0,3.0,3.0,3.0,4.0,4.0,4.0,4.0,3.0,3.0,2.0,3.0,3.0,4.0,1.0,1979.0,6.0,1.0,민간,,1.0,3.3333333333333335,3.4,3.75,3.4,3.75,3.0
3.0,2.0,2.0,4.0,3.0,2.0,3.0,3.0,2.0,2.0,3.0,3.0,3.0,4.0,3.0,4.0,3.0,3.0,3.0,3.0,4.0,4.0,4.0,3.0,4.0,3.0,4.0,3.0,3.0,1.0,1972.0,12.0,1.0,민간,,1.0,2.6666666666666665,2.6,3.25,3.2,3.75,3.4
2.0,4.0,2.0,4.0,4.0,4.0,4.0,4.0,4.0,4.0,4.0,4.0,4.0,4.0,4.0,4.0,4.0,4.0,4.0,4.0,4.0,4.0,4.0,4.0,1.0,2.0,2.0,4.0,4.0,1.0,1994.0,1.0,1.0,민간,,1.0,3.3333333333333335,4.0,4.0,4.0,4.0,2.6
4.0,4.0,4.0,4.0,4.0,4.0,3.0,3.0,4.0,3.0,3.0,2.0,4.0,4.0,3.0,3.0,3.0,3.0,3.0,2.0,4.0,4.0,4.0,4.0,4.0,4.0,4.0,4.0,4.0,1.0,1978.0,9.0,1.0,민간,,1.0,4.0,3.2,3.25,2.8,4.0,4.0
4.0,3.0,2.0,5.0,4.0,5.0,3.0,3.0,4.0,3.0,3.0,3.0,4.0,2.0,3.0,3.0,4.0,3.0,3.0,3.0,4.0,4.0,4.0,4.0,2.0,3.0,3.0,2.0,4.0,1.0,1987.0,9.0,1.0,민간,,1.0,3.8333333333333335,3.2,3.0,3.2,4.0,2.8
4.0,4.0,3.0,4.0,3.0,3.0,4.0,3.0,4.0,3.0,4.0,3.0,3.0,3.0,3.0,4.0,3.0,3.0,3.0,3.0,3.0,3.0,4.0,3.0,3.0,4.0,3.0,3.0,4.0,1.0,1975.0,1.0,1.0,민간,,1.0,3.5,3.6,3.0,3.2,3.25,3.4
5.0,5.0,5.0,5.0,4.0,4.0,4.0,3.0,3.0,4.0,4.0,3.0,4.0,4.0,4.0,4.0,3.0,3.0,3.0,3.0,1.0,2.0,5.0,3.0,3.0,3.0,3.0,4.0,3.0,2.0,1971.0,1.0,1.0,민간,,1.0,4.666666666666667,3.6,3.75,3.2,2.75,3.2
4.0,3.0,4.0,4.0,4.0,4.0,3.0,4.0,3.0,3.0,4.0,3.0,3.0,4.0,3.0,3.0,4.0,4.0,3.0,4.0,4.0,4.0,3.0,4.0,3.0,4.0,3.0,4.0,3.0,1.0,1975.0,1.0,1.0,민간,,1.0,3.8333333333333335,3.4,3.25,3.6,3.75,3.4
3.0,3.0,3.0,3.0,3.0,2.0,3.0,3.0,3.0,3.0,3.0,4.0,3.0,3.0,3.0,4.0,3.0,3.0,3.0,3.0,3.0,3.0,4.0,4.0,3.0,3.0,4.0,3.0,3.0,1.0,1961.0,2.0,1.0,민간,,1.0,2.8333333333333335,3.0,3.25,3.2,3.5,3.2
4.0,4.0,5.0,5.0,4.0,4.0,3.0,3.0,4.0,4.0,3.0,5.0,5.0,4.0,4.0,4.0,4.0,4.0,5.0,3.0,4.0,4.0,4.0,5.0,1.0,2.0,2.0,1.0,1.0,1.0,1967.0,1.0,1.0,민간,,1.0,4.333333333333333,3.4,4.5,4.0,4.25,1.4
2.0,3.0,3.0,3.0,3.0,4.0,3.0,4.0,4.0,3.0,3.0,4.0,4.0,3.0,4.0,3.0,4.0,3.0,2.0,4.0,2.0,3.0,3.0,4.0,3.0,4.0,3.0,3.0,3.0,2.0,1986.0,9.0,1.0,민간,,1.0,3.0,3.4,3.75,3.2,3.0,3.2
2.0,2.0,1.0,4.0,2.0,3.0,3.0,3.0,3.0,2.0,3.0,2.0,3.0,3.0,3.0,2.0,3.0,4.0,4.0,3.0,3.0,3.0,4.0,3.0,1.0,2.0,3.0,4.0,2.0,2.0,1976.0,1.0,1.0,민간,,1.0,2.3333333333333335,2.8,2.75,3.2,3.25,2.4
4.0,5.0,3.0,4.0,4.0,3.0,3.0,4.0,3.0,4.0,4.0,3.0,5.0,4.0,4.0,4.0,3.0,4.0,4.0,5.0,4.0,4.0,5.0,4.0,4.0,3.0,4.0,3.0,4.0,1.0,1984.0,6.0,1.0,민간,,1.0,3.8333333333333335,3.6,4.0,4.0,4.25,3.6
4.0,3.0,4.0,4.0,3.0,4.0,4.0,3.0,4.0,4.0,3.0,4.0,3.0,4.0,4.0,4.0,3.0,4.0,4.0,3.0,4.0,4.0,3.0,4.0,3.0,3.0,4.0,4.0,3.0,1.0,1982.0,9.0,1.0,민간,,1.0,3.6666666666666665,3.6,3.75,3.6,3.75,3.4
3.0,4.0,4.0,4.0,3.0,4.0,4.0,5.0,4.0,3.0,5.0,4.0,3.0,4.0,5.0,4.0,3.0,4.0,4.0,4.0,4.0,4.0,3.0,4.0,4.0,4.0,4.0,4.0,3.0,1.0,1973.0,14.0,1.0,민간,,1.0,3.6666666666666665,4.2,4.0,3.8,3.75,3.8
1.0,2.0,3.0,2.0,2.0,4.0,1.0,1.0,3.0,2.0,1.0,2.0,4.0,5.0,4.0,2.0,1.0,2.0,2.0,2.0,4.0,3.0,3.0,3.0,3.0,3.0,3.0,3.0,4.0,2.0,1988.0,7.0,1.0,민간,,1.0,2.3333333333333335,1.6,3.75,1.8,3.25,3.2
2.0,3.0,3.0,4.0,4.0,3.0,3.0,3.0,3.0,3.0,3.0,3.0,3.0,3.0,3.0,3.0,3.0,3.0,3.0,3.0,4.0,4.0,4.0,4.0,3.0,3.0,3.0,3.0,3.0,2.0,1988.0,4.0,1.0,민간,,1.0,3.1666666666666665,3.0,3.0,3.0,4.0,3.0
4.0,4.0,3.0,4.0,4.0,4.0,2.0,2.0,4.0,2.0,3.0,3.0,3.0,3.0,3.0,4.0,4.0,3.0,3.0,3.0,3.0,3.0,4.0,4.0,3.0,4.0,4.0,4.0,3.0,1.0,1963.0,16.0,1.0,민간,,1.0,3.8333333333333335,2.6,3.0,3.4,3.5,3.6
1.0,1.0,1.0,2.0,2.0,4.0,3.0,3.0,3.0,3.0,3.0,2.0,2.0,2.0,2.0,2.0,2.0,1.0,1.0,2.0,3.0,3.0,3.0,2.0,2.0,3.0,3.0,2.0,2.0,2.0,1972.0,9.0,1.0,민간,,1.0,1.8333333333333333,3.0,2.0,1.6,2.75,2.4
5.0,4.0,4.0,5.0,5.0,5.0,2.0,2.0,2.0,3.0,3.0,3.0,4.0,3.0,4.0,2.0,3.0,2.0,3.0,3.0,4.0,4.0,4.0,4.0,4.0,4.0,4.0,4.0,4.0,2.0,1969.0,9.0,1.0,민간,,1.0,4.666666666666667,2.4,3.5,2.6,4.0,4.0
4.0,4.0,5.0,4.0,3.0,2.0,3.0,4.0,3.0,4.0,4.0,3.0,4.0,3.0,2.0,3.0,4.0,3.0,4.0,3.0,4.0,3.0,2.0,3.0,3.0,4.0,3.0,4.0,3.0,1.0,1975.0,1.0,1.0,민간,,1.0,3.6666666666666665,3.6,3.0,3.4,3.0,3.4
4.0,5.0,5.0,5.0,5.0,5.0,3.0,4.0,3.0,3.0,3.0,4.0,4.0,4.0,4.0,4.0,3.0,4.0,4.0,4.0,4.0,4.0,4.0,4.0,2.0,2.0,2.0,3.0,1.0,1.0,1981.0,1.0,1.0,민간,,1.0,4.833333333333333,3.2,4.0,3.8,4.0,2.0
4.0,3.0,3.0,3.0,3.0,3.0,3.0,3.0,4.0,3.0,3.0,4.0,4.0,3.0,3.0,2.0,4.0,4.0,3.0,4.0,3.0,4.0,4.0,4.0,4.0,4.0,4.0,4.0,3.0,2.0,1971.0,9.0,1.0,민간,,1.0,3.1666666666666665,3.2,3.5,3.4,3.75,3.8
4.0,3.0,3.0,3.0,3.0,3.0,3.0,3.0,4.0,3.0,2.0,2.0,3.0,2.0,3.0,3.0,3.0,3.0,2.0,2.0,3.0,3.0,2.0,2.0,2.0,3.0,3.0,2.0,2.0,1.0,1975.0,1.0,1.0,민간,,1.0,3.1666666666666665,3.0,2.5,2.6,2.5,2.4
4.0,3.0,3.0,3.0,3.0,4.0,3.0,3.0,4.0,3.0,3.0,4.0,3.0,4.0,3.0,3.0,4.0,4.0,4.0,4.0,4.0,4.0,4.0,4.0,1.0,2.0,1.0,2.0,1.0,1.0,1980.0,6.0,1.0,민간,,1.0,3.3333333333333335,3.2,3.5,3.8,4.0,1.4
3.0,3.0,1.0,5.0,4.0,3.0,4.0,3.0,2.0,3.0,3.0,3.0,4.0,3.0,3.0,3.0,3.0,3.0,3.0,3.0,1.0,3.0,3.0,5.0,1.0,1.0,4.0,5.0,1.0,1.0,1983.0,12.0,1.0,민간,,1.0,3.1666666666666665,3.0,3.25,3.0,3.0,2.4
5.0,1.0,3.0,5.0,4.0,5.0,1.0,2.0,3.0,3.0,2.0,3.0,3.0,4.0,3.0,3.0,4.0,3.0,4.0,3.0,3.0,3.0,4.0,3.0,1.0,2.0,4.0,3.0,5.0,1.0,1980.0,1.0,1.0,민간,,1.0,3.8333333333333335,2.2,3.25,3.4,3.25,3.0
4.0,4.0,2.0,4.0,3.0,2.0,2.0,1.0,1.0,1.0,1.0,1.0,1.0,1.0,2.0,1.0,2.0,1.0,1.0,1.0,4.0,4.0,4.0,4.0,3.0,3.0,3.0,3.0,3.0,1.0,1968.0,1.0,1.0,민간,,1.0,3.1666666666666665,1.2,1.25,1.2,4.0,3.0
2.0,2.0,2.0,1.0,2.0,1.0,2.0,2.0,2.0,2.0,3.0,3.0,3.0,2.0,3.0,3.0,3.0,4.0,4.0,3.0,4.0,4.0,3.0,4.0,3.0,3.0,4.0,3.0,3.0,1.0,1985.0,9.0,1.0,민간,,1.0,1.6666666666666667,2.2,2.75,3.4,3.75,3.2
2.0,3.0,1.0,4.0,3.0,2.0,4.0,3.0,4.0,4.0,4.0,3.0,3.0,4.0,4.0,3.0,2.0,3.0,3.0,3.0,5.0,4.0,4.0,2.0,4.0,4.0,5.0,5.0,4.0,2.0,1974.0,3.0,1.0,민간,,1.0,2.5,3.8,3.5,2.8,3.75,4.4
3.0,3.0,4.0,3.0,4.0,5.0,4.0,4.0,4.0,4.0,4.0,4.0,4.0,3.0,4.0,4.0,5.0,4.0,5.0,4.0,3.0,4.0,5.0,4.0,4.0,4.0,4.0,4.0,4.0,1.0,1982.0,2.0,1.0,민간,,1.0,3.6666666666666665,4.0,3.75,4.4,4.0,4.0
4.0,3.0,3.0,3.0,3.0,4.0,2.0,3.0,3.0,3.0,3.0,3.0,3.0,3.0,3.0,4.0,2.0,3.0,3.0,3.0,4.0,4.0,4.0,4.0,3.0,4.0,4.0,3.0,4.0,2.0,1969.0,9.0,1.0,민간,,1.0,3.3333333333333335,2.8,3.0,3.0,4.0,3.6
4.0,4.0,4.0,5.0,5.0,4.0,4.0,3.0,4.0,4.0,3.0,4.0,4.0,4.0,3.0,3.0,3.0,3.0,4.0,3.0,5.0,5.0,5.0,5.0,2.0,2.0,2.0,3.0,2.0,1.0,1960.0,2.0,1.0,민간,,1.0,4.333333333333333,3.6,3.75,3.2,5.0,2.2
3.0,3.0,3.0,4.0,3.0,3.0,3.0,4.0,3.0,3.0,3.0,4.0,3.0,3.0,4.0,3.0,4.0,3.0,3.0,3.0,3.0,4.0,3.0,3.0,3.0,4.0,3.0,3.0,3.0,1.0,1971.0,2.0,1.0,민간,,1.0,3.1666666666666665,3.2,3.5,3.2,3.25,3.2
4.0,5.0,5.0,4.0,4.0,5.0,4.0,4.0,3.0,3.0,4.0,3.0,2.0,4.0,4.0,5.0,4.0,3.0,4.0,4.0,4.0,4.0,4.0,3.0,3.0,4.0,4.0,3.0,4.0,1.0,1975.0,2.0,1.0,민간,,1.0,4.5,3.6,3.25,4.0,3.75,3.6
2.0,2.0,3.0,4.0,4.0,3.0,3.0,2.0,2.0,4.0,4.0,4.0,4.0,4.0,4.0,4.0,3.0,2.0,4.0,4.0,3.0,3.0,4.0,5.0,2.0,3.0,4.0,5.0,4.0,1.0,1972.0,13.0,1.0,민간,,1.0,3.0,3.0,4.0,3.4,3.75,3.6
4.0,4.0,2.0,4.0,4.0,4.0,3.0,5.0,4.0,5.0,3.0,4.0,5.0,5.0,5.0,4.0,5.0,5.0,5.0,5.0,5.0,5.0,4.0,4.0,1.0,1.0,1.0,5.0,1.0,1.0,1982.0,1.0,1.0,민간,,1.0,3.6666666666666665,4.0,4.75,4.8,4.5,1.8
3.0,3.0,3.0,3.0,4.0,3.0,3.0,3.0,3.0,3.0,3.0,3.0,3.0,2.0,3.0,3.0,3.0,3.0,3.0,3.0,3.0,3.0,3.0,3.0,3.0,3.0,3.0,3.0,3.0,1.0,1975.0,15.0,1.0,민간,,1.0,3.1666666666666665,3.0,2.75,3.0,3.0,3.0
4.0,5.0,4.0,5.0,3.0,4.0,3.0,3.0,3.0,3.0,3.0,2.0,3.0,4.0,3.0,3.0,4.0,3.0,3.0,3.0,4.0,4.0,5.0,4.0,3.0,3.0,3.0,4.0,4.0,1.0,1973.0,9.0,1.0,민간,,1.0,4.166666666666667,3.0,3.0,3.2,4.25,3.4
3.0,4.0,3.0,4.0,4.0,3.0,4.0,3.0,3.0,4.0,4.0,4.0,4.0,4.0,3.0,4.0,3.0,4.0,4.0,4.0,4.0,4.0,3.0,4.0,4.0,4.0,4.0,3.0,4.0,2.0,1989.0,1.0,1.0,민간,,1.0,3.5,3.6,3.75,3.8,3.75,3.8
4.0,4.0,3.0,5.0,5.0,4.0,3.0,3.0,4.0,4.0,4.0,4.0,4.0,4.0,4.0,4.0,5.0,4.0,4.0,4.0,3.0,3.0,3.0,3.0,2.0,3.0,3.0,3.0,3.0,2.0,1990.0,6.0,1.0,민간,,1.0,4.166666666666667,3.6,4.0,4.2,3.0,2.8
4.0,3.0,3.0,3.0,3.0,4.0,2.0,2.0,3.0,2.0,2.0,3.0,4.0,3.0,3.0,2.0,2.0,2.0,3.0,3.0,4.0,4.0,4.0,3.0,2.0,2.0,3.0,3.0,3.0,1.0,1963.0,1.0,1.0,민간,,1.0,3.3333333333333335,2.2,3.25,2.4,3.75,2.6
2.0,1.0,2.0,2.0,1.0,3.0,3.0,2.0,2.0,2.0,3.0,3.0,3.0,2.0,2.0,2.0,2.0,3.0,3.0,2.0,2.0,2.0,2.0,3.0,3.0,2.0,2.0,3.0,3.0,1.0,1973.0,9.0,1.0,민간,,1.0,1.8333333333333333,2.4,2.5,2.4,2.25,2.6
4.0,3.0,5.0,4.0,4.0,3.0,3.0,4.0,3.0,5.0,4.0,3.0,4.0,3.0,5.0,2.0,4.0,5.0,3.0,4.0,4.0,5.0,3.0,4.0,3.0,5.0,4.0,3.0,4.0,1.0,1997.0,5.0,1.0,민간,,1.0,3.8333333333333335,3.8,3.75,3.6,4.0,3.8
4.0,3.0,4.0,4.0,4.0,4.0,2.0,2.0,3.0,3.0,3.0,3.0,3.0,3.0,3.0,2.0,2.0,2.0,2.0,2.0,4.0,4.0,3.0,3.0,2.0,2.0,3.0,2.0,2.0,2.0,1980.0,1.0,1.0,민간,,1.0,3.8333333333333335,2.6,3.0,2.0,3.5,2.2
4.0,4.0,3.0,3.0,3.0,4.0,2.0,2.0,3.0,3.0,3.0,2.0,3.0,3.0,3.0,2.0,2.0,3.0,3.0,2.0,4.0,4.0,3.0,4.0,4.0,4.0,3.0,3.0,3.0,2.0,1968.0,1.0,1.0,민간,,1.0,3.5,2.6,2.75,2.4,3.75,3.4
3.0,4.0,3.0,4.0,4.0,4.0,2.0,3.0,4.0,4.0,4.0,3.0,4.0,3.0,4.0,4.0,4.0,4.0,3.0,4.0,4.0,4.0,3.0,4.0,4.0,3.0,4.0,4.0,4.0,2.0,1988.0,9.0,1.0,민간,,1.0,3.6666666666666665,3.4,3.5,3.8,3.75,3.8
4.0,3.0,4.0,4.0,4.0,4.0,3.0,3.0,4.0,4.0,3.0,4.0,3.0,4.0,4.0,3.0,3.0,3.0,3.0,3.0,5.0,4.0,3.0,3.0,4.0,4.0,4.0,4.0,4.0,1.0,1980.0,1.0,1.0,민간,,1.0,3.8333333333333335,3.4,3.75,3.0,3.75,4.0
4.0,5.0,3.0,5.0,4.0,4.0,4.0,4.0,4.0,4.0,4.0,5.0,5.0,4.0,4.0,4.0,4.0,4.0,4.0,4.0,2.0,4.0,3.0,4.0,2.0,2.0,3.0,2.0,2.0,1.0,1980.0,1.0,1.0,민간,,1.0,4.166666666666667,4.0,4.5,4.0,3.25,2.2
4.0,3.0,4.0,4.0,4.0,3.0,4.0,3.0,4.0,3.0,4.0,4.0,3.0,4.0,3.0,4.0,3.0,4.0,4.0,4.0,5.0,4.0,4.0,5.0,3.0,3.0,2.0,3.0,2.0,1.0,1976.0,9.0,1.0,민간,,1.0,3.6666666666666665,3.6,3.5,3.8,4.5,2.6
3.0,3.0,4.0,4.0,4.0,4.0,2.0,2.0,2.0,2.0,2.0,3.0,3.0,3.0,3.0,2.0,2.0,2.0,2.0,2.0,4.0,4.0,4.0,4.0,3.0,3.0,3.0,4.0,3.0,2.0,1983.0,15.0,1.0,민간,,1.0,3.6666666666666665,2.0,3.0,2.0,4.0,3.2
3.0,3.0,1.0,4.0,3.0,5.0,1.0,1.0,1.0,1.0,1.0,3.0,3.0,4.0,3.0,1.0,1.0,1.0,1.0,1.0,4.0,4.0,4.0,4.0,1.0,1.0,1.0,5.0,1.0,1.0,1984.0,13.0,1.0,민간,,1.0,3.1666666666666665,1.0,3.25,1.0,4.0,1.8
4.0,3.0,4.0,3.0,3.0,4.0,3.0,3.0,3.0,4.0,3.0,4.0,4.0,3.0,3.0,3.0,4.0,4.0,3.0,4.0,4.0,3.0,4.0,3.0,3.0,4.0,3.0,3.0,4.0,1.0,1972.0,9.0,1.0,민간,,1.0,3.5,3.2,3.5,3.6,3.5,3.4
3.0,3.0,3.0,3.0,3.0,3.0,3.0,3.0,3.0,2.0,2.0,2.0,3.0,3.0,2.0,2.0,2.0,2.0,3.0,2.0,3.0,3.0,3.0,3.0,1.0,1.0,2.0,3.0,1.0,2.0,1978.0,2.0,1.0,민간,,1.0,3.0,2.6,2.5,2.2,3.0,1.6
1.0,1.0,1.0,4.0,1.0,4.0,1.0,1.0,1.0,1.0,1.0,1.0,1.0,1.0,1.0,2.0,3.0,1.0,1.0,1.0,5.0,5.0,5.0,4.0,2.0,3.0,1.0,1.0,1.0,2.0,1989.0,12.0,1.0,민간,,1.0,2.0,1.0,1.0,1.6,4.75,1.6
4.0,3.0,3.0,4.0,3.0,3.0,4.0,3.0,3.0,4.0,3.0,3.0,4.0,3.0,3.0,3.0,3.0,4.0,3.0,3.0,3.0,3.0,4.0,3.0,3.0,3.0,2.0,3.0,3.0,1.0,1988.0,2.0,1.0,민간,,1.0,3.3333333333333335,3.4,3.25,3.2,3.25,2.8
4.0,3.0,2.0,3.0,3.0,4.0,2.0,2.0,2.0,2.0,3.0,3.0,3.0,3.0,2.0,2.0,2.0,2.0,3.0,2.0,4.0,3.0,3.0,2.0,2.0,3.0,4.0,4.0,4.0,1.0,1968.0,8.0,1.0,민간,,1.0,3.1666666666666665,2.2,2.75,2.2,3.0,3.4
3.0,4.0,4.0,4.0,3.0,3.0,3.0,4.0,4.0,3.0,4.0,3.0,4.0,3.0,3.0,4.0,4.0,5.0,4.0,5.0,4.0,3.0,4.0,4.0,2.0,2.0,3.0,2.0,3.0,1.0,1974.0,9.0,1.0,민간,,1.0,3.5,3.6,3.25,4.4,3.75,2.4
2.0,2.0,1.0,4.0,3.0,4.0,1.0,4.0,1.0,3.0,2.0,4.0,4.0,3.0,4.0,3.0,3.0,4.0,3.0,3.0,5.0,4.0,2.0,4.0,2.0,3.0,4.0,4.0,3.0,2.0,1979.0,6.0,1.0,민간,,1.0,2.6666666666666665,2.2,3.75,3.2,3.75,3.2
4.0,3.0,4.0,4.0,3.0,4.0,4.0,3.0,4.0,4.0,3.0,3.0,4.0,5.0,4.0,4.0,3.0,3.0,4.0,4.0,3.0,3.0,4.0,4.0,4.0,4.0,3.0,4.0,5.0,2.0,2000.0,9.0,1.0,민간,,1.0,3.6666666666666665,3.6,4.0,3.6,3.5,4.0
4.0,4.0,5.0,4.0,4.0,3.0,4.0,4.0,4.0,4.0,4.0,4.0,4.0,4.0,4.0,4.0,5.0,5.0,4.0,4.0,4.0,3.0,4.0,5.0,4.0,4.0,5.0,4.0,3.0,1.0,1979.0,3.0,1.0,민간,,1.0,4.0,4.0,4.0,4.4,4.0,4.0
4.0,2.0,4.0,4.0,4.0,3.0,4.0,2.0,4.0,2.0,3.0,3.0,2.0,3.0,3.0,3.0,3.0,3.0,4.0,3.0,4.0,3.0,4.0,4.0,2.0,3.0,2.0,2.0,1.0,1.0,1968.0,9.0,1.0,민간,,1.0,3.5,3.0,2.75,3.2,3.75,2.0
4.0,3.0,4.0,4.0,4.0,4.0,3.0,4.0,3.0,3.0,3.0,4.0,4.0,4.0,4.0,3.0,4.0,4.0,4.0,4.0,4.0,4.0,4.0,4.0,4.0,4.0,4.0,4.0,4.0,2.0,1983.0,3.0,1.0,민간,,1.0,3.8333333333333335,3.2,4.0,3.8,4.0,4.0
4.0,4.0,4.0,4.0,4.0,4.0,5.0,5.0,4.0,4.0,5.0,5.0,4.0,5.0,5.0,4.0,5.0,4.0,5.0,4.0,4.0,4.0,5.0,4.0,4.0,5.0,4.0,5.0,4.0,1.0,1981.0,1.0,1.0,민간,,1.0,4.0,4.6,4.75,4.4,4.25,4.4
4.0,4.0,4.0,4.0,4.0,3.0,3.0,3.0,2.0,3.0,3.0,2.0,3.0,3.0,2.0,3.0,3.0,2.0,3.0,2.0,4.0,3.0,3.0,3.0,3.0,2.0,3.0,3.0,2.0,1.0,1976.0,3.0,1.0,민간,,1.0,3.8333333333333335,2.8,2.5,2.6,3.25,2.6
4.0,3.0,4.0,5.0,4.0,3.0,4.0,4.0,4.0,4.0,5.0,4.0,5.0,5.0,4.0,4.0,4.0,4.0,5.0,4.0,4.0,4.0,5.0,5.0,4.0,4.0,5.0,4.0,4.0,1.0,1965.0,1.0,1.0,민간,,1.0,3.8333333333333335,4.2,4.5,4.2,4.5,4.2
2.0,2.0,3.0,3.0,3.0,3.0,3.0,3.0,3.0,3.0,3.0,2.0,4.0,3.0,3.0,4.0,3.0,3.0,3.0,3.0,4.0,3.0,3.0,4.0,3.0,3.0,4.0,3.0,3.0,2.0,1992.0,2.0,1.0,민간,,1.0,2.6666666666666665,3.0,3.0,3.2,3.5,3.2
3.0,3.0,3.0,4.0,3.0,4.0,2.0,2.0,2.0,3.0,3.0,2.0,3.0,2.0,3.0,3.0,2.0,3.0,3.0,3.0,3.0,3.0,3.0,3.0,3.0,2.0,2.0,3.0,3.0,2.0,1981.0,16.0,1.0,민간,,1.0,3.3333333333333335,2.4,2.5,2.8,3.0,2.6
4.0,4.0,4.0,5.0,5.0,5.0,4.0,3.0,2.0,4.0,4.0,4.0,3.0,3.0,3.0,4.0,4.0,4.0,4.0,4.0,4.0,4.0,4.0,4.0,2.0,2.0,3.0,2.0,2.0,2.0,1978.0,10.0,1.0,민간,,1.0,4.5,3.4,3.25,4.0,4.0,2.2
4.0,4.0,4.0,4.0,4.0,3.0,4.0,4.0,4.0,4.0,3.0,4.0,4.0,4.0,4.0,4.0,4.0,3.0,4.0,3.0,2.0,3.0,3.0,3.0,2.0,2.0,3.0,3.0,4.0,2.0,1968.0,14.0,1.0,민간,,1.0,3.8333333333333335,3.8,4.0,3.6,2.75,2.8
4.0,3.0,4.0,3.0,3.0,3.0,3.0,4.0,3.0,2.0,2.0,3.0,4.0,4.0,3.0,3.0,4.0,3.0,2.0,4.0,4.0,4.0,3.0,4.0,3.0,4.0,3.0,3.0,2.0,1.0,1967.0,9.0,1.0,민간,,1.0,3.3333333333333335,2.8,3.5,3.2,3.75,3.0
2.0,2.0,2.0,2.0,2.0,1.0,3.0,2.0,2.0,3.0,3.0,2.0,3.0,3.0,3.0,3.0,2.0,3.0,3.0,4.0,4.0,3.0,3.0,3.0,2.0,2.0,2.0,3.0,3.0,1.0,1963.0,1.0,1.0,민간,,1.0,1.8333333333333333,2.6,2.75,3.0,3.25,2.4
3.0,4.0,1.0,2.0,2.0,4.0,1.0,1.0,1.0,1.0,1.0,1.0,3.0,3.0,3.0,1.0,1.0,2.0,3.0,2.0,3.0,4.0,4.0,4.0,1.0,1.0,1.0,1.0,1.0,1.0,1989.0,9.0,1.0,민간,,1.0,2.6666666666666665,1.0,2.5,1.8,3.75,1.0
3.0,4.0,3.0,3.0,3.0,4.0,3.0,4.0,4.0,4.0,4.0,4.0,4.0,4.0,3.0,3.0,3.0,3.0,3.0,5.0,3.0,2.0,3.0,3.0,2.0,3.0,3.0,4.0,2.0,2.0,1970.0,1.0,1.0,민간,,1.0,3.3333333333333335,3.8,3.75,3.4,2.75,2.8
4.0,3.0,4.0,3.0,4.0,3.0,3.0,4.0,3.0,2.0,3.0,4.0,3.0,3.0,4.0,3.0,3.0,4.0,3.0,3.0,3.0,4.0,4.0,3.0,3.0,4.0,3.0,3.0,2.0,2.0,1975.0,1.0,1.0,민간,,1.0,3.5,3.0,3.5,3.2,3.5,3.0
3.0,3.0,3.0,3.0,2.0,4.0,4.0,3.0,3.0,3.0,3.0,3.0,3.0,3.0,3.0,3.0,4.0,3.0,3.0,3.0,3.0,4.0,3.0,5.0,3.0,4.0,4.0,4.0,5.0,2.0,1976.0,16.0,1.0,민간,,1.0,3.0,3.2,3.0,3.2,3.75,4.0
2.0,3.0,2.0,4.0,3.0,3.0,2.0,3.0,2.0,2.0,3.0,3.0,3.0,3.0,3.0,3.0,3.0,2.0,3.0,4.0,3.0,4.0,4.0,4.0,3.0,2.0,4.0,3.0,4.0,1.0,1966.0,1.0,1.0,민간,,1.0,2.8333333333333335,2.4,3.0,3.0,3.75,3.2
1.0,2.0,2.0,1.0,2.0,4.0,2.0,1.0,2.0,1.0,1.0,1.0,2.0,2.0,1.0,2.0,1.0,2.0,1.0,1.0,2.0,4.0,4.0,3.0,2.0,1.0,4.0,2.0,3.0,2.0,1985.0,1.0,1.0,민간,,1.0,2.0,1.4,1.5,1.4,3.25,2.4
3.0,4.0,3.0,4.0,4.0,4.0,2.0,2.0,3.0,2.0,3.0,3.0,3.0,3.0,3.0,3.0,3.0,3.0,2.0,3.0,3.0,3.0,3.0,3.0,4.0,4.0,4.0,3.0,3.0,1.0,1973.0,1.0,1.0,민간,,1.0,3.6666666666666665,2.4,3.0,2.8,3.0,3.6
4.0,5.0,5.0,4.0,4.0,5.0,4.0,4.0,5.0,5.0,4.0,4.0,3.0,4.0,4.0,4.0,5.0,5.0,4.0,4.0,4.0,5.0,5.0,4.0,5.0,4.0,5.0,5.0,4.0,2.0,1989.0,1.0,1.0,민간,,1.0,4.5,4.4,3.75,4.4,4.5,4.6
4.0,3.0,2.0,4.0,4.0,3.0,4.0,3.0,4.0,4.0,4.0,4.0,4.0,4.0,4.0,4.0,4.0,4.0,4.0,4.0,5.0,4.0,4.0,4.0,3.0,3.0,3.0,2.0,3.0,1.0,1981.0,6.0,1.0,민간,,1.0,3.3333333333333335,3.8,4.0,4.0,4.25,2.8
4.0,5.0,5.0,4.0,4.0,5.0,4.0,5.0,4.0,3.0,3.0,4.0,4.0,5.0,5.0,4.0,5.0,5.0,4.0,4.0,5.0,5.0,4.0,4.0,5.0,4.0,4.0,3.0,4.0,2.0,1998.0,1.0,1.0,민간,,1.0,4.5,3.8,4.5,4.4,4.5,4.0
4.0,3.0,3.0,4.0,4.0,4.0,4.0,4.0,3.0,3.0,3.0,4.0,4.0,4.0,4.0,4.0,4.0,4.0,4.0,4.0,5.0,4.0,4.0,4.0,3.0,4.0,4.0,3.0,3.0,2.0,1983.0,9.0,1.0,민간,,1.0,3.6666666666666665,3.4,4.0,4.0,4.25,3.4
2.0,2.0,2.0,2.0,2.0,3.0,3.0,3.0,3.0,3.0,3.0,4.0,4.0,4.0,4.0,4.0,4.0,3.0,4.0,4.0,4.0,3.0,3.0,3.0,2.0,2.0,2.0,2.0,2.0,2.0,1982.0,1.0,1.0,민간,,1.0,2.1666666666666665,3.0,4.0,3.8,3.25,2.0
2.0,1.0,3.0,4.0,3.0,2.0,3.0,4.0,3.0,3.0,3.0,3.0,3.0,4.0,3.0,3.0,4.0,2.0,3.0,3.0,3.0,4.0,3.0,3.0,3.0,4.0,3.0,3.0,2.0,2.0,1992.0,1.0,1.0,민간,,1.0,2.5,3.2,3.25,3.0,3.25,3.0
4.0,4.0,3.0,4.0,4.0,4.0,2.0,3.0,3.0,3.0,3.0,3.0,3.0,4.0,4.0,4.0,3.0,3.0,4.0,3.0,4.0,4.0,4.0,3.0,4.0,4.0,4.0,2.0,2.0,1.0,1972.0,1.0,1.0,민간,,1.0,3.8333333333333335,2.8,3.5,3.4,3.75,3.2
5.0,5.0,4.0,4.0,4.0,4.0,4.0,4.0,4.0,5.0,5.0,5.0,5.0,5.0,5.0,4.0,4.0,4.0,5.0,5.0,4.0,4.0,4.0,4.0,4.0,4.0,4.0,5.0,5.0,1.0,1966.0,17.0,1.0,민간,,1.0,4.333333333333333,4.4,5.0,4.4,4.0,4.4
3.0,3.0,4.0,4.0,4.0,4.0,3.0,4.0,3.0,3.0,4.0,3.0,4.0,4.0,3.0,3.0,3.0,3.0,3.0,3.0,3.0,2.0,3.0,2.0,3.0,3.0,3.0,4.0,3.0,1.0,1976.0,4.0,1.0,민간,,1.0,3.6666666666666665,3.4,3.5,3.0,2.5,3.2
4.0,3.0,3.0,3.0,3.0,4.0,3.0,3.0,4.0,3.0,4.0,3.0,4.0,4.0,4.0,4.0,4.0,3.0,3.0,4.0,3.0,3.0,5.0,4.0,3.0,3.0,4.0,2.0,3.0,2.0,1987.0,1.0,1.0,민간,,1.0,3.3333333333333335,3.4,3.75,3.6,3.75,3.0
4.0,3.0,3.0,4.0,4.0,3.0,2.0,2.0,3.0,3.0,3.0,2.0,3.0,4.0,3.0,3.0,2.0,2.0,2.0,3.0,4.0,3.0,3.0,3.0,3.0,4.0,4.0,3.0,4.0,1.0,1970.0,9.0,1.0,민간,,1.0,3.5,2.6,3.0,2.4,3.25,3.6
2.0,2.0,2.0,4.0,2.0,3.0,2.0,2.0,2.0,2.0,2.0,2.0,4.0,2.0,3.0,4.0,5.0,3.0,3.0,3.0,2.0,2.0,2.0,2.0,2.0,3.0,2.0,2.0,2.0,2.0,1985.0,7.0,1.0,민간,,1.0,2.5,2.0,2.75,3.6,2.0,2.2
5.0,4.0,5.0,5.0,5.0,4.0,4.0,4.0,4.0,5.0,4.0,5.0,5.0,5.0,4.0,4.0,4.0,3.0,4.0,5.0,5.0,4.0,4.0,5.0,2.0,3.0,3.0,4.0,3.0,1.0,1961.0,1.0,1.0,민간,,1.0,4.666666666666667,4.2,4.75,4.0,4.5,3.0
1.0,2.0,2.0,3.0,3.0,4.0,3.0,3.0,5.0,4.0,3.0,3.0,4.0,2.0,3.0,4.0,4.0,3.0,3.0,3.0,4.0,4.0,2.0,3.0,3.0,3.0,3.0,4.0,1.0,1.0,1995.0,9.0,1.0,민간,,1.0,2.5,3.6,3.0,3.4,3.25,2.8
4.0,5.0,3.0,5.0,4.0,4.0,4.0,5.0,4.0,5.0,4.0,4.0,5.0,4.0,4.0,5.0,4.0,4.0,4.0,4.0,4.0,4.0,4.0,3.0,2.0,3.0,4.0,3.0,3.0,2.0,1974.0,9.0,1.0,민간,,1.0,4.166666666666667,4.4,4.25,4.2,3.75,3.0
4.0,3.0,1.0,4.0,4.0,3.0,3.0,3.0,1.0,2.0,2.0,1.0,5.0,4.0,2.0,1.0,1.0,1.0,2.0,2.0,4.0,4.0,5.0,3.0,2.0,1.0,2.0,3.0,4.0,1.0,1969.0,9.0,1.0,민간,,1.0,3.1666666666666665,2.2,3.0,1.4,4.0,2.4
4.0,3.0,2.0,3.0,3.0,4.0,4.0,4.0,3.0,2.0,2.0,3.0,4.0,1.0,1.0,2.0,1.0,2.0,2.0,2.0,3.0,4.0,4.0,4.0,3.0,2.0,3.0,2.0,2.0,2.0,1980.0,1.0,1.0,민간,,1.0,3.1666666666666665,3.0,2.25,1.8,3.75,2.4
1.0,3.0,1.0,3.0,3.0,1.0,2.0,2.0,3.0,3.0,3.0,1.0,2.0,2.0,2.0,3.0,3.0,2.0,2.0,2.0,5.0,3.0,3.0,4.0,2.0,2.0,2.0,4.0,3.0,1.0,1985.0,2.0,1.0,민간,,1.0,2.0,2.6,1.75,2.4,3.75,2.6
5.0,2.0,4.0,4.0,4.0,4.0,2.0,4.0,2.0,4.0,4.0,4.0,4.0,4.0,3.0,4.0,4.0,4.0,5.0,5.0,3.0,4.0,5.0,4.0,4.0,4.0,3.0,4.0,4.0,2.0,1971.0,10.0,1.0,민간,,1.0,3.8333333333333335,3.2,3.75,4.4,4.0,3.8
4.0,4.0,2.0,5.0,4.0,4.0,5.0,5.0,4.0,3.0,5.0,4.0,4.0,5.0,3.0,4.0,5.0,4.0,4.0,4.0,4.0,4.0,4.0,3.0,4.0,5.0,3.0,4.0,4.0,2.0,1996.0,1.0,1.0,민간,,1.0,3.8333333333333335,4.4,4.0,4.2,3.75,4.0
2.0,3.0,2.0,2.0,3.0,2.0,2.0,2.0,3.0,2.0,1.0,2.0,3.0,3.0,3.0,2.0,3.0,3.0,2.0,2.0,4.0,4.0,3.0,3.0,3.0,3.0,3.0,3.0,2.0,1.0,1982.0,9.0,1.0,민간,,1.0,2.3333333333333335,2.0,2.75,2.4,3.5,2.8
2.0,2.0,2.0,2.0,2.0,2.0,2.0,1.0,3.0,2.0,2.0,2.0,4.0,4.0,3.0,3.0,2.0,2.0,2.0,2.0,4.0,4.0,4.0,3.0,2.0,2.0,2.0,4.0,1.0,1.0,1984.0,1.0,1.0,민간,,1.0,2.0,2.0,3.25,2.2,3.75,2.2
3.0,4.0,1.0,2.0,2.0,1.0,2.0,3.0,4.0,3.0,2.0,3.0,2.0,2.0,4.0,3.0,2.0,2.0,4.0,3.0,3.0,4.0,5.0,4.0,2.0,3.0,4.0,5.0,3.0,1.0,1983.0,15.0,1.0,민간,,1.0,2.1666666666666665,2.8,2.75,2.8,4.0,3.4
2.0,2.0,2.0,3.0,2.0,3.0,2.0,2.0,2.0,2.0,2.0,3.0,3.0,3.0,3.0,2.0,2.0,2.0,3.0,2.0,4.0,3.0,3.0,3.0,2.0,2.0,3.0,3.0,2.0,2.0,1973.0,1.0,1.0,민간,,1.0,2.3333333333333335,2.0,3.0,2.2,3.25,2.4
3.0,4.0,4.0,4.0,4.0,3.0,4.0,4.0,4.0,4.0,4.0,4.0,4.0,4.0,4.0,4.0,4.0,4.0,4.0,4.0,4.0,4.0,4.0,4.0,3.0,4.0,3.0,3.0,3.0,2.0,1986.0,9.0,1.0,민간,,1.0,3.6666666666666665,4.0,4.0,4.0,4.0,3.2
1.0,1.0,3.0,3.0,2.0,3.0,1.0,1.0,1.0,1.0,1.0,1.0,2.0,3.0,4.0,2.0,1.0,2.0,1.0,1.0,5.0,5.0,5.0,3.0,1.0,1.0,1.0,1.0,1.0,2.0,1980.0,9.0,1.0,민간,,1.0,2.1666666666666665,1.0,2.5,1.4,4.5,1.0
3.0,4.0,4.0,3.0,3.0,3.0,5.0,4.0,4.0,5.0,5.0,4.0,4.0,4.0,5.0,4.0,4.0,5.0,5.0,5.0,4.0,4.0,3.0,3.0,4.0,3.0,3.0,4.0,4.0,1.0,1974.0,9.0,1.0,민간,,1.0,3.3333333333333335,4.6,4.25,4.6,3.5,3.6
2.0,1.0,2.0,4.0,2.0,3.0,3.0,3.0,2.0,3.0,2.0,3.0,3.0,2.0,2.0,3.0,3.0,3.0,4.0,3.0,4.0,4.0,4.0,4.0,4.0,4.0,4.0,4.0,4.0,2.0,1983.0,17.0,1.0,민간,,1.0,2.3333333333333335,2.6,2.5,3.2,4.0,4.0
4.0,3.0,4.0,4.0,4.0,4.0,3.0,4.0,4.0,4.0,3.0,4.0,4.0,3.0,3.0,4.0,4.0,4.0,3.0,4.0,4.0,4.0,4.0,4.0,3.0,3.0,3.0,3.0,2.0,1.0,1962.0,3.0,1.0,민간,,1.0,3.8333333333333335,3.6,3.5,3.8,4.0,2.8
4.0,3.0,4.0,4.0,4.0,3.0,4.0,4.0,3.0,3.0,4.0,4.0,4.0,4.0,5.0,4.0,5.0,4.0,4.0,5.0,4.0,4.0,3.0,4.0,4.0,4.0,5.0,4.0,4.0,2.0,1980.0,7.0,1.0,민간,,1.0,3.6666666666666665,3.6,4.25,4.4,3.75,4.2
1.0,2.0,4.0,1.0,2.0,1.0,2.0,2.0,1.0,2.0,2.0,1.0,2.0,3.0,2.0,4.0,4.0,4.0,4.0,3.0,5.0,5.0,5.0,4.0,4.0,4.0,5.0,4.0,4.0,1.0,1972.0,7.0,1.0,민간,,1.0,1.8333333333333333,1.8,2.0,3.8,4.75,4.2
5.0,4.0,5.0,4.0,5.0,5.0,5.0,4.0,5.0,5.0,5.0,5.0,4.0,5.0,5.0,5.0,4.0,5.0,5.0,4.0,5.0,4.0,5.0,4.0,5.0,4.0,4.0,5.0,5.0,2.0,1961.0,9.0,1.0,민간,,1.0,4.666666666666667,4.8,4.75,4.6,4.5,4.6
2.0,3.0,3.0,4.0,3.0,4.0,3.0,3.0,3.0,3.0,3.0,4.0,4.0,4.0,4.0,4.0,3.0,4.0,3.0,4.0,4.0,3.0,4.0,3.0,2.0,3.0,4.0,3.0,2.0,2.0,1999.0,8.0,1.0,민간,,1.0,3.1666666666666665,3.0,4.0,3.6,3.5,2.8
3.0,3.0,2.0,4.0,4.0,4.0,3.0,3.0,4.0,4.0,4.0,4.0,5.0,4.0,5.0,4.0,4.0,4.0,3.0,4.0,4.0,3.0,3.0,3.0,2.0,3.0,4.0,4.0,2.0,2.0,1986.0,1.0,1.0,민간,,1.0,3.3333333333333335,3.6,4.5,3.8,3.25,3.0
4.0,3.0,2.0,3.0,3.0,3.0,2.0,2.0,2.0,2.0,2.0,2.0,2.0,2.0,2.0,2.0,2.0,2.0,2.0,2.0,3.0,4.0,3.0,3.0,3.0,3.0,4.0,3.0,2.0,1.0,1967.0,6.0,1.0,민간,,1.0,3.0,2.0,2.0,2.0,3.25,3.0
2.0,2.0,4.0,1.0,3.0,4.0,3.0,3.0,3.0,2.0,4.0,2.0,3.0,3.0,3.0,2.0,3.0,3.0,3.0,3.0,4.0,4.0,3.0,3.0,3.0,3.0,3.0,3.0,3.0,1.0,1974.0,4.0,1.0,민간,,1.0,2.6666666666666665,3.0,2.75,2.8,3.5,3.0
4.0,4.0,4.0,4.0,4.0,5.0,3.0,4.0,3.0,5.0,3.0,4.0,5.0,5.0,5.0,4.0,5.0,3.0,5.0,5.0,4.0,4.0,4.0,3.0,1.0,2.0,3.0,4.0,3.0,2.0,1983.0,11.0,1.0,민간,,1.0,4.166666666666667,3.6,4.75,4.4,3.75,2.6
5.0,4.0,3.0,5.0,4.0,2.0,4.0,3.0,5.0,4.0,4.0,3.0,5.0,5.0,4.0,4.0,5.0,3.0,2.0,4.0,4.0,3.0,4.0,4.0,4.0,5.0,3.0,4.0,5.0,2.0,2000.0,1.0,1.0,민간,,1.0,3.8333333333333335,4.0,4.25,3.6,3.75,4.2
3.0,4.0,4.0,4.0,4.0,3.0,4.0,4.0,5.0,4.0,4.0,5.0,4.0,4.0,5.0,4.0,4.0,5.0,4.0,4.0,4.0,4.0,5.0,5.0,4.0,4.0,5.0,4.0,4.0,1.0,1976.0,5.0,1.0,민간,,1.0,3.6666666666666665,4.2,4.5,4.2,4.5,4.2
3.0,4.0,4.0,4.0,4.0,3.0,3.0,3.0,4.0,5.0,3.0,3.0,3.0,4.0,4.0,3.0,3.0,4.0,3.0,4.0,3.0,4.0,3.0,4.0,3.0,3.0,4.0,3.0,4.0,1.0,1993.0,4.0,1.0,민간,,1.0,3.6666666666666665,3.6,3.5,3.4,3.5,3.4
3.0,3.0,3.0,3.0,4.0,4.0,3.0,4.0,3.0,4.0,3.0,4.0,3.0,3.0,3.0,3.0,4.0,3.0,4.0,3.0,3.0,4.0,4.0,3.0,3.0,3.0,4.0,3.0,4.0,2.0,1996.0,1.0,1.0,민간,,1.0,3.3333333333333335,3.4,3.25,3.4,3.5,3.4
3.0,4.0,4.0,4.0,4.0,3.0,4.0,4.0,4.0,3.0,3.0,4.0,4.0,4.0,4.0,4.0,4.0,4.0,4.0,4.0,4.0,4.0,3.0,4.0,3.0,4.0,3.0,2.0,2.0,2.0,1991.0,2.0,1.0,민간,,1.0,3.6666666666666665,3.6,4.0,4.0,3.75,2.8
4.0,3.0,3.0,4.0,3.0,3.0,4.0,4.0,3.0,5.0,4.0,4.0,5.0,3.0,4.0,3.0,5.0,4.0,5.0,5.0,4.0,4.0,5.0,3.0,4.0,4.0,3.0,4.0,4.0,1.0,1990.0,7.0,1.0,민간,,1.0,3.3333333333333335,4.0,4.0,4.4,4.0,3.8
4.0,5.0,4.0,5.0,5.0,4.0,4.0,3.0,4.0,4.0,3.0,4.0,5.0,3.0,4.0,4.0,4.0,4.0,5.0,5.0,4.0,4.0,5.0,4.0,2.0,2.0,5.0,3.0,2.0,1.0,1964.0,1.0,1.0,민간,,1.0,4.5,3.6,4.0,4.4,4.25,2.8
4.0,4.0,3.0,5.0,4.0,5.0,3.0,3.0,4.0,3.0,3.0,5.0,5.0,5.0,4.0,3.0,3.0,2.0,2.0,2.0,4.0,4.0,5.0,5.0,4.0,4.0,5.0,3.0,4.0,1.0,1977.0,1.0,1.0,민간,,1.0,4.166666666666667,3.2,4.75,2.4,4.5,4.0
1.0,4.0,4.0,4.0,3.0,4.0,3.0,4.0,4.0,4.0,4.0,4.0,4.0,4.0,4.0,4.0,5.0,4.0,3.0,4.0,5.0,5.0,5.0,5.0,2.0,2.0,2.0,3.0,4.0,2.0,1996.0,9.0,1.0,민간,,1.0,3.3333333333333335,3.8,4.0,4.0,5.0,2.6
5.0,4.0,4.0,5.0,5.0,4.0,4.0,3.0,4.0,4.0,4.0,3.0,3.0,3.0,3.0,3.0,3.0,4.0,3.0,3.0,5.0,4.0,4.0,4.0,3.0,4.0,4.0,2.0,2.0,1.0,1972.0,1.0,1.0,민간,,1.0,4.5,3.8,3.0,3.2,4.25,3.0
3.0,3.0,3.0,4.0,4.0,3.0,4.0,3.0,4.0,4.0,4.0,3.0,4.0,4.0,3.0,4.0,4.0,4.0,3.0,4.0,4.0,4.0,5.0,4.0,3.0,3.0,4.0,4.0,3.0,1.0,1978.0,1.0,1.0,민간,,1.0,3.3333333333333335,3.8,3.5,3.8,4.25,3.4
2.0,3.0,3.0,3.0,3.0,3.0,2.0,3.0,4.0,2.0,2.0,3.0,3.0,3.0,3.0,4.0,4.0,3.0,3.0,3.0,3.0,2.0,3.0,3.0,3.0,3.0,3.0,3.0,4.0,2.0,1995.0,9.0,1.0,민간,,1.0,2.8333333333333335,2.6,3.0,3.4,2.75,3.2
3.0,3.0,4.0,4.0,3.0,4.0,3.0,3.0,3.0,3.0,2.0,2.0,2.0,2.0,2.0,2.0,1.0,1.0,2.0,2.0,4.0,4.0,4.0,4.0,2.0,2.0,4.0,4.0,2.0,2.0,1985.0,1.0,1.0,민간,,1.0,3.5,2.8,2.0,1.6,4.0,2.8
3.0,4.0,3.0,3.0,3.0,4.0,3.0,4.0,4.0,3.0,3.0,3.0,4.0,3.0,3.0,3.0,4.0,3.0,3.0,3.0,3.0,4.0,3.0,3.0,3.0,4.0,4.0,3.0,3.0,2.0,1994.0,1.0,1.0,민간,,1.0,3.3333333333333335,3.4,3.25,3.2,3.25,3.4
4.0,4.0,2.0,4.0,4.0,3.0,3.0,2.0,2.0,3.0,3.0,3.0,3.0,2.0,3.0,3.0,4.0,3.0,4.0,4.0,3.0,4.0,4.0,3.0,3.0,3.0,4.0,4.0,3.0,1.0,1976.0,1.0,1.0,민간,,1.0,3.5,2.6,2.75,3.6,3.5,3.4
4.0,3.0,4.0,4.0,3.0,3.0,5.0,5.0,5.0,5.0,5.0,5.0,5.0,5.0,4.0,3.0,4.0,4.0,4.0,4.0,3.0,4.0,4.0,3.0,4.0,5.0,3.0,2.0,1.0,1.0,1983.0,3.0,1.0,민간,,1.0,3.5,5.0,4.75,3.8,3.5,3.0
4.0,4.0,4.0,4.0,4.0,1.0,2.0,2.0,2.0,2.0,2.0,2.0,3.0,2.0,3.0,4.0,3.0,4.0,3.0,4.0,4.0,4.0,4.0,4.0,2.0,2.0,2.0,3.0,3.0,1.0,1968.0,1.0,1.0,민간,,1.0,3.5,2.0,2.5,3.6,4.0,2.4
3.0,2.0,4.0,3.0,2.0,3.0,3.0,2.0,4.0,3.0,3.0,3.0,3.0,3.0,4.0,3.0,3.0,3.0,4.0,4.0,4.0,4.0,3.0,4.0,2.0,3.0,4.0,4.0,2.0,1.0,1981.0,1.0,1.0,민간,,1.0,2.8333333333333335,3.0,3.25,3.4,3.75,3.0
2.0,2.0,1.0,3.0,4.0,3.0,3.0,2.0,4.0,4.0,2.0,3.0,3.0,3.0,2.0,4.0,4.0,3.0,3.0,3.0,4.0,4.0,3.0,4.0,2.0,2.0,3.0,2.0,3.0,1.0,1986.0,1.0,1.0,민간,,1.0,2.5,3.0,2.75,3.4,3.75,2.4
4.0,3.0,2.0,5.0,4.0,5.0,3.0,1.0,4.0,4.0,2.0,4.0,4.0,2.0,3.0,5.0,3.0,2.0,2.0,2.0,4.0,4.0,4.0,4.0,4.0,4.0,4.0,3.0,4.0,1.0,1979.0,1.0,1.0,민간,,1.0,3.8333333333333335,2.8,3.25,2.8,4.0,3.8
4.0,3.0,4.0,3.0,4.0,4.0,4.0,4.0,4.0,3.0,3.0,3.0,4.0,3.0,4.0,3.0,4.0,3.0,4.0,4.0,3.0,4.0,4.0,4.0,3.0,4.0,4.0,4.0,3.0,2.0,1989.0,1.0,1.0,민간,,1.0,3.6666666666666665,3.6,3.5,3.6,3.75,3.6
3.0,1.0,2.0,4.0,3.0,3.0,1.0,1.0,1.0,1.0,1.0,3.0,3.0,3.0,1.0,1.0,1.0,1.0,1.0,1.0,4.0,4.0,3.0,4.0,4.0,4.0,4.0,4.0,2.0,1.0,1984.0,7.0,1.0,민간,,1.0,2.6666666666666665,1.0,2.5,1.0,3.75,3.6
1.0,1.0,1.0,5.0,4.0,1.0,1.0,2.0,2.0,2.0,2.0,2.0,2.0,2.0,2.0,4.0,4.0,4.0,3.0,3.0,5.0,4.0,3.0,3.0,2.0,3.0,2.0,2.0,3.0,1.0,1989.0,9.0,1.0,민간,,1.0,2.1666666666666665,1.8,2.0,3.6,3.75,2.4
2.0,3.0,3.0,3.0,3.0,4.0,2.0,2.0,2.0,3.0,3.0,2.0,3.0,3.0,2.0,3.0,3.0,2.0,2.0,1.0,4.0,2.0,3.0,3.0,2.0,4.0,3.0,3.0,2.0,1.0,1987.0,2.0,1.0,민간,,1.0,3.0,2.4,2.5,2.2,3.0,2.8
4.0,5.0,4.0,4.0,4.0,5.0,3.0,2.0,3.0,2.0,3.0,4.0,3.0,4.0,3.0,2.0,2.0,3.0,1.0,2.0,4.0,4.0,3.0,4.0,3.0,3.0,4.0,2.0,3.0,2.0,1979.0,1.0,1.0,민간,,1.0,4.333333333333333,2.6,3.5,2.0,3.75,3.0
4.0,4.0,2.0,1.0,3.0,3.0,2.0,2.0,2.0,1.0,1.0,1.0,1.0,1.0,1.0,1.0,1.0,1.0,1.0,1.0,4.0,4.0,4.0,4.0,3.0,2.0,2.0,2.0,2.0,2.0,1987.0,2.0,1.0,민간,,1.0,2.8333333333333335,1.6,1.0,1.0,4.0,2.2
4.0,5.0,4.0,4.0,5.0,4.0,4.0,4.0,4.0,3.0,4.0,4.0,4.0,5.0,4.0,3.0,4.0,4.0,4.0,5.0,4.0,4.0,4.0,5.0,4.0,4.0,5.0,4.0,4.0,1.0,1982.0,1.0,1.0,민간,,1.0,4.333333333333333,3.8,4.25,4.0,4.25,4.2
4.0,2.0,3.0,4.0,3.0,4.0,1.0,1.0,1.0,1.0,1.0,2.0,5.0,5.0,4.0,1.0,1.0,1.0,1.0,1.0,5.0,5.0,5.0,5.0,3.0,3.0,4.0,3.0,3.0,2.0,1976.0,16.0,1.0,민간,,1.0,3.3333333333333335,1.0,4.0,1.0,5.0,3.2
4.0,4.0,4.0,5.0,5.0,4.0,3.0,3.0,4.0,3.0,3.0,4.0,3.0,3.0,3.0,3.0,4.0,3.0,3.0,4.0,3.0,4.0,4.0,4.0,2.0,3.0,3.0,3.0,1.0,1.0,1975.0,1.0,1.0,민간,,1.0,4.333333333333333,3.2,3.25,3.4,3.75,2.4
5.0,5.0,5.0,5.0,5.0,5.0,3.0,3.0,3.0,3.0,3.0,3.0,3.0,3.0,3.0,5.0,5.0,5.0,5.0,5.0,5.0,5.0,5.0,5.0,5.0,5.0,5.0,5.0,5.0,2.0,1982.0,8.0,1.0,민간,,1.0,5.0,3.0,3.0,5.0,5.0,5.0
2.0,4.0,3.0,4.0,4.0,4.0,4.0,4.0,4.0,4.0,4.0,5.0,5.0,4.0,4.0,4.0,4.0,4.0,4.0,4.0,4.0,4.0,4.0,4.0,3.0,3.0,3.0,3.0,2.0,1.0,1992.0,3.0,1.0,민간,,1.0,3.5,4.0,4.5,4.0,4.0,2.8
3.0,3.0,4.0,3.0,3.0,4.0,3.0,4.0,4.0,3.0,4.0,4.0,3.0,3.0,4.0,4.0,4.0,4.0,3.0,4.0,4.0,4.0,3.0,4.0,4.0,4.0,3.0,4.0,4.0,1.0,1971.0,1.0,1.0,민간,,1.0,3.3333333333333335,3.6,3.5,3.8,3.75,3.8
5.0,4.0,4.0,5.0,4.0,4.0,3.0,4.0,3.0,5.0,3.0,4.0,4.0,4.0,4.0,4.0,4.0,4.0,5.0,3.0,4.0,4.0,5.0,3.0,5.0,3.0,4.0,4.0,3.0,1.0,1973.0,1.0,1.0,민간,,1.0,4.333333333333333,3.6,4.0,4.0,4.0,3.8
3.0,4.0,5.0,5.0,5.0,3.0,4.0,4.0,5.0,5.0,4.0,4.0,4.0,4.0,4.0,4.0,5.0,5.0,5.0,5.0,5.0,5.0,5.0,4.0,1.0,2.0,4.0,3.0,4.0,1.0,1962.0,9.0,1.0,민간,,1.0,4.166666666666667,4.4,4.0,4.8,4.75,2.8
2.0,2.0,2.0,2.0,2.0,4.0,1.0,1.0,1.0,3.0,1.0,2.0,2.0,2.0,2.0,2.0,3.0,2.0,2.0,3.0,2.0,4.0,3.0,3.0,2.0,2.0,2.0,2.0,2.0,2.0,1992.0,1.0,1.0,민간,,1.0,2.3333333333333335,1.4,2.0,2.4,3.0,2.0
4.0,3.0,4.0,4.0,4.0,3.0,3.0,3.0,3.0,4.0,4.0,4.0,3.0,3.0,4.0,3.0,3.0,4.0,3.0,3.0,3.0,2.0,3.0,4.0,3.0,3.0,4.0,4.0,4.0,1.0,1987.0,1.0,1.0,민간,,1.0,3.6666666666666665,3.4,3.5,3.2,3.0,3.6
3.0,2.0,4.0,4.0,3.0,5.0,3.0,3.0,3.0,3.0,3.0,3.0,3.0,3.0,3.0,5.0,5.0,5.0,3.0,4.0,4.0,4.0,4.0,4.0,3.0,3.0,3.0,3.0,4.0,2.0,1985.0,9.0,1.0,민간,,1.0,3.5,3.0,3.0,4.4,4.0,3.2
2.0,2.0,3.0,3.0,2.0,2.0,2.0,3.0,3.0,4.0,3.0,3.0,3.0,2.0,3.0,3.0,4.0,3.0,3.0,3.0,4.0,3.0,3.0,3.0,2.0,3.0,3.0,3.0,2.0,1.0,1981.0,2.0,1.0,민간,,1.0,2.3333333333333335,3.0,2.75,3.2,3.25,2.6
3.0,3.0,1.0,4.0,5.0,1.0,2.0,1.0,2.0,2.0,3.0,3.0,2.0,2.0,1.0,3.0,2.0,2.0,3.0,1.0,1.0,3.0,2.0,3.0,3.0,2.0,3.0,3.0,3.0,2.0,1980.0,5.0,1.0,민간,,1.0,2.8333333333333335,2.0,2.0,2.2,2.25,2.8
4.0,3.0,4.0,4.0,4.0,4.0,3.0,3.0,4.0,4.0,4.0,4.0,3.0,4.0,3.0,3.0,3.0,4.0,4.0,3.0,5.0,4.0,4.0,4.0,3.0,4.0,3.0,4.0,3.0,1.0,1978.0,9.0,1.0,민간,,1.0,3.8333333333333335,3.6,3.5,3.4,4.25,3.4
3.0,3.0,2.0,4.0,3.0,4.0,2.0,2.0,2.0,2.0,2.0,1.0,3.0,2.0,2.0,3.0,3.0,3.0,3.0,2.0,2.0,2.0,2.0,2.0,4.0,4.0,4.0,4.0,2.0,2.0,1995.0,6.0,1.0,민간,,1.0,3.1666666666666665,2.0,2.0,2.8,2.0,3.6
3.0,3.0,3.0,4.0,3.0,4.0,3.0,3.0,4.0,3.0,3.0,3.0,3.0,3.0,3.0,4.0,4.0,4.0,5.0,4.0,4.0,5.0,5.0,5.0,4.0,4.0,2.0,2.0,2.0,1.0,1980.0,9.0,1.0,민간,,1.0,3.3333333333333335,3.2,3.0,4.2,4.75,2.8
5.0,4.0,4.0,4.0,5.0,5.0,2.0,3.0,2.0,2.0,2.0,3.0,3.0,2.0,2.0,4.0,4.0,3.0,2.0,4.0,4.0,5.0,4.0,5.0,4.0,4.0,4.0,5.0,4.0,2.0,1981.0,9.0,1.0,민간,,1.0,4.5,2.2,2.5,3.4,4.5,4.2
4.0,4.0,3.0,4.0,4.0,4.0,4.0,4.0,4.0,3.0,3.0,4.0,4.0,3.0,3.0,4.0,3.0,3.0,4.0,4.0,4.0,3.0,4.0,4.0,3.0,4.0,4.0,4.0,3.0,1.0,1983.0,16.0,1.0,민간,,1.0,3.8333333333333335,3.6,3.5,3.6,3.75,3.6
4.0,3.0,4.0,5.0,5.0,3.0,4.0,4.0,4.0,4.0,4.0,4.0,4.0,4.0,4.0,4.0,5.0,4.0,4.0,4.0,3.0,4.0,3.0,3.0,4.0,4.0,4.0,4.0,4.0,2.0,1986.0,1.0,1.0,민간,,1.0,4.0,4.0,4.0,4.2,3.25,4.0
3.0,3.0,4.0,3.0,3.0,4.0,3.0,4.0,4.0,3.0,4.0,4.0,4.0,4.0,4.0,2.0,3.0,4.0,3.0,4.0,3.0,4.0,3.0,3.0,4.0,3.0,4.0,4.0,3.0,1.0,1978.0,6.0,1.0,민간,,1.0,3.3333333333333335,3.6,4.0,3.2,3.25,3.6
3.0,2.0,4.0,3.0,3.0,3.0,2.0,2.0,2.0,3.0,2.0,3.0,3.0,3.0,4.0,3.0,4.0,3.0,2.0,4.0,4.0,3.0,2.0,3.0,4.0,4.0,4.0,4.0,5.0,2.0,1987.0,1.0,1.0,민간,,1.0,3.0,2.2,3.25,3.2,3.0,4.2
2.0,3.0,5.0,5.0,4.0,3.0,4.0,3.0,2.0,3.0,4.0,4.0,3.0,2.0,4.0,4.0,3.0,3.0,4.0,5.0,2.0,1.0,2.0,4.0,3.0,4.0,5.0,4.0,4.0,1.0,1989.0,1.0,1.0,민간,,1.0,3.6666666666666665,3.2,3.25,3.8,2.25,4.0
3.0,3.0,4.0,3.0,3.0,3.0,3.0,4.0,3.0,3.0,4.0,3.0,3.0,3.0,3.0,3.0,4.0,4.0,3.0,3.0,3.0,4.0,3.0,3.0,3.0,4.0,3.0,3.0,4.0,1.0,1983.0,1.0,1.0,민간,,1.0,3.1666666666666665,3.4,3.0,3.4,3.25,3.4
3.0,3.0,3.0,4.0,4.0,4.0,3.0,3.0,3.0,3.0,3.0,3.0,3.0,4.0,4.0,2.0,3.0,3.0,3.0,2.0,3.0,3.0,3.0,3.0,4.0,2.0,2.0,3.0,3.0,1.0,1967.0,3.0,1.0,민간,,1.0,3.5,3.0,3.5,2.6,3.0,2.8
2.0,3.0,3.0,4.0,4.0,3.0,2.0,2.0,2.0,2.0,2.0,3.0,3.0,3.0,3.0,3.0,3.0,3.0,3.0,3.0,2.0,2.0,2.0,3.0,3.0,4.0,3.0,4.0,3.0,2.0,1983.0,4.0,1.0,민간,,1.0,3.1666666666666665,2.0,3.0,3.0,2.25,3.4
4.0,4.0,4.0,4.0,4.0,4.0,3.0,4.0,4.0,4.0,3.0,4.0,4.0,4.0,4.0,4.0,3.0,4.0,4.0,3.0,5.0,4.0,4.0,4.0,3.0,3.0,4.0,3.0,4.0,1.0,1979.0,16.0,1.0,민간,,1.0,4.0,3.6,4.0,3.6,4.25,3.4
4.0,4.0,5.0,4.0,5.0,5.0,3.0,2.0,3.0,3.0,3.0,4.0,3.0,4.0,4.0,4.0,3.0,4.0,3.0,4.0,4.0,3.0,5.0,4.0,5.0,3.0,4.0,5.0,4.0,2.0,1975.0,1.0,1.0,민간,,1.0,4.5,2.8,3.75,3.6,4.0,4.2
2.0,3.0,3.0,4.0,2.0,3.0,3.0,3.0,3.0,4.0,3.0,3.0,4.0,3.0,4.0,3.0,4.0,3.0,4.0,4.0,4.0,4.0,4.0,4.0,3.0,3.0,4.0,3.0,3.0,2.0,1982.0,2.0,1.0,민간,,1.0,2.8333333333333335,3.2,3.5,3.6,4.0,3.2
3.0,3.0,3.0,4.0,4.0,4.0,3.0,3.0,3.0,3.0,3.0,3.0,3.0,3.0,3.0,4.0,4.0,4.0,4.0,4.0,4.0,4.0,4.0,3.0,4.0,4.0,4.0,2.0,2.0,2.0,1980.0,1.0,1.0,민간,,1.0,3.5,3.0,3.0,4.0,3.75,3.2
4.0,3.0,3.0,4.0,3.0,4.0,3.0,3.0,4.0,3.0,3.0,3.0,5.0,4.0,4.0,3.0,3.0,2.0,3.0,2.0,4.0,4.0,4.0,4.0,2.0,2.0,3.0,3.0,2.0,1.0,1977.0,9.0,1.0,민간,,1.0,3.5,3.2,4.0,2.6,4.0,2.4
2.0,4.0,4.0,4.0,3.0,3.0,3.0,3.0,4.0,3.0,3.0,4.0,4.0,4.0,4.0,3.0,3.0,3.0,3.0,3.0,3.0,2.0,3.0,2.0,2.0,3.0,3.0,2.0,2.0,1.0,1962.0,1.0,1.0,민간,,1.0,3.3333333333333335,3.2,4.0,3.0,2.5,2.4
4.0,5.0,4.0,4.0,4.0,5.0,4.0,4.0,5.0,4.0,4.0,5.0,4.0,5.0,5.0,4.0,4.0,4.0,5.0,5.0,4.0,4.0,5.0,5.0,4.0,5.0,4.0,5.0,4.0,1.0,1979.0,1.0,1.0,민간,,1.0,4.333333333333333,4.2,4.75,4.4,4.5,4.4
4.0,4.0,3.0,4.0,4.0,5.0,4.0,4.0,3.0,3.0,4.0,4.0,4.0,3.0,4.0,4.0,4.0,3.0,5.0,3.0,4.0,4.0,3.0,4.0,4.0,4.0,3.0,3.0,4.0,1.0,1977.0,1.0,1.0,민간,,1.0,4.0,3.6,3.75,3.8,3.75,3.6
3.0,4.0,4.0,2.0,3.0,3.0,2.0,3.0,3.0,3.0,2.0,3.0,4.0,4.0,4.0,3.0,4.0,3.0,4.0,4.0,4.0,3.0,3.0,3.0,3.0,3.0,4.0,4.0,4.0,1.0,1991.0,9.0,1.0,민간,,1.0,3.1666666666666665,2.6,3.75,3.6,3.25,3.6
5.0,5.0,4.0,4.0,5.0,4.0,3.0,4.0,3.0,3.0,4.0,4.0,4.0,4.0,3.0,4.0,4.0,3.0,3.0,4.0,4.0,3.0,3.0,4.0,3.0,3.0,3.0,4.0,3.0,1.0,1968.0,9.0,1.0,민간,,1.0,4.5,3.4,3.75,3.6,3.5,3.2
3.0,3.0,2.0,3.0,2.0,4.0,5.0,4.0,4.0,4.0,4.0,3.0,4.0,4.0,4.0,4.0,5.0,5.0,5.0,5.0,4.0,4.0,4.0,4.0,2.0,2.0,3.0,5.0,3.0,2.0,1988.0,1.0,1.0,민간,,1.0,2.8333333333333335,4.2,3.75,4.8,4.0,3.0
3.0,4.0,2.0,3.0,3.0,2.0,5.0,4.0,5.0,4.0,5.0,3.0,4.0,3.0,3.0,3.0,4.0,3.0,5.0,4.0,4.0,4.0,5.0,4.0,2.0,1.0,2.0,1.0,1.0,1.0,1997.0,1.0,1.0,민간,,1.0,2.8333333333333335,4.6,3.25,3.8,4.25,1.4
5.0,5.0,5.0,5.0,5.0,4.0,5.0,4.0,4.0,4.0,4.0,4.0,3.0,3.0,4.0,4.0,5.0,5.0,5.0,5.0,5.0,5.0,3.0,4.0,4.0,3.0,4.0,4.0,2.0,1.0,1979.0,12.0,1.0,민간,,1.0,4.833333333333333,4.2,3.5,4.8,4.25,3.4
4.0,4.0,4.0,5.0,4.0,4.0,4.0,4.0,5.0,4.0,4.0,5.0,5.0,5.0,5.0,4.0,4.0,4.0,3.0,3.0,5.0,4.0,4.0,4.0,4.0,4.0,3.0,3.0,3.0,1.0,1976.0,9.0,1.0,민간,,1.0,4.166666666666667,4.2,5.0,3.6,4.25,3.4
4.0,5.0,4.0,4.0,5.0,4.0,2.0,1.0,2.0,1.0,2.0,2.0,2.0,3.0,2.0,1.0,1.0,1.0,1.0,1.0,5.0,5.0,5.0,4.0,1.0,1.0,1.0,2.0,1.0,1.0,1981.0,9.0,1.0,민간,,1.0,4.333333333333333,1.6,2.25,1.0,4.75,1.2
2.0,2.0,2.0,1.0,1.0,2.0,4.0,3.0,4.0,4.0,4.0,4.0,3.0,4.0,2.0,4.0,3.0,4.0,5.0,4.0,4.0,4.0,5.0,4.0,4.0,5.0,2.0,3.0,4.0,1.0,1987.0,1.0,1.0,민간,,1.0,1.6666666666666667,3.8,3.25,4.0,4.25,3.6
3.0,3.0,3.0,3.0,3.0,3.0,3.0,3.0,4.0,3.0,4.0,5.0,4.0,4.0,4.0,3.0,3.0,3.0,3.0,4.0,3.0,3.0,4.0,4.0,3.0,3.0,3.0,3.0,4.0,2.0,1982.0,4.0,1.0,민간,,1.0,3.0,3.4,4.25,3.2,3.5,3.2
4.0,3.0,4.0,4.0,4.0,3.0,4.0,3.0,4.0,4.0,3.0,4.0,4.0,3.0,4.0,2.0,2.0,3.0,2.0,3.0,3.0,2.0,2.0,3.0,3.0,2.0,2.0,3.0,3.0,1.0,1973.0,1.0,1.0,민간,,1.0,3.6666666666666665,3.6,3.75,2.4,2.5,2.6
4.0,4.0,1.0,4.0,4.0,5.0,2.0,2.0,4.0,2.0,4.0,2.0,4.0,2.0,3.0,3.0,2.0,2.0,2.0,3.0,4.0,5.0,5.0,5.0,4.0,4.0,4.0,4.0,4.0,2.0,1967.0,10.0,1.0,민간,,1.0,3.6666666666666665,2.8,2.75,2.4,4.75,4.0
4.0,5.0,3.0,4.0,4.0,4.0,4.0,4.0,4.0,5.0,5.0,4.0,4.0,4.0,5.0,4.0,4.0,5.0,4.0,4.0,3.0,4.0,3.0,4.0,4.0,5.0,4.0,4.0,4.0,1.0,1982.0,1.0,1.0,민간,,1.0,4.0,4.4,4.25,4.2,3.5,4.2
5.0,4.0,4.0,5.0,5.0,5.0,2.0,1.0,2.0,2.0,2.0,3.0,3.0,3.0,3.0,2.0,3.0,3.0,4.0,4.0,5.0,5.0,3.0,4.0,4.0,4.0,4.0,2.0,3.0,1.0,1966.0,9.0,1.0,민간,,1.0,4.666666666666667,1.8,3.0,3.2,4.25,3.4
2.0,4.0,3.0,4.0,4.0,4.0,5.0,3.0,5.0,4.0,5.0,4.0,5.0,5.0,4.0,4.0,4.0,4.0,4.0,5.0,5.0,5.0,4.0,4.0,3.0,2.0,2.0,3.0,2.0,2.0,2001.0,1.0,1.0,민간,,1.0,3.5,4.4,4.5,4.2,4.5,2.4
5.0,5.0,5.0,5.0,5.0,1.0,5.0,5.0,5.0,5.0,5.0,4.0,5.0,5.0,5.0,5.0,5.0,5.0,5.0,5.0,5.0,5.0,5.0,5.0,1.0,2.0,2.0,2.0,2.0,1.0,1968.0,4.0,1.0,민간,,1.0,4.333333333333333,5.0,4.75,5.0,5.0,1.8
3.0,3.0,4.0,4.0,4.0,3.0,3.0,3.0,4.0,3.0,3.0,4.0,3.0,3.0,3.0,4.0,4.0,3.0,3.0,4.0,4.0,4.0,3.0,4.0,4.0,4.0,3.0,4.0,4.0,1.0,1970.0,9.0,1.0,민간,,1.0,3.5,3.2,3.25,3.6,3.75,3.8
3.0,4.0,4.0,3.0,4.0,4.0,4.0,3.0,4.0,3.0,3.0,4.0,3.0,4.0,3.0,4.0,3.0,4.0,3.0,4.0,4.0,3.0,4.0,4.0,4.0,3.0,4.0,4.0,3.0,2.0,1982.0,1.0,1.0,민간,,1.0,3.6666666666666665,3.4,3.5,3.6,3.75,3.6
3.0,1.0,5.0,5.0,5.0,4.0,3.0,1.0,3.0,1.0,1.0,2.0,3.0,3.0,2.0,2.0,2.0,1.0,2.0,1.0,3.0,5.0,3.0,3.0,1.0,1.0,1.0,1.0,1.0,2.0,1987.0,1.0,1.0,민간,,1.0,3.8333333333333335,1.8,2.5,1.6,3.5,1.0
3.0,4.0,4.0,5.0,5.0,5.0,4.0,4.0,4.0,5.0,4.0,5.0,4.0,5.0,4.0,5.0,5.0,4.0,4.0,5.0,4.0,4.0,5.0,4.0,1.0,2.0,2.0,2.0,1.0,1.0,1973.0,9.0,1.0,민간,,1.0,4.333333333333333,4.2,4.5,4.6,4.25,1.6
5.0,4.0,5.0,5.0,4.0,4.0,4.0,4.0,3.0,4.0,4.0,3.0,3.0,3.0,2.0,3.0,3.0,3.0,4.0,4.0,4.0,4.0,4.0,3.0,4.0,4.0,4.0,3.0,3.0,1.0,1962.0,16.0,1.0,민간,,1.0,4.5,3.8,2.75,3.4,3.75,3.6
4.0,4.0,4.0,5.0,5.0,3.0,4.0,4.0,4.0,4.0,4.0,4.0,4.0,4.0,3.0,3.0,4.0,4.0,4.0,4.0,4.0,4.0,5.0,4.0,3.0,4.0,4.0,3.0,3.0,1.0,1971.0,10.0,1.0,민간,,1.0,4.166666666666667,4.0,3.75,3.8,4.25,3.4
4.0,5.0,4.0,5.0,4.0,5.0,4.0,3.0,4.0,3.0,4.0,3.0,4.0,3.0,4.0,4.0,5.0,4.0,5.0,4.0,4.0,5.0,4.0,5.0,2.0,1.0,2.0,1.0,2.0,2.0,1962.0,1.0,1.0,민간,,1.0,4.5,3.6,3.5,4.4,4.5,1.6
3.0,4.0,3.0,5.0,4.0,2.0,3.0,4.0,3.0,3.0,4.0,4.0,4.0,4.0,4.0,4.0,4.0,4.0,4.0,5.0,4.0,4.0,4.0,5.0,3.0,2.0,3.0,2.0,4.0,1.0,1981.0,9.0,1.0,민간,,1.0,3.5,3.4,4.0,4.2,4.25,2.8
3.0,3.0,3.0,3.0,3.0,4.0,2.0,2.0,2.0,3.0,2.0,3.0,3.0,3.0,3.0,3.0,3.0,3.0,3.0,3.0,4.0,3.0,3.0,3.0,3.0,3.0,3.0,3.0,3.0,2.0,1979.0,9.0,1.0,민간,,1.0,3.1666666666666665,2.2,3.0,3.0,3.25,3.0
4.0,4.0,5.0,5.0,5.0,5.0,4.0,4.0,4.0,5.0,4.0,4.0,5.0,4.0,4.0,4.0,4.0,3.0,4.0,4.0,4.0,4.0,3.0,4.0,4.0,4.0,4.0,4.0,3.0,1.0,1980.0,16.0,1.0,민간,,1.0,4.666666666666667,4.2,4.25,3.8,3.75,3.8
4.0,4.0,3.0,4.0,4.0,4.0,3.0,3.0,4.0,4.0,4.0,4.0,4.0,3.0,4.0,4.0,3.0,3.0,4.0,3.0,4.0,4.0,4.0,3.0,2.0,2.0,3.0,2.0,2.0,1.0,1973.0,1.0,1.0,민간,,1.0,3.8333333333333335,3.6,3.75,3.4,3.75,2.2
5.0,4.0,4.0,4.0,4.0,5.0,3.0,4.0,4.0,4.0,3.0,4.0,4.0,4.0,5.0,4.0,5.0,4.0,5.0,4.0,4.0,5.0,4.0,4.0,4.0,4.0,4.0,4.0,5.0,2.0,1960.0,2.0,1.0,민간,,1.0,4.333333333333333,3.6,4.25,4.4,4.25,4.2
5.0,4.0,5.0,5.0,5.0,1.0,5.0,4.0,4.0,4.0,4.0,5.0,5.0,4.0,5.0,5.0,5.0,4.0,3.0,3.0,2.0,3.0,3.0,4.0,5.0,5.0,5.0,2.0,3.0,1.0,1982.0,9.0,1.0,민간,,1.0,4.166666666666667,4.2,4.75,4.0,3.0,4.0
1.0,1.0,1.0,1.0,1.0,1.0,1.0,1.0,1.0,1.0,1.0,1.0,1.0,1.0,1.0,1.0,1.0,1.0,1.0,1.0,1.0,1.0,1.0,1.0,1.0,1.0,1.0,1.0,1.0,2.0,1988.0,13.0,1.0,민간,,1.0,1.0,1.0,1.0,1.0,1.0,1.0
4.0,3.0,2.0,2.0,2.0,2.0,3.0,3.0,3.0,3.0,3.0,3.0,3.0,3.0,3.0,3.0,3.0,3.0,3.0,3.0,3.0,3.0,3.0,2.0,2.0,2.0,2.0,2.0,2.0,2.0,1976.0,4.0,1.0,민간,,1.0,2.5,3.0,3.0,3.0,2.75,2.0
5.0,3.0,5.0,5.0,5.0,5.0,4.0,4.0,4.0,4.0,4.0,4.0,4.0,4.0,4.0,4.0,4.0,4.0,4.0,4.0,5.0,4.0,4.0,4.0,4.0,4.0,4.0,5.0,3.0,1.0,1969.0,1.0,1.0,민간,,1.0,4.666666666666667,4.0,4.0,4.0,4.25,4.0
4.0,2.0,5.0,5.0,4.0,4.0,2.0,2.0,3.0,2.0,2.0,1.0,2.0,1.0,3.0,3.0,4.0,3.0,3.0,2.0,2.0,2.0,3.0,2.0,4.0,4.0,5.0,3.0,2.0,1.0,1970.0,5.0,1.0,민간,,1.0,4.0,2.2,1.75,3.0,2.25,3.6
1.0,5.0,4.0,5.0,4.0,5.0,4.0,5.0,5.0,4.0,5.0,5.0,5.0,5.0,4.0,4.0,4.0,5.0,4.0,5.0,4.0,4.0,4.0,5.0,3.0,2.0,2.0,3.0,3.0,1.0,1986.0,1.0,1.0,민간,,1.0,4.0,4.6,4.75,4.4,4.25,2.6
2.0,2.0,2.0,3.0,2.0,3.0,2.0,2.0,2.0,2.0,2.0,2.0,3.0,2.0,2.0,2.0,1.0,2.0,2.0,2.0,3.0,3.0,3.0,3.0,2.0,2.0,2.0,2.0,2.0,2.0,1987.0,1.0,1.0,민간,,1.0,2.3333333333333335,2.0,2.25,1.8,3.0,2.0
2.0,2.0,2.0,2.0,2.0,2.0,2.0,2.0,1.0,2.0,2.0,2.0,2.0,2.0,1.0,3.0,3.0,2.0,2.0,2.0,2.0,2.0,2.0,2.0,2.0,2.0,2.0,2.0,3.0,2.0,1981.0,1.0,1.0,민간,,1.0,2.0,1.8,1.75,2.4,2.0,2.2
3.0,2.0,3.0,3.0,2.0,3.0,2.0,2.0,2.0,3.0,3.0,2.0,2.0,2.0,2.0,2.0,2.0,2.0,2.0,2.0,3.0,3.0,2.0,2.0,2.0,3.0,3.0,3.0,3.0,1.0,1980.0,1.0,1.0,민간,,1.0,2.6666666666666665,2.4,2.0,2.0,2.5,2.8
3.0,4.0,4.0,4.0,3.0,4.0,2.0,2.0,2.0,3.0,3.0,3.0,4.0,3.0,3.0,4.0,3.0,3.0,3.0,3.0,4.0,4.0,4.0,4.0,4.0,3.0,4.0,3.0,3.0,1.0,1985.0,1.0,1.0,민간,,1.0,3.6666666666666665,2.4,3.25,3.2,4.0,3.4
3.0,2.0,1.0,3.0,3.0,2.0,1.0,2.0,3.0,2.0,1.0,3.0,4.0,4.0,3.0,3.0,2.0,1.0,2.0,3.0,3.0,2.0,2.0,2.0,2.0,2.0,3.0,4.0,4.0,1.0,1974.0,1.0,1.0,민간,,1.0,2.3333333333333335,1.8,3.5,2.2,2.25,3.0
4.0,3.0,4.0,3.0,3.0,4.0,3.0,4.0,4.0,3.0,3.0,4.0,3.0,4.0,3.0,4.0,3.0,4.0,3.0,4.0,4.0,3.0,4.0,3.0,3.0,3.0,4.0,3.0,4.0,2.0,1968.0,1.0,1.0,민간,,1.0,3.5,3.4,3.5,3.6,3.5,3.4
2.0,2.0,4.0,5.0,5.0,3.0,3.0,3.0,3.0,3.0,3.0,4.0,4.0,5.0,5.0,3.0,4.0,3.0,3.0,3.0,5.0,5.0,5.0,4.0,3.0,2.0,2.0,2.0,2.0,1.0,1968.0,9.0,1.0,민간,,1.0,3.5,3.0,4.5,3.2,4.75,2.2
4.0,4.0,4.0,4.0,4.0,4.0,3.0,2.0,3.0,2.0,3.0,3.0,4.0,4.0,4.0,3.0,4.0,4.0,4.0,4.0,3.0,4.0,4.0,4.0,4.0,4.0,4.0,4.0,3.0,2.0,1981.0,15.0,1.0,민간,,1.0,4.0,2.6,3.75,3.8,3.75,3.8
5.0,4.0,5.0,5.0,5.0,4.0,5.0,5.0,5.0,5.0,4.0,5.0,5.0,4.0,5.0,5.0,5.0,5.0,5.0,5.0,4.0,4.0,5.0,5.0,2.0,2.0,3.0,3.0,1.0,1.0,1996.0,16.0,1.0,민간,,1.0,4.666666666666667,4.8,4.75,5.0,4.5,2.2
3.0,2.0,4.0,4.0,3.0,5.0,5.0,4.0,3.0,4.0,5.0,5.0,4.0,3.0,2.0,3.0,5.0,4.0,5.0,3.0,4.0,3.0,5.0,5.0,4.0,3.0,4.0,4.0,5.0,1.0,1980.0,9.0,1.0,민간,,1.0,3.5,4.2,3.5,4.0,4.25,4.0
2.0,3.0,4.0,4.0,4.0,4.0,2.0,4.0,3.0,3.0,2.0,2.0,3.0,3.0,3.0,2.0,4.0,3.0,2.0,2.0,4.0,4.0,3.0,4.0,3.0,4.0,3.0,4.0,3.0,1.0,1975.0,8.0,1.0,민간,,1.0,3.5,2.8,2.75,2.6,3.75,3.4
5.0,4.0,4.0,5.0,5.0,4.0,4.0,4.0,4.0,4.0,5.0,4.0,5.0,4.0,4.0,4.0,4.0,4.0,5.0,4.0,4.0,4.0,4.0,5.0,4.0,4.0,5.0,5.0,3.0,1.0,1970.0,1.0,1.0,민간,,1.0,4.5,4.2,4.25,4.2,4.25,4.2
1.0,4.0,2.0,3.0,3.0,4.0,2.0,2.0,2.0,3.0,3.0,2.0,3.0,2.0,3.0,2.0,3.0,3.0,4.0,3.0,3.0,4.0,4.0,3.0,2.0,2.0,4.0,3.0,2.0,2.0,1995.0,1.0,1.0,민간,,1.0,2.8333333333333335,2.4,2.5,3.0,3.5,2.6
4.0,3.0,3.0,3.0,4.0,4.0,4.0,3.0,2.0,4.0,3.0,4.0,4.0,3.0,4.0,4.0,3.0,4.0,2.0,3.0,4.0,4.0,5.0,4.0,4.0,4.0,4.0,3.0,3.0,2.0,1993.0,1.0,1.0,민간,,1.0,3.5,3.2,3.75,3.2,4.25,3.6
3.0,4.0,3.0,4.0,3.0,3.0,3.0,4.0,3.0,3.0,4.0,3.0,3.0,3.0,3.0,3.0,3.0,4.0,3.0,4.0,3.0,3.0,4.0,3.0,3.0,4.0,3.0,3.0,3.0,2.0,1996.0,1.0,1.0,민간,,1.0,3.3333333333333335,3.4,3.0,3.4,3.25,3.2
2.0,3.0,4.0,4.0,5.0,4.0,3.0,4.0,4.0,4.0,4.0,3.0,4.0,4.0,4.0,3.0,4.0,4.0,4.0,3.0,2.0,4.0,5.0,5.0,3.0,4.0,4.0,4.0,4.0,2.0,1995.0,9.0,1.0,민간,,1.0,3.6666666666666665,3.8,3.75,3.6,4.0,3.8
2.0,5.0,2.0,5.0,4.0,4.0,4.0,2.0,3.0,3.0,5.0,2.0,4.0,3.0,5.0,2.0,3.0,3.0,4.0,3.0,2.0,1.0,2.0,1.0,1.0,2.0,3.0,1.0,1.0,1.0,1983.0,1.0,1.0,민간,,1.0,3.6666666666666665,3.4,3.5,3.0,1.5,1.6
3.0,2.0,4.0,4.0,4.0,3.0,3.0,3.0,3.0,3.0,3.0,4.0,4.0,4.0,4.0,1.0,2.0,1.0,2.0,2.0,4.0,4.0,4.0,4.0,3.0,3.0,3.0,3.0,3.0,1.0,1981.0,4.0,1.0,민간,,1.0,3.3333333333333335,3.0,4.0,1.6,4.0,3.0
5.0,5.0,5.0,5.0,5.0,4.0,5.0,5.0,4.0,4.0,5.0,5.0,5.0,5.0,5.0,5.0,5.0,5.0,5.0,4.0,5.0,4.0,5.0,5.0,3.0,2.0,3.0,3.0,2.0,2.0,1981.0,9.0,1.0,민간,,1.0,4.833333333333333,4.6,5.0,4.8,4.75,2.6
2.0,3.0,2.0,3.0,2.0,3.0,2.0,1.0,1.0,2.0,2.0,1.0,3.0,2.0,2.0,1.0,1.0,1.0,1.0,1.0,3.0,4.0,2.0,3.0,5.0,5.0,5.0,1.0,4.0,2.0,1982.0,1.0,1.0,민간,,1.0,2.5,1.6,2.0,1.0,3.0,4.0
4.0,4.0,3.0,3.0,4.0,4.0,4.0,4.0,3.0,3.0,4.0,4.0,3.0,3.0,3.0,4.0,4.0,3.0,3.0,4.0,4.0,4.0,4.0,3.0,4.0,3.0,3.0,4.0,4.0,1.0,1993.0,1.0,1.0,민간,,1.0,3.6666666666666665,3.6,3.25,3.6,3.75,3.6
5.0,5.0,5.0,5.0,5.0,5.0,5.0,5.0,5.0,5.0,5.0,5.0,5.0,5.0,5.0,4.0,5.0,4.0,4.0,5.0,4.0,4.0,5.0,4.0,4.0,4.0,5.0,2.0,2.0,1.0,1961.0,4.0,1.0,민간,,1.0,5.0,5.0,5.0,4.4,4.25,3.4
2.0,3.0,2.0,3.0,3.0,3.0,2.0,2.0,2.0,2.0,2.0,3.0,3.0,2.0,2.0,1.0,1.0,2.0,2.0,2.0,4.0,4.0,3.0,4.0,3.0,3.0,4.0,3.0,3.0,2.0,1993.0,9.0,1.0,민간,,1.0,2.6666666666666665,2.0,2.5,1.6,3.75,3.2
4.0,3.0,3.0,4.0,4.0,4.0,3.0,4.0,4.0,3.0,4.0,4.0,4.0,3.0,3.0,3.0,4.0,4.0,4.0,3.0,3.0,4.0,3.0,4.0,3.0,4.0,4.0,3.0,3.0,2.0,1985.0,16.0,1.0,민간,,1.0,3.6666666666666665,3.6,3.5,3.6,3.5,3.4
4.0,3.0,4.0,5.0,4.0,5.0,5.0,3.0,3.0,5.0,3.0,2.0,1.0,3.0,4.0,4.0,3.0,4.0,5.0,2.0,3.0,4.0,3.0,3.0,3.0,4.0,5.0,3.0,3.0,1.0,1988.0,9.0,1.0,민간,,1.0,4.166666666666667,3.8,2.5,3.6,3.25,3.6
2.0,2.0,2.0,4.0,3.0,3.0,4.0,4.0,4.0,4.0,4.0,3.0,4.0,4.0,3.0,4.0,3.0,4.0,4.0,4.0,4.0,3.0,4.0,3.0,3.0,3.0,3.0,3.0,4.0,1.0,1979.0,9.0,1.0,민간,,1.0,2.6666666666666665,4.0,3.5,3.8,3.5,3.2
3.0,3.0,4.0,3.0,4.0,4.0,3.0,4.0,4.0,3.0,3.0,4.0,4.0,4.0,4.0,3.0,4.0,4.0,3.0,3.0,3.0,4.0,4.0,3.0,3.0,3.0,4.0,4.0,3.0,1.0,1991.0,9.0,1.0,민간,,1.0,3.5,3.4,4.0,3.4,3.5,3.4
3.0,3.0,3.0,4.0,2.0,3.0,3.0,2.0,3.0,3.0,3.0,2.0,3.0,2.0,3.0,3.0,2.0,3.0,3.0,2.0,3.0,3.0,3.0,2.0,3.0,2.0,3.0,2.0,3.0,1.0,1979.0,1.0,1.0,민간,,1.0,3.0,2.8,2.5,2.6,2.75,2.6
4.0,4.0,4.0,4.0,5.0,4.0,4.0,4.0,4.0,3.0,4.0,5.0,4.0,3.0,3.0,4.0,3.0,4.0,3.0,3.0,5.0,4.0,5.0,5.0,5.0,4.0,5.0,4.0,5.0,1.0,1973.0,1.0,1.0,민간,,1.0,4.166666666666667,3.8,3.75,3.4,4.75,4.6
2.0,3.0,3.0,4.0,3.0,4.0,3.0,4.0,3.0,3.0,2.0,4.0,3.0,3.0,3.0,3.0,4.0,4.0,3.0,3.0,4.0,3.0,4.0,3.0,3.0,2.0,3.0,3.0,4.0,1.0,1984.0,9.0,1.0,민간,,1.0,3.1666666666666665,3.0,3.25,3.4,3.5,3.0
3.0,4.0,4.0,4.0,4.0,3.0,4.0,4.0,4.0,4.0,4.0,3.0,4.0,3.0,3.0,4.0,4.0,4.0,4.0,4.0,4.0,3.0,4.0,4.0,4.0,4.0,4.0,4.0,4.0,2.0,1969.0,3.0,1.0,민간,,1.0,3.6666666666666665,4.0,3.25,4.0,3.75,4.0
3.0,2.0,4.0,3.0,2.0,4.0,3.0,2.0,4.0,3.0,2.0,3.0,4.0,3.0,2.0,3.0,4.0,2.0,3.0,4.0,3.0,3.0,2.0,4.0,4.0,2.0,4.0,3.0,2.0,1.0,1993.0,1.0,1.0,민간,,1.0,3.0,2.8,3.0,3.2,3.0,3.0
4.0,4.0,5.0,4.0,4.0,5.0,4.0,2.0,4.0,3.0,4.0,3.0,3.0,5.0,4.0,4.0,3.0,3.0,3.0,4.0,3.0,4.0,4.0,3.0,2.0,4.0,3.0,4.0,4.0,1.0,1980.0,9.0,1.0,민간,,1.0,4.333333333333333,3.4,3.75,3.4,3.5,3.4
4.0,4.0,5.0,4.0,4.0,2.0,3.0,3.0,4.0,3.0,3.0,3.0,3.0,3.0,4.0,4.0,3.0,3.0,4.0,4.0,4.0,4.0,4.0,4.0,4.0,4.0,3.0,3.0,2.0,1.0,1972.0,1.0,1.0,민간,,1.0,3.8333333333333335,3.2,3.25,3.6,4.0,3.2
4.0,3.0,2.0,3.0,4.0,4.0,2.0,4.0,3.0,4.0,3.0,2.0,4.0,4.0,1.0,3.0,3.0,4.0,2.0,3.0,4.0,3.0,3.0,4.0,4.0,3.0,3.0,2.0,4.0,1.0,1962.0,9.0,1.0,민간,,1.0,3.3333333333333335,3.2,2.75,3.0,3.5,3.2
2.0,1.0,2.0,4.0,3.0,2.0,2.0,2.0,3.0,3.0,3.0,3.0,4.0,4.0,3.0,2.0,2.0,2.0,3.0,3.0,4.0,4.0,4.0,3.0,1.0,2.0,3.0,3.0,1.0,2.0,1992.0,1.0,1.0,민간,,1.0,2.3333333333333335,2.6,3.5,2.4,3.75,2.0
1.0,3.0,4.0,5.0,4.0,2.0,3.0,4.0,4.0,4.0,3.0,4.0,4.0,4.0,4.0,4.0,3.0,4.0,4.0,4.0,4.0,5.0,4.0,5.0,2.0,3.0,4.0,4.0,4.0,1.0,1960.0,2.0,1.0,민간,,1.0,3.1666666666666665,3.6,4.0,3.8,4.5,3.4
5.0,5.0,5.0,4.0,4.0,5.0,5.0,4.0,5.0,5.0,5.0,5.0,4.0,4.0,4.0,5.0,4.0,4.0,5.0,5.0,5.0,4.0,5.0,5.0,5.0,4.0,5.0,5.0,5.0,2.0,1966.0,1.0,1.0,민간,,1.0,4.666666666666667,4.8,4.25,4.6,4.75,4.8
3.0,3.0,3.0,3.0,2.0,4.0,3.0,4.0,3.0,2.0,3.0,4.0,3.0,2.0,3.0,3.0,2.0,3.0,4.0,3.0,3.0,4.0,3.0,2.0,3.0,4.0,3.0,2.0,3.0,1.0,1967.0,9.0,1.0,민간,,1.0,3.0,3.0,3.0,3.0,3.0,3.0
3.0,3.0,2.0,4.0,4.0,4.0,3.0,4.0,4.0,3.0,4.0,3.0,4.0,5.0,3.0,4.0,4.0,3.0,3.0,2.0,4.0,4.0,5.0,5.0,3.0,4.0,4.0,5.0,2.0,1.0,1972.0,10.0,1.0,민간,,1.0,3.3333333333333335,3.6,3.75,3.2,4.5,3.6
2.0,3.0,3.0,2.0,4.0,3.0,3.0,4.0,3.0,2.0,3.0,3.0,3.0,4.0,3.0,4.0,4.0,3.0,4.0,4.0,4.0,4.0,4.0,3.0,3.0,4.0,4.0,3.0,4.0,1.0,1980.0,9.0,1.0,민간,,1.0,2.8333333333333335,3.0,3.25,3.8,3.75,3.6
3.0,3.0,4.0,3.0,3.0,3.0,3.0,3.0,4.0,3.0,3.0,3.0,3.0,3.0,3.0,3.0,4.0,5.0,4.0,3.0,4.0,4.0,4.0,4.0,3.0,2.0,2.0,2.0,3.0,1.0,1965.0,4.0,1.0,민간,,1.0,3.1666666666666665,3.2,3.0,3.8,4.0,2.4
4.0,3.0,4.0,4.0,4.0,4.0,3.0,3.0,4.0,4.0,3.0,3.0,4.0,4.0,4.0,4.0,3.0,4.0,3.0,4.0,3.0,4.0,4.0,4.0,3.0,3.0,3.0,2.0,3.0,1.0,1974.0,6.0,1.0,민간,,1.0,3.8333333333333335,3.4,3.75,3.6,3.75,2.8
4.0,3.0,5.0,4.0,4.0,4.0,4.0,3.0,4.0,3.0,4.0,5.0,5.0,4.0,5.0,4.0,4.0,4.0,3.0,4.0,3.0,4.0,4.0,3.0,2.0,2.0,3.0,2.0,2.0,2.0,1962.0,1.0,1.0,민간,,1.0,4.0,3.6,4.75,3.8,3.5,2.2
1.0,1.0,2.0,4.0,3.0,5.0,2.0,2.0,1.0,1.0,1.0,3.0,3.0,3.0,3.0,3.0,3.0,3.0,3.0,3.0,4.0,4.0,4.0,3.0,1.0,1.0,2.0,2.0,1.0,2.0,1995.0,1.0,1.0,민간,,1.0,2.6666666666666665,1.4,3.0,3.0,3.75,1.4
5.0,4.0,5.0,5.0,5.0,5.0,1.0,1.0,3.0,3.0,2.0,4.0,5.0,5.0,4.0,2.0,2.0,2.0,1.0,1.0,3.0,4.0,4.0,4.0,3.0,4.0,4.0,3.0,3.0,1.0,1972.0,9.0,1.0,민간,,1.0,4.833333333333333,2.0,4.5,1.6,3.75,3.4
4.0,4.0,4.0,4.0,5.0,5.0,3.0,3.0,3.0,4.0,4.0,4.0,4.0,4.0,4.0,4.0,4.0,4.0,3.0,3.0,4.0,4.0,4.0,5.0,2.0,2.0,2.0,3.0,2.0,2.0,1963.0,1.0,1.0,민간,,1.0,4.333333333333333,3.4,4.0,3.6,4.25,2.2
4.0,3.0,3.0,3.0,4.0,3.0,3.0,3.0,4.0,3.0,3.0,4.0,3.0,3.0,2.0,3.0,3.0,4.0,3.0,3.0,4.0,3.0,3.0,4.0,3.0,3.0,4.0,3.0,3.0,1.0,1968.0,1.0,1.0,민간,,1.0,3.3333333333333335,3.2,3.0,3.2,3.5,3.2
2.0,3.0,2.0,3.0,2.0,5.0,1.0,1.0,1.0,1.0,1.0,2.0,4.0,4.0,4.0,3.0,3.0,3.0,3.0,3.0,4.0,4.0,3.0,3.0,4.0,4.0,4.0,5.0,3.0,1.0,1981.0,9.0,1.0,민간,,1.0,2.8333333333333335,1.0,3.5,3.0,3.5,4.0
4.0,4.0,3.0,4.0,4.0,4.0,3.0,3.0,4.0,3.0,3.0,4.0,3.0,2.0,3.0,2.0,4.0,3.0,4.0,4.0,3.0,2.0,4.0,3.0,3.0,3.0,4.0,3.0,4.0,1.0,1976.0,10.0,1.0,민간,,1.0,3.8333333333333335,3.2,3.0,3.4,3.0,3.4
3.0,4.0,4.0,4.0,3.0,4.0,4.0,4.0,4.0,3.0,4.0,4.0,4.0,3.0,4.0,4.0,4.0,4.0,4.0,4.0,4.0,4.0,4.0,3.0,3.0,3.0,3.0,3.0,3.0,2.0,1984.0,9.0,1.0,민간,,1.0,3.6666666666666665,3.8,3.75,4.0,3.75,3.0
4.0,3.0,3.0,4.0,4.0,4.0,3.0,3.0,3.0,3.0,3.0,3.0,3.0,3.0,3.0,4.0,4.0,3.0,4.0,3.0,5.0,4.0,4.0,4.0,2.0,2.0,2.0,2.0,2.0,2.0,1988.0,1.0,1.0,민간,,1.0,3.6666666666666665,3.0,3.0,3.6,4.25,2.0
2.0,2.0,2.0,2.0,2.0,2.0,2.0,2.0,2.0,2.0,2.0,2.0,2.0,3.0,2.0,2.0,2.0,3.0,3.0,3.0,2.0,2.0,2.0,2.0,2.0,2.0,2.0,2.0,2.0,2.0,1990.0,7.0,1.0,민간,,1.0,2.0,2.0,2.25,2.6,2.0,2.0
3.0,4.0,1.0,4.0,4.0,4.0,2.0,1.0,1.0,1.0,1.0,2.0,1.0,2.0,1.0,1.0,2.0,1.0,2.0,1.0,4.0,4.0,4.0,3.0,4.0,4.0,4.0,3.0,3.0,2.0,1968.0,9.0,1.0,민간,,1.0,3.3333333333333335,1.2,1.5,1.4,3.75,3.6
2.0,2.0,3.0,3.0,2.0,4.0,1.0,2.0,2.0,2.0,2.0,2.0,2.0,2.0,2.0,2.0,1.0,2.0,1.0,2.0,4.0,4.0,4.0,4.0,2.0,2.0,2.0,2.0,2.0,2.0,1968.0,8.0,1.0,민간,,1.0,2.6666666666666665,1.8,2.0,1.6,4.0,2.0
3.0,4.0,2.0,3.0,4.0,3.0,2.0,3.0,3.0,2.0,3.0,3.0,3.0,3.0,2.0,3.0,4.0,3.0,3.0,2.0,3.0,4.0,3.0,3.0,4.0,3.0,4.0,3.0,3.0,1.0,1983.0,3.0,1.0,민간,,1.0,3.1666666666666665,2.6,2.75,3.0,3.25,3.4
4.0,4.0,4.0,3.0,4.0,3.0,4.0,4.0,5.0,5.0,5.0,5.0,5.0,4.0,5.0,4.0,4.0,5.0,5.0,4.0,3.0,3.0,4.0,3.0,4.0,4.0,3.0,3.0,4.0,1.0,1995.0,9.0,1.0,민간,,1.0,3.6666666666666665,4.6,4.75,4.4,3.25,3.6
4.0,4.0,4.0,4.0,4.0,5.0,4.0,4.0,5.0,5.0,3.0,3.0,4.0,3.0,3.0,5.0,5.0,5.0,5.0,5.0,5.0,5.0,5.0,5.0,5.0,5.0,4.0,4.0,2.0,2.0,1987.0,1.0,1.0,민간,,1.0,4.166666666666667,4.2,3.25,5.0,5.0,4.0
4.0,4.0,4.0,5.0,3.0,4.0,2.0,3.0,2.0,3.0,3.0,5.0,4.0,4.0,4.0,4.0,4.0,4.0,4.0,3.0,4.0,4.0,4.0,4.0,3.0,3.0,3.0,2.0,2.0,1.0,1995.0,9.0,1.0,민간,,1.0,4.0,2.6,4.25,3.8,4.0,2.6
2.0,4.0,3.0,4.0,3.0,2.0,4.0,3.0,3.0,3.0,3.0,4.0,5.0,4.0,4.0,4.0,4.0,4.0,4.0,4.0,4.0,4.0,4.0,4.0,3.0,3.0,3.0,2.0,2.0,2.0,1991.0,1.0,1.0,민간,,1.0,3.0,3.2,4.25,4.0,4.0,2.6
4.0,5.0,5.0,5.0,4.0,4.0,4.0,5.0,5.0,5.0,4.0,4.0,4.0,4.0,5.0,4.0,4.0,5.0,5.0,4.0,4.0,4.0,5.0,5.0,4.0,5.0,5.0,5.0,4.0,2.0,1989.0,1.0,1.0,민간,,1.0,4.5,4.6,4.25,4.4,4.5,4.6
3.0,3.0,3.0,4.0,3.0,2.0,4.0,2.0,3.0,4.0,3.0,2.0,3.0,2.0,4.0,4.0,3.0,3.0,2.0,4.0,4.0,2.0,3.0,4.0,3.0,2.0,3.0,3.0,4.0,2.0,2001.0,1.0,1.0,민간,,1.0,3.0,3.2,2.75,3.2,3.25,3.0
4.0,4.0,4.0,5.0,4.0,4.0,5.0,4.0,5.0,4.0,4.0,5.0,4.0,4.0,4.0,4.0,4.0,5.0,4.0,4.0,3.0,4.0,4.0,4.0,2.0,2.0,2.0,2.0,1.0,2.0,1993.0,1.0,1.0,민간,,1.0,4.166666666666667,4.4,4.25,4.2,3.75,1.8
4.0,4.0,3.0,4.0,3.0,4.0,3.0,3.0,4.0,4.0,3.0,4.0,3.0,4.0,4.0,3.0,3.0,4.0,4.0,4.0,2.0,3.0,2.0,3.0,3.0,3.0,4.0,4.0,4.0,2.0,1974.0,1.0,1.0,민간,,1.0,3.6666666666666665,3.4,3.75,3.6,2.5,3.6
2.0,2.0,3.0,3.0,4.0,4.0,1.0,2.0,2.0,3.0,2.0,4.0,3.0,3.0,4.0,4.0,3.0,3.0,4.0,3.0,4.0,4.0,3.0,4.0,2.0,2.0,4.0,4.0,5.0,1.0,1999.0,9.0,1.0,민간,,1.0,3.0,2.0,3.5,3.4,3.75,3.4
3.0,4.0,3.0,5.0,3.0,4.0,3.0,4.0,3.0,5.0,4.0,3.0,4.0,3.0,5.0,4.0,4.0,5.0,3.0,4.0,3.0,5.0,4.0,3.0,4.0,5.0,3.0,4.0,3.0,1.0,1988.0,9.0,1.0,민간,,1.0,3.6666666666666665,3.8,3.75,4.0,3.75,3.8
4.0,4.0,2.0,3.0,4.0,5.0,2.0,2.0,2.0,2.0,2.0,2.0,3.0,2.0,3.0,4.0,4.0,4.0,4.0,4.0,4.0,4.0,2.0,2.0,2.0,2.0,2.0,3.0,1.0,2.0,2001.0,15.0,1.0,민간,,1.0,3.6666666666666665,2.0,2.5,4.0,3.0,2.0
3.0,3.0,2.0,3.0,2.0,2.0,4.0,5.0,5.0,5.0,5.0,4.0,5.0,5.0,5.0,5.0,5.0,5.0,4.0,4.0,3.0,4.0,4.0,4.0,2.0,3.0,3.0,4.0,3.0,1.0,1979.0,1.0,1.0,민간,,1.0,2.5,4.8,4.75,4.6,3.75,3.0
4.0,3.0,2.0,4.0,4.0,4.0,4.0,4.0,3.0,4.0,4.0,4.0,4.0,4.0,4.0,5.0,1.0,1.0,1.0,1.0,3.0,4.0,4.0,3.0,4.0,4.0,3.0,4.0,4.0,1.0,1974.0,2.0,1.0,민간,,1.0,3.5,3.8,4.0,1.8,3.5,3.8
5.0,5.0,4.0,5.0,5.0,4.0,5.0,4.0,4.0,5.0,5.0,5.0,4.0,4.0,4.0,5.0,4.0,4.0,3.0,4.0,5.0,4.0,4.0,5.0,5.0,5.0,4.0,5.0,5.0,1.0,1976.0,6.0,1.0,민간,,1.0,4.666666666666667,4.6,4.25,4.0,4.5,4.8
2.0,5.0,4.0,4.0,5.0,4.0,4.0,4.0,5.0,4.0,4.0,5.0,4.0,5.0,4.0,3.0,3.0,4.0,3.0,3.0,4.0,5.0,4.0,5.0,2.0,3.0,4.0,3.0,2.0,2.0,1991.0,1.0,1.0,민간,,1.0,4.0,4.2,4.5,3.2,4.5,2.8
4.0,3.0,4.0,5.0,4.0,5.0,3.0,3.0,2.0,2.0,2.0,4.0,4.0,4.0,4.0,2.0,2.0,2.0,2.0,3.0,4.0,4.0,4.0,5.0,2.0,2.0,2.0,3.0,2.0,2.0,1975.0,14.0,1.0,민간,,1.0,4.166666666666667,2.4,4.0,2.2,4.25,2.2
3.0,4.0,3.0,3.0,4.0,3.0,3.0,3.0,3.0,4.0,3.0,3.0,3.0,4.0,2.0,3.0,3.0,4.0,2.0,2.0,3.0,4.0,3.0,3.0,3.0,2.0,4.0,3.0,3.0,2.0,1979.0,5.0,1.0,민간,,1.0,3.3333333333333335,3.2,3.0,2.8,3.25,3.0
4.0,4.0,4.0,4.0,4.0,4.0,3.0,3.0,3.0,3.0,3.0,3.0,3.0,3.0,3.0,3.0,3.0,3.0,3.0,3.0,3.0,3.0,3.0,3.0,3.0,3.0,3.0,3.0,3.0,2.0,1974.0,5.0,1.0,민간,,1.0,4.0,3.0,3.0,3.0,3.0,3.0
3.0,4.0,3.0,4.0,4.0,3.0,5.0,5.0,4.0,5.0,4.0,5.0,5.0,4.0,4.0,4.0,5.0,5.0,4.0,5.0,5.0,5.0,4.0,5.0,5.0,4.0,5.0,4.0,4.0,1.0,1996.0,9.0,1.0,민간,,1.0,3.5,4.6,4.5,4.6,4.75,4.4
2.0,3.0,2.0,4.0,3.0,4.0,2.0,3.0,4.0,4.0,3.0,2.0,3.0,2.0,2.0,3.0,2.0,2.0,3.0,3.0,4.0,3.0,4.0,2.0,3.0,4.0,2.0,3.0,4.0,1.0,1984.0,16.0,1.0,민간,,1.0,3.0,3.2,2.25,2.6,3.25,3.2
4.0,5.0,4.0,5.0,5.0,5.0,4.0,3.0,4.0,3.0,4.0,4.0,3.0,3.0,3.0,2.0,2.0,1.0,3.0,4.0,4.0,4.0,3.0,3.0,2.0,3.0,4.0,4.0,3.0,1.0,1967.0,9.0,1.0,민간,,1.0,4.666666666666667,3.6,3.25,2.4,3.5,3.2
4.0,3.0,4.0,5.0,5.0,5.0,2.0,2.0,2.0,2.0,2.0,2.0,4.0,4.0,4.0,4.0,4.0,4.0,5.0,4.0,5.0,4.0,4.0,4.0,2.0,2.0,4.0,2.0,3.0,1.0,1993.0,9.0,1.0,민간,,1.0,4.333333333333333,2.0,3.5,4.2,4.25,2.6
4.0,5.0,4.0,4.0,5.0,5.0,2.0,2.0,1.0,2.0,2.0,2.0,3.0,1.0,2.0,3.0,2.0,2.0,2.0,3.0,4.0,4.0,3.0,4.0,3.0,2.0,4.0,4.0,3.0,2.0,1968.0,3.0,1.0,민간,,1.0,4.5,1.8,2.0,2.4,3.75,3.2
4.0,4.0,4.0,3.0,5.0,5.0,3.0,4.0,4.0,4.0,5.0,4.0,3.0,5.0,4.0,4.0,3.0,5.0,3.0,4.0,3.0,4.0,3.0,3.0,3.0,3.0,3.0,3.0,4.0,1.0,1994.0,9.0,1.0,민간,,1.0,4.166666666666667,4.0,4.0,3.8,3.25,3.2
2.0,3.0,1.0,2.0,2.0,2.0,2.0,2.0,2.0,2.0,2.0,2.0,3.0,4.0,4.0,3.0,1.0,1.0,1.0,1.0,5.0,4.0,4.0,4.0,2.0,2.0,1.0,2.0,2.0,2.0,1983.0,1.0,1.0,민간,,1.0,2.0,2.0,3.25,1.4,4.25,1.8
5.0,4.0,4.0,5.0,5.0,3.0,3.0,4.0,3.0,3.0,4.0,4.0,5.0,4.0,4.0,4.0,4.0,3.0,3.0,3.0,4.0,4.0,3.0,3.0,4.0,3.0,3.0,4.0,2.0,1.0,1970.0,9.0,1.0,민간,,1.0,4.333333333333333,3.4,4.25,3.4,3.5,3.2
4.0,1.0,4.0,4.0,4.0,5.0,4.0,4.0,3.0,4.0,3.0,3.0,4.0,4.0,4.0,4.0,4.0,4.0,4.0,4.0,4.0,3.0,4.0,3.0,4.0,4.0,4.0,4.0,3.0,2.0,1974.0,2.0,1.0,민간,,1.0,3.6666666666666665,3.6,3.75,4.0,3.5,3.8
3.0,4.0,4.0,2.0,2.0,4.0,3.0,2.0,1.0,1.0,4.0,4.0,3.0,3.0,3.0,3.0,3.0,4.0,3.0,2.0,3.0,5.0,3.0,4.0,3.0,4.0,3.0,2.0,2.0,1.0,1993.0,9.0,1.0,민간,,1.0,3.1666666666666665,2.2,3.25,3.0,3.75,2.8
3.0,1.0,3.0,2.0,2.0,4.0,1.0,1.0,1.0,1.0,1.0,3.0,4.0,4.0,3.0,3.0,2.0,2.0,2.0,3.0,4.0,3.0,4.0,3.0,2.0,3.0,4.0,3.0,2.0,2.0,1989.0,1.0,1.0,민간,,1.0,2.5,1.0,3.5,2.4,3.5,2.8
4.0,4.0,2.0,4.0,4.0,4.0,2.0,2.0,2.0,2.0,2.0,3.0,4.0,4.0,3.0,2.0,2.0,2.0,2.0,2.0,5.0,5.0,5.0,5.0,4.0,4.0,4.0,3.0,2.0,2.0,1994.0,4.0,1.0,민간,,1.0,3.6666666666666665,2.0,3.5,2.0,5.0,3.4
4.0,3.0,2.0,4.0,3.0,4.0,2.0,2.0,1.0,2.0,3.0,3.0,3.0,3.0,3.0,2.0,2.0,1.0,2.0,2.0,4.0,3.0,3.0,4.0,4.0,3.0,3.0,2.0,2.0,2.0,1975.0,4.0,1.0,민간,,1.0,3.3333333333333335,2.0,3.0,1.8,3.5,2.8
5.0,4.0,4.0,5.0,5.0,4.0,4.0,3.0,4.0,5.0,4.0,4.0,4.0,5.0,4.0,5.0,5.0,4.0,5.0,4.0,5.0,5.0,5.0,5.0,4.0,5.0,4.0,2.0,3.0,1.0,1974.0,1.0,1.0,민간,,1.0,4.5,4.0,4.25,4.6,5.0,3.6
2.0,1.0,3.0,2.0,3.0,4.0,2.0,3.0,3.0,3.0,3.0,3.0,3.0,3.0,3.0,3.0,3.0,4.0,2.0,3.0,4.0,4.0,4.0,4.0,2.0,2.0,4.0,2.0,3.0,1.0,1966.0,9.0,1.0,민간,,1.0,2.5,2.8,3.0,3.0,4.0,2.6
4.0,4.0,4.0,4.0,5.0,5.0,4.0,3.0,4.0,3.0,4.0,4.0,4.0,3.0,3.0,3.0,3.0,3.0,2.0,4.0,3.0,2.0,4.0,4.0,2.0,3.0,3.0,4.0,4.0,1.0,2000.0,1.0,1.0,민간,,1.0,4.333333333333333,3.6,3.5,3.0,3.25,3.2
5.0,4.0,5.0,5.0,5.0,4.0,5.0,4.0,4.0,5.0,5.0,4.0,4.0,5.0,5.0,4.0,5.0,4.0,5.0,5.0,4.0,5.0,5.0,5.0,4.0,5.0,4.0,5.0,4.0,2.0,1980.0,6.0,1.0,민간,,1.0,4.666666666666667,4.6,4.5,4.6,4.75,4.4
4.0,5.0,4.0,4.0,4.0,5.0,3.0,2.0,2.0,2.0,2.0,4.0,3.0,3.0,4.0,3.0,4.0,3.0,5.0,3.0,4.0,3.0,4.0,4.0,3.0,4.0,5.0,2.0,4.0,2.0,1994.0,1.0,1.0,민간,,1.0,4.333333333333333,2.2,3.5,3.6,3.75,3.6
4.0,3.0,4.0,4.0,3.0,4.0,3.0,2.0,3.0,3.0,3.0,2.0,3.0,2.0,3.0,3.0,2.0,3.0,3.0,2.0,3.0,2.0,3.0,3.0,3.0,2.0,3.0,3.0,2.0,2.0,1976.0,1.0,1.0,민간,,1.0,3.6666666666666665,2.8,2.5,2.6,2.75,2.6
4.0,3.0,3.0,4.0,3.0,3.0,3.0,2.0,2.0,3.0,3.0,2.0,3.0,3.0,3.0,2.0,2.0,1.0,3.0,2.0,3.0,3.0,3.0,3.0,4.0,4.0,5.0,5.0,3.0,1.0,1971.0,1.0,1.0,민간,,1.0,3.3333333333333335,2.6,2.75,2.0,3.0,4.2
4.0,4.0,4.0,4.0,4.0,4.0,2.0,2.0,3.0,2.0,2.0,3.0,3.0,4.0,3.0,3.0,3.0,4.0,4.0,3.0,4.0,4.0,4.0,3.0,3.0,3.0,2.0,4.0,3.0,1.0,1969.0,7.0,1.0,민간,,1.0,4.0,2.2,3.25,3.4,3.75,3.0
4.0,4.0,4.0,4.0,4.0,2.0,3.0,2.0,3.0,3.0,3.0,4.0,3.0,3.0,3.0,3.0,3.0,2.0,3.0,4.0,3.0,4.0,3.0,4.0,2.0,1.0,1.0,1.0,1.0,1.0,1975.0,3.0,1.0,민간,,1.0,3.6666666666666665,2.8,3.25,3.0,3.5,1.2
3.0,1.0,3.0,2.0,2.0,4.0,3.0,3.0,4.0,3.0,4.0,3.0,3.0,4.0,3.0,3.0,3.0,3.0,2.0,3.0,4.0,4.0,5.0,4.0,3.0,2.0,3.0,4.0,3.0,2.0,1970.0,16.0,1.0,민간,,1.0,2.5,3.4,3.25,2.8,4.25,3.0
3.0,3.0,2.0,4.0,4.0,4.0,4.0,4.0,4.0,4.0,4.0,4.0,4.0,4.0,4.0,4.0,4.0,4.0,4.0,4.0,4.0,4.0,4.0,3.0,4.0,4.0,4.0,4.0,4.0,1.0,1971.0,6.0,1.0,민간,,1.0,3.3333333333333335,4.0,4.0,4.0,3.75,4.0
4.0,4.0,4.0,5.0,4.0,4.0,4.0,4.0,4.0,5.0,4.0,4.0,4.0,4.0,4.0,4.0,4.0,4.0,5.0,4.0,4.0,4.0,5.0,4.0,4.0,4.0,5.0,4.0,4.0,2.0,1966.0,1.0,1.0,민간,,1.0,4.166666666666667,4.2,4.0,4.2,4.25,4.2
3.0,2.0,3.0,4.0,3.0,4.0,4.0,2.0,3.0,3.0,3.0,4.0,3.0,2.0,3.0,3.0,3.0,3.0,2.0,3.0,4.0,4.0,2.0,4.0,2.0,2.0,3.0,2.0,3.0,2.0,1993.0,1.0,1.0,민간,,1.0,3.1666666666666665,3.0,3.0,2.8,3.5,2.4
5.0,4.0,5.0,5.0,5.0,4.0,3.0,4.0,3.0,3.0,3.0,4.0,4.0,4.0,4.0,3.0,4.0,4.0,4.0,4.0,5.0,5.0,5.0,5.0,4.0,5.0,3.0,4.0,2.0,2.0,1973.0,1.0,1.0,민간,,1.0,4.666666666666667,3.2,4.0,3.8,5.0,3.6
5.0,3.0,5.0,5.0,5.0,3.0,3.0,3.0,3.0,3.0,3.0,3.0,3.0,3.0,2.0,2.0,2.0,2.0,2.0,1.0,4.0,3.0,3.0,4.0,5.0,5.0,5.0,5.0,5.0,1.0,1966.0,4.0,1.0,민간,,1.0,4.333333333333333,3.0,2.75,1.8,3.5,5.0
4.0,2.0,2.0,4.0,4.0,4.0,1.0,1.0,1.0,1.0,2.0,3.0,3.0,3.0,3.0,2.0,3.0,2.0,2.0,3.0,4.0,4.0,3.0,4.0,5.0,5.0,5.0,4.0,4.0,2.0,1964.0,13.0,1.0,민간,,1.0,3.3333333333333335,1.2,3.0,2.4,3.75,4.6
2.0,2.0,2.0,4.0,2.0,4.0,4.0,4.0,4.0,3.0,3.0,4.0,4.0,4.0,3.0,4.0,5.0,5.0,4.0,4.0,4.0,4.0,5.0,4.0,4.0,5.0,2.0,4.0,4.0,1.0,1974.0,1.0,1.0,민간,,1.0,2.6666666666666665,3.6,3.75,4.4,4.25,3.8
5.0,3.0,3.0,4.0,4.0,4.0,2.0,2.0,4.0,2.0,2.0,4.0,5.0,4.0,4.0,2.0,2.0,2.0,2.0,3.0,5.0,5.0,5.0,4.0,1.0,1.0,1.0,1.0,1.0,1.0,1976.0,1.0,1.0,민간,,1.0,3.8333333333333335,2.4,4.25,2.2,4.75,1.0
2.0,2.0,2.0,4.0,3.0,5.0,2.0,2.0,2.0,2.0,2.0,4.0,4.0,5.0,4.0,2.0,2.0,2.0,1.0,3.0,4.0,3.0,3.0,2.0,1.0,1.0,1.0,4.0,1.0,1.0,1976.0,1.0,1.0,민간,,1.0,3.0,2.0,4.25,2.0,3.0,1.6
3.0,2.0,3.0,5.0,5.0,4.0,4.0,4.0,4.0,4.0,4.0,5.0,5.0,5.0,5.0,4.0,4.0,4.0,4.0,4.0,5.0,5.0,5.0,5.0,4.0,4.0,4.0,4.0,4.0,2.0,1987.0,6.0,1.0,민간,,1.0,3.6666666666666665,4.0,5.0,4.0,5.0,4.0
4.0,5.0,5.0,4.0,4.0,3.0,5.0,4.0,3.0,4.0,5.0,5.0,4.0,5.0,4.0,4.0,3.0,5.0,5.0,4.0,3.0,3.0,3.0,4.0,4.0,3.0,4.0,4.0,3.0,1.0,1996.0,1.0,1.0,민간,,1.0,4.166666666666667,4.2,4.5,4.2,3.25,3.6
5.0,4.0,4.0,4.0,4.0,5.0,4.0,5.0,5.0,4.0,4.0,4.0,4.0,4.0,4.0,4.0,5.0,4.0,4.0,4.0,4.0,4.0,4.0,4.0,3.0,3.0,4.0,4.0,2.0,1.0,1974.0,1.0,1.0,민간,,1.0,4.333333333333333,4.4,4.0,4.2,4.0,3.2
3.0,4.0,3.0,4.0,3.0,4.0,3.0,4.0,3.0,4.0,3.0,4.0,3.0,4.0,4.0,4.0,3.0,4.0,4.0,3.0,3.0,4.0,3.0,4.0,4.0,3.0,4.0,3.0,4.0,2.0,1999.0,1.0,1.0,민간,,1.0,3.5,3.4,3.75,3.6,3.5,3.6
4.0,5.0,3.0,4.0,5.0,4.0,3.0,3.0,3.0,3.0,4.0,3.0,4.0,4.0,4.0,4.0,4.0,4.0,4.0,4.0,4.0,4.0,4.0,3.0,4.0,4.0,4.0,3.0,3.0,2.0,1980.0,1.0,1.0,민간,,1.0,4.166666666666667,3.2,3.75,4.0,3.75,3.6
4.0,2.0,2.0,4.0,3.0,4.0,2.0,2.0,3.0,3.0,2.0,3.0,3.0,3.0,2.0,3.0,1.0,2.0,3.0,2.0,4.0,4.0,4.0,3.0,3.0,3.0,3.0,3.0,3.0,2.0,1987.0,9.0,1.0,민간,,1.0,3.1666666666666665,2.4,2.75,2.2,3.75,3.0
4.0,3.0,3.0,4.0,4.0,3.0,3.0,3.0,3.0,4.0,4.0,4.0,4.0,4.0,4.0,4.0,4.0,4.0,4.0,4.0,3.0,3.0,4.0,3.0,2.0,4.0,4.0,3.0,4.0,2.0,1993.0,8.0,1.0,민간,,1.0,3.5,3.4,4.0,4.0,3.25,3.4
4.0,4.0,4.0,5.0,4.0,5.0,3.0,4.0,4.0,4.0,4.0,4.0,5.0,4.0,5.0,4.0,4.0,4.0,5.0,3.0,5.0,5.0,4.0,4.0,4.0,3.0,3.0,3.0,3.0,1.0,1965.0,2.0,1.0,민간,,1.0,4.333333333333333,3.8,4.5,4.0,4.5,3.2
3.0,2.0,2.0,3.0,3.0,3.0,2.0,2.0,2.0,2.0,2.0,2.0,2.0,2.0,2.0,2.0,2.0,2.0,2.0,2.0,3.0,2.0,2.0,2.0,2.0,2.0,2.0,2.0,2.0,1.0,1977.0,9.0,1.0,민간,,1.0,2.6666666666666665,2.0,2.0,2.0,2.25,2.0
4.0,4.0,4.0,4.0,4.0,3.0,4.0,4.0,4.0,4.0,4.0,3.0,3.0,4.0,4.0,4.0,4.0,4.0,4.0,3.0,4.0,3.0,4.0,4.0,4.0,4.0,3.0,4.0,4.0,2.0,1972.0,1.0,1.0,민간,,1.0,3.8333333333333335,4.0,3.5,3.8,3.75,3.8
4.0,4.0,2.0,2.0,4.0,4.0,2.0,3.0,2.0,2.0,3.0,2.0,2.0,2.0,3.0,1.0,1.0,1.0,2.0,1.0,4.0,4.0,3.0,4.0,2.0,3.0,4.0,3.0,3.0,1.0,1970.0,4.0,1.0,민간,,1.0,3.3333333333333335,2.4,2.25,1.2,3.75,3.0
4.0,4.0,5.0,5.0,4.0,4.0,3.0,3.0,5.0,2.0,5.0,3.0,3.0,2.0,3.0,3.0,3.0,2.0,2.0,2.0,5.0,5.0,5.0,3.0,4.0,4.0,5.0,4.0,4.0,1.0,1971.0,11.0,1.0,민간,,1.0,4.333333333333333,3.6,2.75,2.4,4.5,4.2
2.0,2.0,3.0,3.0,3.0,2.0,2.0,3.0,3.0,3.0,3.0,3.0,2.0,1.0,2.0,3.0,2.0,2.0,3.0,3.0,3.0,3.0,3.0,3.0,4.0,3.0,4.0,3.0,3.0,2.0,1989.0,3.0,1.0,민간,,1.0,2.5,2.8,2.0,2.6,3.0,3.4
4.0,4.0,3.0,5.0,4.0,4.0,4.0,4.0,4.0,4.0,3.0,4.0,4.0,4.0,4.0,4.0,4.0,3.0,3.0,4.0,4.0,3.0,4.0,4.0,3.0,4.0,4.0,4.0,2.0,1.0,1971.0,1.0,1.0,민간,,1.0,4.0,3.8,4.0,3.6,3.75,3.4
2.0,3.0,2.0,4.0,3.0,4.0,2.0,3.0,3.0,3.0,2.0,4.0,5.0,4.0,4.0,4.0,3.0,4.0,3.0,3.0,3.0,4.0,4.0,4.0,2.0,4.0,4.0,5.0,4.0,2.0,1992.0,9.0,1.0,민간,,1.0,3.0,2.6,4.25,3.4,3.75,3.8
2.0,2.0,3.0,4.0,2.0,3.0,1.0,1.0,1.0,1.0,1.0,2.0,4.0,3.0,3.0,3.0,3.0,2.0,2.0,3.0,5.0,4.0,4.0,4.0,2.0,2.0,2.0,2.0,2.0,2.0,1984.0,7.0,1.0,민간,,1.0,2.6666666666666665,1.0,3.0,2.6,4.25,2.0
4.0,3.0,2.0,4.0,4.0,4.0,3.0,3.0,4.0,3.0,3.0,3.0,3.0,3.0,4.0,3.0,4.0,3.0,3.0,4.0,4.0,4.0,4.0,4.0,2.0,2.0,2.0,3.0,2.0,1.0,1972.0,17.0,1.0,민간,,1.0,3.5,3.2,3.25,3.4,4.0,2.2
3.0,3.0,3.0,3.0,3.0,3.0,4.0,4.0,4.0,4.0,2.0,4.0,4.0,4.0,4.0,4.0,3.0,3.0,4.0,4.0,3.0,4.0,4.0,4.0,3.0,4.0,4.0,4.0,2.0,1.0,1999.0,1.0,1.0,민간,,1.0,3.0,3.6,4.0,3.6,3.75,3.4
4.0,4.0,4.0,3.0,3.0,4.0,3.0,4.0,4.0,4.0,3.0,3.0,3.0,4.0,4.0,3.0,4.0,4.0,3.0,3.0,3.0,4.0,4.0,4.0,5.0,4.0,3.0,4.0,4.0,1.0,1964.0,1.0,1.0,민간,,1.0,3.6666666666666665,3.6,3.5,3.4,3.75,4.0
3.0,3.0,3.0,3.0,3.0,3.0,3.0,3.0,3.0,3.0,3.0,3.0,3.0,3.0,3.0,3.0,4.0,3.0,3.0,3.0,4.0,4.0,4.0,4.0,3.0,3.0,3.0,3.0,3.0,1.0,1994.0,5.0,1.0,민간,,1.0,3.0,3.0,3.0,3.2,4.0,3.0
3.0,3.0,4.0,3.0,4.0,4.0,3.0,3.0,3.0,3.0,3.0,3.0,3.0,3.0,3.0,3.0,3.0,4.0,3.0,2.0,3.0,4.0,4.0,3.0,4.0,3.0,4.0,3.0,4.0,1.0,1981.0,13.0,1.0,민간,,1.0,3.5,3.0,3.0,3.0,3.5,3.6
3.0,2.0,2.0,3.0,3.0,2.0,2.0,2.0,2.0,2.0,3.0,2.0,3.0,3.0,3.0,3.0,3.0,3.0,3.0,3.0,3.0,3.0,3.0,2.0,2.0,3.0,3.0,4.0,3.0,1.0,1977.0,1.0,1.0,민간,,1.0,2.5,2.2,2.75,3.0,2.75,3.0
4.0,4.0,5.0,4.0,4.0,2.0,4.0,4.0,5.0,4.0,3.0,4.0,4.0,4.0,5.0,4.0,5.0,4.0,4.0,5.0,4.0,4.0,5.0,4.0,4.0,5.0,4.0,4.0,5.0,1.0,1975.0,1.0,1.0,민간,,1.0,3.8333333333333335,4.0,4.25,4.4,4.25,4.4
4.0,4.0,4.0,5.0,5.0,5.0,4.0,4.0,4.0,4.0,4.0,5.0,5.0,5.0,5.0,4.0,3.0,3.0,2.0,3.0,5.0,5.0,4.0,4.0,2.0,1.0,1.0,3.0,1.0,2.0,1996.0,2.0,1.0,민간,,1.0,4.5,4.0,5.0,3.0,4.5,1.6
2.0,3.0,4.0,4.0,5.0,1.0,4.0,4.0,5.0,5.0,3.0,3.0,3.0,4.0,4.0,4.0,4.0,5.0,5.0,5.0,4.0,4.0,5.0,5.0,4.0,4.0,5.0,5.0,3.0,2.0,1980.0,2.0,1.0,민간,,1.0,3.1666666666666665,4.2,3.5,4.6,4.5,4.2
3.0,4.0,3.0,4.0,3.0,4.0,4.0,3.0,4.0,3.0,4.0,3.0,4.0,3.0,4.0,4.0,4.0,4.0,4.0,4.0,4.0,4.0,3.0,4.0,2.0,2.0,3.0,4.0,3.0,1.0,1977.0,2.0,1.0,민간,,1.0,3.5,3.6,3.5,4.0,3.75,2.8
3.0,3.0,2.0,3.0,2.0,2.0,3.0,3.0,3.0,3.0,3.0,4.0,4.0,3.0,3.0,3.0,4.0,4.0,4.0,2.0,2.0,3.0,3.0,3.0,3.0,3.0,4.0,3.0,4.0,2.0,1990.0,9.0,1.0,민간,,1.0,2.5,3.0,3.5,3.4,2.75,3.4
3.0,4.0,2.0,5.0,4.0,5.0,2.0,1.0,2.0,3.0,3.0,4.0,4.0,4.0,4.0,4.0,2.0,3.0,3.0,2.0,4.0,4.0,3.0,4.0,3.0,4.0,3.0,3.0,4.0,2.0,1998.0,1.0,1.0,민간,,1.0,3.8333333333333335,2.2,4.0,2.8,3.75,3.4
3.0,3.0,3.0,4.0,4.0,4.0,3.0,3.0,3.0,3.0,3.0,3.0,4.0,3.0,4.0,3.0,1.0,4.0,3.0,3.0,4.0,4.0,3.0,4.0,3.0,3.0,3.0,4.0,3.0,2.0,1997.0,5.0,1.0,민간,,1.0,3.5,3.0,3.5,2.8,3.75,3.2
4.0,4.0,3.0,2.0,4.0,5.0,1.0,1.0,2.0,2.0,2.0,2.0,3.0,2.0,2.0,2.0,1.0,1.0,1.0,1.0,4.0,4.0,3.0,3.0,4.0,3.0,4.0,3.0,4.0,2.0,1967.0,3.0,1.0,민간,,1.0,3.6666666666666665,1.6,2.25,1.2,3.5,3.6
4.0,3.0,3.0,4.0,3.0,3.0,4.0,3.0,4.0,2.0,4.0,3.0,3.0,4.0,4.0,3.0,3.0,4.0,4.0,4.0,3.0,4.0,3.0,3.0,3.0,4.0,3.0,3.0,3.0,1.0,1971.0,1.0,1.0,민간,,1.0,3.3333333333333335,3.4,3.5,3.6,3.25,3.2
4.0,2.0,5.0,4.0,4.0,1.0,4.0,3.0,3.0,3.0,3.0,3.0,3.0,3.0,3.0,4.0,3.0,3.0,3.0,3.0,4.0,4.0,4.0,4.0,2.0,2.0,2.0,2.0,2.0,2.0,1975.0,2.0,1.0,민간,,1.0,3.3333333333333335,3.2,3.0,3.2,4.0,2.0
4.0,4.0,4.0,4.0,4.0,4.0,3.0,3.0,2.0,3.0,4.0,4.0,4.0,2.0,4.0,2.0,3.0,2.0,2.0,3.0,4.0,4.0,5.0,4.0,4.0,4.0,3.0,4.0,2.0,2.0,1973.0,1.0,1.0,민간,,1.0,4.0,3.0,3.5,2.4,4.25,3.4
5.0,5.0,5.0,5.0,5.0,4.0,2.0,1.0,4.0,2.0,3.0,4.0,5.0,5.0,5.0,3.0,3.0,3.0,1.0,3.0,5.0,5.0,5.0,5.0,1.0,1.0,4.0,4.0,3.0,1.0,1981.0,9.0,1.0,민간,,1.0,4.833333333333333,2.4,4.75,2.6,5.0,2.6
3.0,3.0,3.0,3.0,3.0,2.0,2.0,2.0,2.0,2.0,2.0,1.0,1.0,1.0,2.0,2.0,2.0,2.0,2.0,2.0,3.0,3.0,3.0,3.0,4.0,4.0,4.0,4.0,4.0,1.0,1978.0,2.0,1.0,민간,,1.0,2.8333333333333335,2.0,1.25,2.0,3.0,4.0
3.0,4.0,4.0,5.0,4.0,2.0,4.0,3.0,3.0,3.0,3.0,4.0,4.0,3.0,3.0,4.0,4.0,4.0,3.0,4.0,4.0,4.0,4.0,3.0,3.0,4.0,3.0,3.0,4.0,2.0,1983.0,2.0,1.0,민간,,1.0,3.6666666666666665,3.2,3.5,3.8,3.75,3.4
4.0,4.0,1.0,2.0,2.0,2.0,2.0,2.0,5.0,3.0,2.0,1.0,3.0,3.0,3.0,2.0,3.0,2.0,2.0,2.0,4.0,4.0,3.0,3.0,3.0,3.0,4.0,3.0,3.0,2.0,1997.0,1.0,1.0,민간,,1.0,2.5,2.8,2.5,2.2,3.5,3.2
4.0,4.0,3.0,4.0,4.0,3.0,3.0,3.0,4.0,3.0,3.0,2.0,3.0,3.0,3.0,3.0,3.0,3.0,4.0,4.0,3.0,3.0,4.0,3.0,3.0,4.0,3.0,4.0,3.0,1.0,1982.0,1.0,1.0,민간,,1.0,3.6666666666666665,3.2,2.75,3.4,3.25,3.4
4.0,4.0,3.0,4.0,4.0,4.0,3.0,3.0,3.0,3.0,2.0,2.0,2.0,3.0,2.0,2.0,2.0,3.0,2.0,2.0,3.0,3.0,4.0,4.0,4.0,3.0,3.0,4.0,3.0,1.0,1966.0,4.0,1.0,민간,,1.0,3.8333333333333335,2.8,2.25,2.2,3.5,3.4
3.0,3.0,2.0,4.0,3.0,4.0,2.0,2.0,2.0,2.0,2.0,4.0,4.0,4.0,4.0,3.0,2.0,2.0,2.0,2.0,5.0,4.0,4.0,4.0,4.0,4.0,4.0,4.0,3.0,2.0,1991.0,16.0,1.0,민간,,1.0,3.1666666666666665,2.0,4.0,2.2,4.25,3.8
2.0,2.0,3.0,4.0,3.0,4.0,3.0,2.0,2.0,2.0,2.0,3.0,3.0,3.0,3.0,3.0,3.0,3.0,3.0,4.0,4.0,3.0,3.0,3.0,3.0,4.0,3.0,3.0,3.0,2.0,1996.0,9.0,1.0,민간,,1.0,3.0,2.2,3.0,3.2,3.25,3.2
3.0,2.0,2.0,4.0,3.0,4.0,2.0,2.0,2.0,2.0,2.0,3.0,4.0,3.0,4.0,2.0,3.0,2.0,2.0,2.0,4.0,3.0,3.0,3.0,2.0,2.0,2.0,3.0,3.0,2.0,1992.0,2.0,1.0,민간,,1.0,3.0,2.0,3.5,2.2,3.25,2.4
3.0,3.0,4.0,3.0,3.0,4.0,3.0,3.0,3.0,3.0,3.0,4.0,4.0,3.0,4.0,3.0,3.0,4.0,3.0,3.0,2.0,2.0,3.0,3.0,3.0,2.0,4.0,3.0,3.0,1.0,1966.0,1.0,1.0,민간,,1.0,3.3333333333333335,3.0,3.75,3.2,2.5,3.0
3.0,4.0,4.0,3.0,3.0,3.0,3.0,4.0,4.0,3.0,4.0,4.0,4.0,4.0,3.0,3.0,3.0,2.0,2.0,3.0,4.0,4.0,4.0,4.0,4.0,4.0,4.0,5.0,4.0,1.0,1976.0,1.0,1.0,민간,,1.0,3.3333333333333335,3.6,3.75,2.6,4.0,4.2
2.0,2.0,3.0,3.0,4.0,3.0,4.0,3.0,4.0,3.0,2.0,3.0,4.0,3.0,3.0,4.0,3.0,4.0,2.0,3.0,3.0,4.0,3.0,4.0,3.0,2.0,4.0,3.0,5.0,1.0,1969.0,1.0,1.0,민간,,1.0,2.8333333333333335,3.2,3.25,3.2,3.5,3.4
4.0,5.0,5.0,5.0,5.0,4.0,2.0,2.0,3.0,3.0,3.0,3.0,3.0,3.0,3.0,2.0,2.0,2.0,2.0,2.0,5.0,5.0,4.0,4.0,5.0,5.0,3.0,2.0,3.0,1.0,1984.0,17.0,1.0,민간,,1.0,4.666666666666667,2.6,3.0,2.0,4.5,3.6
4.0,5.0,4.0,3.0,4.0,5.0,5.0,4.0,3.0,4.0,3.0,5.0,4.0,3.0,4.0,5.0,4.0,3.0,4.0,5.0,4.0,3.0,5.0,4.0,4.0,3.0,5.0,4.0,3.0,2.0,1994.0,9.0,1.0,민간,,1.0,4.166666666666667,3.8,4.0,4.2,4.0,3.8
4.0,4.0,3.0,3.0,3.0,3.0,2.0,3.0,3.0,3.0,2.0,4.0,4.0,4.0,3.0,4.0,4.0,4.0,3.0,3.0,2.0,3.0,3.0,3.0,2.0,3.0,2.0,2.0,1.0,1.0,1980.0,1.0,1.0,민간,,1.0,3.3333333333333335,2.6,3.75,3.6,2.75,2.0
3.0,3.0,4.0,4.0,4.0,4.0,3.0,3.0,4.0,4.0,4.0,4.0,3.0,4.0,4.0,4.0,4.0,3.0,3.0,4.0,3.0,4.0,4.0,3.0,3.0,4.0,3.0,4.0,4.0,1.0,1970.0,9.0,1.0,민간,,1.0,3.6666666666666665,3.6,3.75,3.6,3.5,3.6
2.0,3.0,3.0,3.0,2.0,3.0,2.0,2.0,3.0,2.0,2.0,3.0,3.0,1.0,2.0,3.0,2.0,3.0,2.0,3.0,4.0,4.0,3.0,3.0,2.0,3.0,3.0,4.0,2.0,2.0,1982.0,9.0,1.0,민간,,1.0,2.6666666666666665,2.2,2.25,2.6,3.5,2.8
4.0,5.0,5.0,4.0,5.0,3.0,2.0,1.0,4.0,3.0,3.0,4.0,2.0,2.0,2.0,3.0,2.0,4.0,3.0,4.0,4.0,4.0,2.0,2.0,4.0,4.0,5.0,1.0,2.0,2.0,1990.0,9.0,1.0,민간,,1.0,4.333333333333333,2.6,2.5,3.2,3.0,3.2
4.0,5.0,4.0,5.0,5.0,5.0,4.0,5.0,5.0,4.0,5.0,5.0,5.0,5.0,5.0,5.0,5.0,5.0,4.0,4.0,4.0,5.0,5.0,4.0,2.0,2.0,2.0,3.0,2.0,1.0,1966.0,9.0,1.0,민간,,1.0,4.666666666666667,4.6,5.0,4.6,4.5,2.2
4.0,4.0,3.0,3.0,4.0,4.0,2.0,4.0,3.0,5.0,2.0,4.0,5.0,4.0,4.0,5.0,5.0,4.0,5.0,5.0,5.0,4.0,4.0,4.0,1.0,2.0,4.0,2.0,3.0,1.0,1981.0,4.0,1.0,민간,,1.0,3.6666666666666665,3.2,4.25,4.8,4.25,2.4
4.0,3.0,4.0,3.0,4.0,4.0,4.0,3.0,4.0,3.0,4.0,5.0,4.0,4.0,3.0,4.0,3.0,3.0,4.0,4.0,2.0,4.0,4.0,3.0,3.0,4.0,4.0,4.0,3.0,1.0,1969.0,9.0,1.0,민간,,1.0,3.6666666666666665,3.6,4.0,3.6,3.25,3.6
4.0,2.0,2.0,3.0,4.0,4.0,2.0,3.0,3.0,3.0,2.0,3.0,3.0,2.0,3.0,3.0,2.0,2.0,3.0,3.0,4.0,4.0,3.0,3.0,3.0,3.0,3.0,4.0,3.0,1.0,1977.0,2.0,1.0,민간,,1.0,3.1666666666666665,2.6,2.75,2.6,3.5,3.2
3.0,3.0,4.0,3.0,3.0,4.0,3.0,2.0,2.0,3.0,3.0,4.0,3.0,3.0,2.0,3.0,3.0,2.0,2.0,4.0,3.0,4.0,3.0,2.0,3.0,3.0,4.0,3.0,2.0,1.0,1972.0,5.0,1.0,민간,,1.0,3.3333333333333335,2.6,3.0,2.8,3.0,3.0
3.0,4.0,4.0,5.0,4.0,4.0,3.0,3.0,3.0,4.0,3.0,4.0,4.0,3.0,4.0,3.0,4.0,4.0,4.0,3.0,4.0,4.0,4.0,5.0,4.0,4.0,3.0,5.0,4.0,1.0,1985.0,1.0,1.0,민간,,1.0,4.0,3.2,3.75,3.6,4.25,4.0
2.0,1.0,2.0,3.0,2.0,2.0,2.0,3.0,2.0,3.0,3.0,3.0,3.0,3.0,2.0,2.0,3.0,3.0,3.0,3.0,3.0,3.0,2.0,3.0,3.0,2.0,2.0,3.0,2.0,1.0,1995.0,4.0,1.0,민간,,1.0,2.0,2.6,2.75,2.8,2.75,2.4
4.0,4.0,2.0,4.0,4.0,4.0,4.0,4.0,4.0,4.0,3.0,4.0,4.0,4.0,3.0,4.0,3.0,2.0,2.0,2.0,4.0,4.0,4.0,4.0,2.0,2.0,3.0,3.0,3.0,2.0,1985.0,9.0,1.0,민간,,1.0,3.6666666666666665,3.8,3.75,2.6,4.0,2.6
2.0,3.0,2.0,2.0,2.0,4.0,1.0,2.0,2.0,2.0,2.0,3.0,3.0,3.0,3.0,4.0,4.0,2.0,2.0,3.0,4.0,4.0,4.0,4.0,3.0,3.0,3.0,3.0,3.0,2.0,1996.0,1.0,1.0,민간,,1.0,2.5,1.8,3.0,3.0,4.0,3.0
4.0,3.0,2.0,3.0,4.0,4.0,3.0,2.0,4.0,3.0,3.0,4.0,3.0,2.0,3.0,3.0,2.0,4.0,3.0,3.0,3.0,3.0,3.0,3.0,3.0,3.0,3.0,3.0,4.0,2.0,1963.0,9.0,1.0,민간,,1.0,3.3333333333333335,3.0,3.0,3.0,3.0,3.2
4.0,4.0,5.0,5.0,5.0,5.0,3.0,4.0,4.0,3.0,4.0,4.0,5.0,5.0,5.0,4.0,4.0,4.0,4.0,5.0,5.0,5.0,5.0,5.0,2.0,1.0,5.0,5.0,1.0,1.0,1969.0,7.0,1.0,민간,,1.0,4.666666666666667,3.6,4.75,4.2,5.0,2.8
3.0,4.0,4.0,4.0,4.0,3.0,4.0,4.0,4.0,4.0,3.0,3.0,4.0,4.0,4.0,5.0,4.0,4.0,4.0,4.0,4.0,3.0,4.0,3.0,3.0,3.0,4.0,2.0,3.0,2.0,1975.0,1.0,1.0,민간,,1.0,3.6666666666666665,3.8,3.75,4.2,3.5,3.0
4.0,2.0,2.0,4.0,4.0,3.0,3.0,2.0,2.0,2.0,3.0,3.0,3.0,3.0,3.0,3.0,3.0,3.0,2.0,3.0,2.0,2.0,3.0,3.0,3.0,3.0,3.0,4.0,4.0,2.0,1989.0,3.0,1.0,민간,,1.0,3.1666666666666665,2.4,3.0,2.8,2.5,3.4
2.0,1.0,2.0,3.0,2.0,2.0,1.0,1.0,1.0,2.0,2.0,1.0,4.0,4.0,4.0,3.0,3.0,2.0,2.0,2.0,4.0,4.0,4.0,3.0,4.0,2.0,3.0,3.0,3.0,2.0,1983.0,9.0,1.0,민간,,1.0,2.0,1.4,3.25,2.4,3.75,3.0
2.0,4.0,3.0,4.0,4.0,4.0,3.0,3.0,3.0,2.0,2.0,3.0,3.0,4.0,3.0,2.0,3.0,3.0,4.0,3.0,3.0,3.0,4.0,4.0,3.0,3.0,4.0,3.0,4.0,2.0,1989.0,3.0,1.0,민간,,1.0,3.5,2.6,3.25,3.0,3.5,3.4
4.0,4.0,3.0,4.0,4.0,5.0,4.0,3.0,4.0,4.0,3.0,3.0,4.0,4.0,4.0,3.0,3.0,3.0,4.0,3.0,3.0,3.0,4.0,3.0,2.0,2.0,2.0,3.0,2.0,2.0,1977.0,1.0,1.0,민간,,1.0,4.0,3.6,3.75,3.2,3.25,2.2
4.0,5.0,4.0,5.0,5.0,2.0,4.0,3.0,4.0,4.0,3.0,5.0,5.0,5.0,4.0,4.0,5.0,4.0,4.0,4.0,2.0,5.0,4.0,4.0,1.0,1.0,2.0,1.0,1.0,1.0,1967.0,1.0,1.0,민간,,1.0,4.166666666666667,3.6,4.75,4.2,3.75,1.2
5.0,2.0,4.0,5.0,5.0,5.0,4.0,3.0,3.0,4.0,4.0,4.0,3.0,4.0,3.0,5.0,4.0,4.0,5.0,4.0,5.0,4.0,3.0,4.0,4.0,4.0,4.0,4.0,3.0,2.0,1978.0,9.0,1.0,민간,,1.0,4.333333333333333,3.6,3.5,4.4,4.0,3.8
2.0,2.0,4.0,4.0,2.0,2.0,2.0,2.0,2.0,2.0,2.0,2.0,4.0,3.0,2.0,2.0,4.0,3.0,4.0,4.0,3.0,3.0,3.0,3.0,2.0,2.0,2.0,4.0,3.0,2.0,1989.0,1.0,1.0,민간,,1.0,2.6666666666666665,2.0,2.75,3.4,3.0,2.6
3.0,3.0,2.0,3.0,3.0,3.0,2.0,3.0,3.0,3.0,3.0,4.0,4.0,4.0,4.0,3.0,4.0,4.0,4.0,3.0,4.0,4.0,3.0,3.0,4.0,4.0,4.0,4.0,3.0,2.0,1988.0,7.0,1.0,민간,,1.0,2.8333333333333335,2.8,4.0,3.6,3.5,3.8
4.0,3.0,4.0,3.0,3.0,4.0,4.0,3.0,4.0,4.0,3.0,3.0,3.0,4.0,4.0,3.0,3.0,4.0,3.0,3.0,3.0,4.0,4.0,3.0,3.0,3.0,4.0,3.0,3.0,1.0,1979.0,1.0,1.0,민간,,1.0,3.5,3.6,3.5,3.2,3.5,3.2
2.0,3.0,2.0,4.0,3.0,2.0,3.0,2.0,4.0,3.0,3.0,2.0,2.0,4.0,3.0,3.0,3.0,3.0,2.0,3.0,4.0,3.0,2.0,2.0,3.0,4.0,5.0,5.0,3.0,1.0,1984.0,1.0,1.0,민간,,1.0,2.6666666666666665,3.0,2.75,2.8,2.75,4.0
4.0,4.0,1.0,4.0,2.0,3.0,1.0,1.0,1.0,1.0,1.0,1.0,4.0,4.0,2.0,1.0,1.0,1.0,2.0,1.0,3.0,3.0,3.0,4.0,4.0,3.0,4.0,5.0,3.0,1.0,1963.0,1.0,1.0,민간,,1.0,3.0,1.0,2.75,1.2,3.25,3.8
2.0,4.0,3.0,3.0,2.0,4.0,2.0,2.0,3.0,2.0,4.0,2.0,3.0,3.0,2.0,3.0,4.0,3.0,2.0,3.0,2.0,4.0,1.0,4.0,2.0,2.0,2.0,2.0,4.0,2.0,1980.0,15.0,1.0,민간,,1.0,3.0,2.6,2.5,3.0,2.75,2.4
4.0,5.0,4.0,2.0,5.0,4.0,3.0,3.0,4.0,5.0,4.0,5.0,5.0,4.0,4.0,4.0,5.0,4.0,4.0,4.0,3.0,4.0,3.0,4.0,2.0,1.0,1.0,3.0,1.0,2.0,2000.0,1.0,1.0,민간,,1.0,4.0,3.8,4.5,4.2,3.5,1.6
2.0,4.0,2.0,5.0,4.0,4.0,1.0,2.0,2.0,2.0,2.0,3.0,4.0,5.0,5.0,2.0,1.0,2.0,4.0,1.0,4.0,4.0,4.0,4.0,4.0,2.0,2.0,4.0,1.0,1.0,1969.0,9.0,1.0,민간,,1.0,3.5,1.8,4.25,2.0,4.0,2.6
4.0,4.0,3.0,4.0,2.0,3.0,4.0,4.0,3.0,4.0,3.0,3.0,4.0,4.0,4.0,3.0,4.0,3.0,4.0,4.0,3.0,4.0,4.0,4.0,4.0,3.0,4.0,3.0,3.0,2.0,1988.0,1.0,1.0,민간,,1.0,3.3333333333333335,3.6,3.75,3.6,3.75,3.4
5.0,5.0,5.0,4.0,5.0,5.0,4.0,3.0,2.0,2.0,3.0,4.0,5.0,4.0,4.0,2.0,3.0,2.0,2.0,2.0,5.0,5.0,3.0,4.0,5.0,5.0,4.0,4.0,3.0,1.0,1981.0,1.0,1.0,민간,,1.0,4.833333333333333,2.8,4.25,2.2,4.25,4.2
4.0,3.0,3.0,4.0,4.0,4.0,3.0,3.0,3.0,3.0,3.0,4.0,4.0,3.0,3.0,3.0,3.0,3.0,2.0,3.0,4.0,3.0,3.0,4.0,2.0,2.0,2.0,2.0,1.0,2.0,1980.0,1.0,1.0,민간,,1.0,3.6666666666666665,3.0,3.5,2.8,3.5,1.8
4.0,4.0,3.0,5.0,5.0,4.0,4.0,3.0,4.0,4.0,4.0,4.0,4.0,4.0,4.0,4.0,4.0,4.0,3.0,4.0,4.0,4.0,4.0,4.0,4.0,4.0,4.0,4.0,4.0,1.0,1970.0,9.0,1.0,민간,,1.0,4.166666666666667,3.8,4.0,3.8,4.0,4.0
3.0,5.0,2.0,4.0,4.0,4.0,5.0,3.0,3.0,3.0,4.0,4.0,4.0,4.0,3.0,4.0,3.0,4.0,3.0,4.0,4.0,5.0,5.0,4.0,4.0,4.0,3.0,5.0,4.0,1.0,1983.0,2.0,1.0,민간,,1.0,3.6666666666666665,3.6,3.75,3.6,4.5,4.0
3.0,3.0,5.0,4.0,5.0,3.0,2.0,3.0,4.0,5.0,4.0,3.0,5.0,5.0,4.0,4.0,5.0,5.0,5.0,4.0,4.0,3.0,5.0,4.0,2.0,4.0,4.0,2.0,4.0,2.0,1993.0,9.0,1.0,민간,,1.0,3.8333333333333335,3.6,4.25,4.6,4.0,3.2
4.0,3.0,2.0,4.0,3.0,4.0,3.0,3.0,2.0,4.0,2.0,2.0,3.0,3.0,2.0,2.0,2.0,4.0,4.0,3.0,4.0,4.0,3.0,4.0,4.0,3.0,3.0,4.0,4.0,1.0,1973.0,9.0,1.0,민간,,1.0,3.3333333333333335,2.8,2.5,3.0,3.75,3.6
3.0,4.0,3.0,2.0,2.0,4.0,2.0,2.0,3.0,3.0,2.0,3.0,3.0,4.0,3.0,4.0,2.0,2.0,2.0,2.0,4.0,4.0,4.0,4.0,2.0,2.0,4.0,2.0,4.0,1.0,1980.0,4.0,1.0,민간,,1.0,3.0,2.4,3.25,2.4,4.0,2.8
3.0,2.0,3.0,3.0,4.0,4.0,3.0,3.0,4.0,4.0,3.0,4.0,4.0,5.0,4.0,4.0,3.0,2.0,3.0,3.0,2.0,4.0,4.0,4.0,2.0,2.0,4.0,2.0,1.0,2.0,1976.0,1.0,1.0,민간,,1.0,3.1666666666666665,3.4,4.25,3.0,3.5,2.2
3.0,4.0,4.0,2.0,3.0,4.0,3.0,2.0,2.0,3.0,4.0,4.0,3.0,3.0,3.0,3.0,4.0,4.0,3.0,3.0,3.0,4.0,2.0,3.0,3.0,4.0,4.0,3.0,2.0,1.0,1978.0,13.0,1.0,민간,,1.0,3.3333333333333335,2.8,3.25,3.4,3.0,3.2
3.0,2.0,4.0,4.0,4.0,3.0,3.0,2.0,3.0,2.0,3.0,3.0,3.0,3.0,3.0,3.0,3.0,2.0,3.0,3.0,3.0,3.0,3.0,3.0,3.0,3.0,3.0,3.0,3.0,1.0,1968.0,1.0,1.0,민간,,1.0,3.3333333333333335,2.6,3.0,2.8,3.0,3.0
4.0,3.0,4.0,5.0,4.0,4.0,4.0,3.0,3.0,3.0,3.0,4.0,4.0,4.0,4.0,4.0,4.0,3.0,3.0,3.0,4.0,4.0,3.0,3.0,3.0,1.0,1.0,4.0,1.0,2.0,1971.0,9.0,1.0,민간,,1.0,4.0,3.2,4.0,3.4,3.5,2.0
2.0,3.0,3.0,5.0,3.0,4.0,2.0,2.0,3.0,3.0,3.0,3.0,3.0,3.0,3.0,2.0,1.0,1.0,1.0,2.0,4.0,4.0,5.0,5.0,2.0,2.0,4.0,2.0,2.0,2.0,1988.0,2.0,1.0,민간,,1.0,3.3333333333333335,2.6,3.0,1.4,4.5,2.4
4.0,5.0,5.0,5.0,4.0,5.0,3.0,4.0,4.0,4.0,5.0,5.0,5.0,5.0,5.0,5.0,5.0,4.0,5.0,4.0,4.0,4.0,5.0,5.0,1.0,4.0,4.0,5.0,2.0,1.0,1987.0,9.0,1.0,민간,,1.0,4.666666666666667,4.0,5.0,4.6,4.5,3.2
4.0,3.0,4.0,4.0,4.0,3.0,4.0,4.0,3.0,4.0,4.0,3.0,4.0,3.0,3.0,4.0,3.0,4.0,3.0,3.0,4.0,5.0,4.0,4.0,4.0,3.0,4.0,4.0,4.0,1.0,1967.0,3.0,1.0,민간,,1.0,3.6666666666666665,3.8,3.25,3.4,4.25,3.8
4.0,4.0,4.0,5.0,3.0,4.0,4.0,3.0,3.0,4.0,4.0,3.0,3.0,3.0,4.0,4.0,2.0,2.0,3.0,3.0,2.0,2.0,2.0,2.0,3.0,3.0,4.0,4.0,3.0,2.0,1987.0,10.0,1.0,민간,,1.0,4.0,3.6,3.25,2.8,2.0,3.4
4.0,4.0,3.0,4.0,4.0,4.0,4.0,4.0,3.0,4.0,4.0,3.0,4.0,3.0,3.0,4.0,3.0,4.0,3.0,3.0,2.0,2.0,3.0,3.0,4.0,3.0,3.0,4.0,4.0,2.0,1985.0,1.0,1.0,민간,,1.0,3.8333333333333335,3.8,3.25,3.4,2.5,3.6
5.0,4.0,3.0,4.0,5.0,5.0,4.0,3.0,4.0,4.0,5.0,4.0,3.0,4.0,4.0,4.0,3.0,4.0,4.0,5.0,4.0,3.0,3.0,4.0,3.0,3.0,3.0,4.0,4.0,1.0,1982.0,2.0,1.0,민간,,1.0,4.333333333333333,4.0,3.75,4.0,3.5,3.4
3.0,4.0,4.0,5.0,4.0,4.0,3.0,3.0,4.0,4.0,3.0,3.0,3.0,3.0,3.0,2.0,2.0,1.0,1.0,2.0,4.0,3.0,4.0,4.0,3.0,3.0,3.0,2.0,4.0,1.0,1983.0,2.0,1.0,민간,,1.0,4.0,3.4,3.0,1.6,3.75,3.0
4.0,4.0,5.0,5.0,5.0,4.0,3.0,4.0,4.0,3.0,4.0,3.0,4.0,4.0,4.0,4.0,3.0,3.0,3.0,2.0,4.0,4.0,4.0,3.0,3.0,3.0,4.0,4.0,3.0,2.0,1962.0,4.0,1.0,민간,,1.0,4.5,3.6,3.75,3.0,3.75,3.4
2.0,3.0,3.0,4.0,3.0,2.0,3.0,4.0,3.0,5.0,5.0,5.0,3.0,2.0,4.0,3.0,5.0,2.0,4.0,5.0,3.0,4.0,5.0,2.0,3.0,4.0,2.0,4.0,4.0,1.0,1994.0,6.0,1.0,민간,,1.0,2.8333333333333335,4.0,3.5,3.8,3.5,3.4
3.0,3.0,3.0,3.0,3.0,4.0,3.0,2.0,4.0,3.0,4.0,3.0,3.0,3.0,3.0,3.0,3.0,2.0,3.0,3.0,3.0,3.0,3.0,3.0,3.0,3.0,3.0,3.0,3.0,1.0,1979.0,4.0,1.0,민간,,1.0,3.1666666666666665,3.2,3.0,2.8,3.0,3.0
3.0,3.0,4.0,5.0,5.0,4.0,3.0,4.0,4.0,4.0,3.0,3.0,3.0,3.0,4.0,3.0,4.0,3.0,4.0,4.0,3.0,3.0,4.0,4.0,2.0,4.0,4.0,4.0,3.0,1.0,1969.0,9.0,1.0,민간,,1.0,4.0,3.6,3.25,3.6,3.5,3.4
3.0,3.0,2.0,4.0,2.0,2.0,3.0,3.0,3.0,3.0,4.0,3.0,3.0,4.0,4.0,3.0,3.0,3.0,4.0,3.0,4.0,4.0,4.0,3.0,2.0,3.0,4.0,4.0,2.0,2.0,1973.0,9.0,1.0,민간,,1.0,2.6666666666666665,3.2,3.5,3.2,3.75,3.0
3.0,2.0,4.0,3.0,2.0,4.0,2.0,4.0,3.0,2.0,4.0,2.0,3.0,4.0,3.0,2.0,4.0,3.0,4.0,3.0,3.0,2.0,4.0,3.0,1.0,3.0,2.0,4.0,3.0,1.0,1983.0,2.0,1.0,민간,,1.0,3.0,3.0,3.0,3.2,3.0,2.6
2.0,3.0,3.0,4.0,3.0,3.0,2.0,2.0,2.0,2.0,2.0,2.0,2.0,2.0,2.0,3.0,2.0,3.0,3.0,3.0,4.0,3.0,3.0,3.0,3.0,3.0,3.0,3.0,3.0,1.0,1962.0,9.0,1.0,민간,,1.0,3.0,2.0,2.0,2.8,3.25,3.0
3.0,3.0,3.0,3.0,3.0,3.0,3.0,4.0,3.0,3.0,3.0,3.0,3.0,3.0,3.0,3.0,3.0,4.0,3.0,3.0,3.0,3.0,4.0,3.0,3.0,2.0,3.0,3.0,4.0,2.0,1993.0,9.0,1.0,민간,,1.0,3.0,3.2,3.0,3.2,3.25,3.0
2.0,2.0,1.0,1.0,2.0,4.0,1.0,1.0,1.0,1.0,1.0,1.0,1.0,1.0,1.0,1.0,1.0,1.0,1.0,1.0,3.0,3.0,3.0,2.0,4.0,4.0,4.0,4.0,3.0,2.0,1984.0,1.0,1.0,민간,,1.0,2.0,1.0,1.0,1.0,2.75,3.8
2.0,3.0,4.0,3.0,3.0,4.0,2.0,3.0,2.0,2.0,3.0,3.0,2.0,2.0,2.0,3.0,3.0,3.0,2.0,3.0,3.0,2.0,3.0,3.0,3.0,3.0,2.0,3.0,2.0,2.0,1984.0,9.0,1.0,민간,,1.0,3.1666666666666665,2.4,2.25,2.8,2.75,2.6
2.0,2.0,2.0,3.0,2.0,4.0,2.0,2.0,3.0,3.0,3.0,2.0,3.0,3.0,3.0,2.0,2.0,2.0,2.0,2.0,2.0,2.0,2.0,2.0,2.0,2.0,2.0,2.0,2.0,2.0,1985.0,2.0,1.0,민간,,1.0,2.5,2.6,2.75,2.0,2.0,2.0
3.0,4.0,3.0,4.0,3.0,3.0,4.0,3.0,4.0,3.0,2.0,3.0,3.0,3.0,4.0,3.0,3.0,4.0,2.0,3.0,3.0,2.0,3.0,3.0,3.0,2.0,3.0,4.0,3.0,1.0,1996.0,9.0,1.0,민간,,1.0,3.3333333333333335,3.2,3.25,3.0,2.75,3.0
2.0,3.0,2.0,4.0,3.0,2.0,1.0,1.0,1.0,2.0,1.0,1.0,1.0,1.0,2.0,4.0,2.0,2.0,2.0,1.0,5.0,4.0,4.0,4.0,3.0,4.0,4.0,5.0,4.0,2.0,1990.0,16.0,1.0,민간,,1.0,2.6666666666666665,1.2,1.25,2.2,4.25,4.0
4.0,4.0,4.0,4.0,5.0,4.0,3.0,3.0,4.0,3.0,4.0,3.0,4.0,3.0,4.0,4.0,3.0,4.0,4.0,4.0,4.0,4.0,5.0,4.0,4.0,3.0,4.0,4.0,4.0,2.0,1990.0,9.0,1.0,민간,,1.0,4.166666666666667,3.4,3.5,3.8,4.25,3.8
2.0,2.0,2.0,5.0,5.0,3.0,4.0,4.0,4.0,4.0,4.0,4.0,4.0,2.0,4.0,4.0,4.0,5.0,5.0,5.0,4.0,4.0,5.0,4.0,4.0,2.0,2.0,2.0,2.0,2.0,1977.0,9.0,1.0,민간,,1.0,3.1666666666666665,4.0,3.5,4.6,4.25,2.4
5.0,5.0,2.0,4.0,5.0,5.0,5.0,4.0,4.0,4.0,5.0,3.0,3.0,3.0,3.0,3.0,3.0,3.0,4.0,4.0,4.0,4.0,3.0,4.0,1.0,4.0,2.0,1.0,1.0,2.0,1983.0,17.0,1.0,민간,,1.0,4.333333333333333,4.4,3.0,3.4,3.75,1.8
2.0,1.0,3.0,1.0,1.0,1.0,1.0,1.0,1.0,1.0,1.0,2.0,2.0,2.0,3.0,2.0,3.0,3.0,2.0,2.0,4.0,4.0,2.0,3.0,2.0,2.0,1.0,2.0,2.0,2.0,1980.0,9.0,1.0,민간,,1.0,1.5,1.0,2.25,2.4,3.25,1.8
2.0,2.0,2.0,4.0,3.0,2.0,4.0,4.0,5.0,3.0,2.0,4.0,5.0,4.0,4.0,4.0,5.0,4.0,4.0,3.0,5.0,5.0,2.0,4.0,4.0,4.0,4.0,4.0,2.0,2.0,1992.0,1.0,1.0,민간,,1.0,2.5,3.6,4.25,4.0,4.0,3.6
3.0,3.0,4.0,4.0,3.0,5.0,3.0,4.0,5.0,4.0,4.0,5.0,4.0,5.0,3.0,4.0,3.0,3.0,4.0,5.0,4.0,5.0,5.0,4.0,4.0,3.0,5.0,4.0,3.0,2.0,1978.0,3.0,1.0,민간,,1.0,3.6666666666666665,4.0,4.25,3.8,4.5,3.8
3.0,2.0,3.0,4.0,3.0,4.0,3.0,3.0,2.0,2.0,2.0,3.0,4.0,3.0,3.0,4.0,4.0,4.0,4.0,3.0,5.0,4.0,4.0,4.0,2.0,1.0,2.0,2.0,1.0,2.0,1975.0,9.0,1.0,민간,,1.0,3.1666666666666665,2.4,3.25,3.8,4.25,1.6
1.0,4.0,2.0,4.0,5.0,4.0,4.0,4.0,4.0,3.0,3.0,4.0,4.0,4.0,4.0,4.0,5.0,4.0,4.0,5.0,5.0,3.0,4.0,4.0,3.0,4.0,4.0,4.0,4.0,2.0,1996.0,1.0,1.0,민간,,1.0,3.3333333333333335,3.6,4.0,4.4,4.0,3.8
1.0,2.0,1.0,1.0,1.0,4.0,4.0,1.0,4.0,1.0,1.0,1.0,4.0,4.0,4.0,1.0,1.0,1.0,1.0,1.0,4.0,4.0,4.0,4.0,1.0,1.0,3.0,3.0,1.0,2.0,1995.0,1.0,1.0,민간,,1.0,1.6666666666666667,2.2,3.25,1.0,4.0,1.8
4.0,4.0,3.0,5.0,5.0,4.0,3.0,3.0,4.0,4.0,4.0,3.0,3.0,3.0,4.0,4.0,4.0,4.0,3.0,3.0,4.0,4.0,4.0,3.0,4.0,3.0,3.0,4.0,4.0,2.0,1992.0,1.0,1.0,민간,,1.0,4.166666666666667,3.6,3.25,3.6,3.75,3.6
3.0,2.0,4.0,2.0,3.0,5.0,2.0,2.0,2.0,3.0,3.0,3.0,4.0,4.0,3.0,3.0,2.0,2.0,4.0,3.0,4.0,3.0,3.0,3.0,4.0,4.0,2.0,2.0,2.0,2.0,1985.0,9.0,1.0,민간,,1.0,3.1666666666666665,2.4,3.5,2.8,3.25,2.8
2.0,3.0,2.0,3.0,3.0,4.0,1.0,1.0,2.0,1.0,3.0,3.0,3.0,3.0,3.0,3.0,2.0,2.0,3.0,1.0,5.0,5.0,5.0,5.0,1.0,1.0,1.0,2.0,3.0,2.0,1982.0,1.0,1.0,민간,,1.0,2.8333333333333335,1.6,3.0,2.2,5.0,1.6
4.0,3.0,5.0,3.0,5.0,3.0,2.0,4.0,2.0,5.0,4.0,2.0,5.0,3.0,2.0,2.0,4.0,3.0,2.0,4.0,3.0,2.0,1.0,5.0,3.0,2.0,5.0,2.0,5.0,2.0,1971.0,1.0,1.0,민간,,1.0,3.8333333333333335,3.4,3.0,3.0,2.75,3.4
4.0,3.0,3.0,3.0,3.0,4.0,2.0,2.0,2.0,1.0,1.0,2.0,3.0,2.0,2.0,2.0,3.0,2.0,2.0,3.0,3.0,3.0,3.0,3.0,2.0,3.0,2.0,2.0,3.0,2.0,1987.0,1.0,1.0,민간,,1.0,3.3333333333333335,1.6,2.25,2.4,3.0,2.4
4.0,4.0,3.0,4.0,5.0,4.0,3.0,3.0,3.0,3.0,3.0,4.0,4.0,4.0,4.0,4.0,4.0,5.0,4.0,4.0,4.0,4.0,4.0,5.0,3.0,4.0,4.0,3.0,3.0,2.0,1978.0,1.0,1.0,민간,,1.0,4.0,3.0,4.0,4.2,4.25,3.4
4.0,2.0,4.0,5.0,5.0,5.0,2.0,2.0,4.0,3.0,2.0,3.0,2.0,2.0,2.0,2.0,4.0,4.0,4.0,3.0,2.0,2.0,3.0,3.0,2.0,3.0,4.0,3.0,3.0,2.0,1976.0,1.0,1.0,민간,,1.0,4.166666666666667,2.6,2.25,3.4,2.5,3.0
2.0,2.0,3.0,3.0,3.0,4.0,1.0,1.0,3.0,2.0,1.0,2.0,3.0,1.0,1.0,1.0,2.0,2.0,1.0,1.0,5.0,4.0,4.0,4.0,4.0,4.0,4.0,2.0,4.0,1.0,1968.0,9.0,1.0,민간,,1.0,2.8333333333333335,1.6,1.75,1.4,4.25,3.6
5.0,5.0,4.0,4.0,5.0,5.0,3.0,3.0,2.0,3.0,3.0,3.0,4.0,4.0,4.0,4.0,3.0,4.0,4.0,4.0,5.0,5.0,5.0,4.0,3.0,3.0,4.0,3.0,3.0,2.0,1981.0,2.0,1.0,민간,,1.0,4.666666666666667,2.8,3.75,3.8,4.75,3.2
2.0,3.0,3.0,3.0,3.0,2.0,2.0,2.0,3.0,2.0,2.0,2.0,3.0,2.0,2.0,4.0,3.0,3.0,4.0,3.0,4.0,4.0,3.0,4.0,3.0,4.0,3.0,4.0,3.0,1.0,1972.0,1.0,1.0,민간,,1.0,2.6666666666666665,2.2,2.25,3.4,3.75,3.4
2.0,3.0,4.0,3.0,4.0,2.0,4.0,3.0,3.0,4.0,4.0,4.0,4.0,4.0,4.0,4.0,4.0,4.0,5.0,4.0,4.0,4.0,4.0,3.0,4.0,4.0,3.0,4.0,3.0,2.0,1969.0,9.0,1.0,민간,,1.0,3.0,3.6,4.0,4.2,3.75,3.6
3.0,1.0,2.0,5.0,3.0,1.0,4.0,4.0,4.0,4.0,5.0,4.0,5.0,5.0,4.0,2.0,4.0,4.0,4.0,4.0,4.0,5.0,5.0,4.0,2.0,2.0,2.0,2.0,2.0,2.0,1993.0,5.0,1.0,민간,,1.0,2.5,4.2,4.5,3.6,4.5,2.0
3.0,3.0,3.0,4.0,3.0,3.0,3.0,2.0,2.0,2.0,3.0,2.0,3.0,3.0,3.0,2.0,1.0,2.0,3.0,2.0,4.0,4.0,4.0,3.0,3.0,3.0,3.0,2.0,3.0,2.0,1982.0,1.0,1.0,민간,,1.0,3.1666666666666665,2.4,2.75,2.0,3.75,2.8
2.0,4.0,2.0,3.0,3.0,4.0,3.0,2.0,3.0,3.0,2.0,4.0,5.0,4.0,4.0,4.0,4.0,3.0,2.0,4.0,5.0,4.0,5.0,4.0,2.0,2.0,3.0,3.0,2.0,1.0,1985.0,1.0,1.0,민간,,1.0,3.0,2.6,4.25,3.4,4.5,2.4
4.0,4.0,3.0,3.0,4.0,3.0,3.0,3.0,2.0,4.0,3.0,3.0,4.0,3.0,3.0,4.0,3.0,3.0,4.0,3.0,3.0,3.0,3.0,4.0,3.0,3.0,4.0,3.0,3.0,2.0,1967.0,2.0,1.0,민간,,1.0,3.5,3.0,3.25,3.4,3.25,3.2
4.0,4.0,4.0,3.0,4.0,3.0,4.0,4.0,3.0,4.0,4.0,3.0,3.0,4.0,4.0,4.0,4.0,3.0,3.0,4.0,4.0,4.0,3.0,4.0,4.0,4.0,3.0,4.0,4.0,2.0,1998.0,7.0,1.0,민간,,1.0,3.6666666666666665,3.8,3.5,3.6,3.75,3.8
4.0,3.0,4.0,4.0,4.0,4.0,4.0,3.0,4.0,4.0,4.0,3.0,4.0,3.0,4.0,4.0,4.0,3.0,4.0,4.0,4.0,4.0,4.0,3.0,2.0,3.0,3.0,2.0,3.0,1.0,1982.0,9.0,1.0,민간,,1.0,3.8333333333333335,3.8,3.5,3.8,3.75,2.6
4.0,4.0,4.0,5.0,5.0,5.0,4.0,5.0,5.0,5.0,5.0,3.0,3.0,4.0,4.0,5.0,5.0,5.0,5.0,5.0,5.0,5.0,5.0,5.0,3.0,3.0,3.0,3.0,3.0,1.0,1979.0,1.0,1.0,민간,,1.0,4.5,4.8,3.5,5.0,5.0,3.0
5.0,3.0,4.0,4.0,4.0,2.0,4.0,3.0,4.0,3.0,3.0,4.0,4.0,3.0,4.0,3.0,4.0,4.0,3.0,4.0,4.0,3.0,4.0,4.0,4.0,3.0,4.0,4.0,3.0,1.0,1974.0,2.0,1.0,민간,,1.0,3.6666666666666665,3.4,3.75,3.6,3.75,3.6
2.0,1.0,3.0,3.0,2.0,3.0,3.0,3.0,3.0,3.0,3.0,3.0,3.0,3.0,3.0,3.0,3.0,3.0,3.0,3.0,3.0,3.0,3.0,3.0,3.0,3.0,3.0,3.0,3.0,2.0,1993.0,9.0,1.0,민간,,1.0,2.3333333333333335,3.0,3.0,3.0,3.0,3.0
4.0,3.0,4.0,4.0,4.0,3.0,2.0,2.0,2.0,2.0,1.0,3.0,3.0,2.0,2.0,2.0,3.0,3.0,3.0,2.0,3.0,2.0,2.0,3.0,2.0,2.0,2.0,1.0,1.0,1.0,1979.0,15.0,1.0,민간,,1.0,3.6666666666666665,1.8,2.5,2.6,2.5,1.6
1.0,2.0,1.0,3.0,2.0,3.0,2.0,2.0,2.0,2.0,1.0,1.0,2.0,1.0,3.0,2.0,1.0,2.0,1.0,1.0,1.0,1.0,1.0,1.0,1.0,1.0,1.0,2.0,1.0,2.0,1991.0,9.0,1.0,민간,,1.0,2.0,1.8,1.75,1.4,1.0,1.2
4.0,4.0,4.0,4.0,4.0,4.0,3.0,3.0,4.0,3.0,3.0,3.0,4.0,3.0,4.0,3.0,4.0,3.0,3.0,4.0,4.0,4.0,3.0,4.0,3.0,3.0,4.0,4.0,3.0,1.0,1975.0,2.0,1.0,민간,,1.0,4.0,3.2,3.5,3.4,3.75,3.4
4.0,4.0,3.0,4.0,4.0,3.0,3.0,3.0,4.0,2.0,3.0,3.0,4.0,3.0,4.0,4.0,3.0,4.0,3.0,2.0,4.0,3.0,4.0,3.0,4.0,4.0,4.0,3.0,4.0,1.0,1984.0,9.0,1.0,민간,,1.0,3.6666666666666665,3.0,3.5,3.2,3.5,3.8
2.0,2.0,3.0,3.0,4.0,3.0,3.0,3.0,3.0,3.0,3.0,3.0,3.0,3.0,3.0,3.0,3.0,3.0,3.0,3.0,3.0,4.0,4.0,4.0,2.0,2.0,3.0,3.0,3.0,2.0,1988.0,1.0,1.0,민간,,1.0,2.8333333333333335,3.0,3.0,3.0,3.75,2.6
2.0,2.0,1.0,2.0,2.0,2.0,2.0,2.0,2.0,3.0,3.0,2.0,3.0,4.0,3.0,3.0,3.0,3.0,2.0,2.0,5.0,4.0,3.0,3.0,3.0,3.0,3.0,3.0,3.0,2.0,1987.0,9.0,1.0,민간,,1.0,1.8333333333333333,2.4,3.0,2.6,3.75,3.0
3.0,3.0,4.0,4.0,3.0,4.0,3.0,4.0,3.0,4.0,3.0,4.0,3.0,2.0,3.0,3.0,4.0,3.0,4.0,3.0,3.0,4.0,3.0,4.0,3.0,4.0,3.0,4.0,3.0,2.0,1986.0,6.0,1.0,민간,,1.0,3.5,3.4,3.0,3.4,3.5,3.4
2.0,2.0,2.0,3.0,2.0,2.0,3.0,4.0,2.0,4.0,2.0,4.0,3.0,4.0,4.0,3.0,4.0,4.0,3.0,2.0,2.0,2.0,2.0,1.0,3.0,2.0,2.0,4.0,2.0,1.0,1989.0,2.0,1.0,민간,,1.0,2.1666666666666665,3.0,3.75,3.2,1.75,2.6
4.0,3.0,4.0,3.0,4.0,3.0,3.0,2.0,3.0,4.0,3.0,3.0,4.0,3.0,4.0,2.0,3.0,4.0,3.0,3.0,3.0,4.0,2.0,3.0,3.0,2.0,3.0,3.0,4.0,2.0,1964.0,2.0,1.0,민간,,1.0,3.5,3.0,3.5,3.0,3.0,3.0
3.0,3.0,2.0,4.0,3.0,3.0,3.0,2.0,3.0,3.0,2.0,3.0,3.0,3.0,3.0,3.0,2.0,4.0,3.0,4.0,3.0,3.0,3.0,2.0,4.0,3.0,3.0,4.0,3.0,1.0,1990.0,1.0,1.0,민간,,1.0,3.0,2.6,3.0,3.2,2.75,3.4
2.0,2.0,3.0,3.0,3.0,2.0,2.0,2.0,2.0,2.0,2.0,3.0,3.0,3.0,3.0,2.0,2.0,2.0,2.0,3.0,4.0,4.0,3.0,3.0,2.0,2.0,3.0,2.0,3.0,2.0,1984.0,1.0,1.0,민간,,1.0,2.5,2.0,3.0,2.2,3.5,2.4
4.0,5.0,4.0,4.0,4.0,4.0,4.0,4.0,4.0,4.0,5.0,4.0,4.0,4.0,5.0,4.0,5.0,5.0,4.0,4.0,4.0,4.0,4.0,4.0,3.0,4.0,4.0,4.0,4.0,2.0,1991.0,14.0,1.0,민간,,1.0,4.166666666666667,4.2,4.25,4.4,4.0,3.8
4.0,3.0,5.0,4.0,4.0,3.0,2.0,2.0,2.0,3.0,2.0,3.0,4.0,2.0,2.0,3.0,2.0,3.0,3.0,2.0,4.0,4.0,3.0,3.0,3.0,3.0,4.0,4.0,3.0,2.0,1989.0,1.0,1.0,민간,,1.0,3.8333333333333335,2.2,2.75,2.6,3.5,3.4
4.0,4.0,3.0,4.0,4.0,3.0,3.0,4.0,4.0,3.0,3.0,5.0,4.0,3.0,4.0,5.0,5.0,4.0,4.0,3.0,4.0,3.0,4.0,5.0,2.0,1.0,2.0,3.0,3.0,1.0,1994.0,1.0,1.0,민간,,1.0,3.6666666666666665,3.4,4.0,4.2,4.0,2.2
5.0,4.0,4.0,4.0,5.0,4.0,3.0,3.0,4.0,3.0,4.0,4.0,4.0,4.0,3.0,3.0,3.0,3.0,4.0,3.0,4.0,4.0,4.0,4.0,4.0,4.0,3.0,3.0,3.0,1.0,1972.0,11.0,1.0,민간,,1.0,4.333333333333333,3.4,3.75,3.2,4.0,3.4
5.0,4.0,4.0,4.0,5.0,4.0,4.0,5.0,4.0,3.0,4.0,5.0,4.0,4.0,3.0,4.0,4.0,5.0,4.0,4.0,5.0,4.0,5.0,4.0,4.0,4.0,5.0,5.0,4.0,1.0,1982.0,11.0,1.0,민간,,1.0,4.333333333333333,4.0,4.0,4.2,4.5,4.4
5.0,4.0,4.0,5.0,5.0,5.0,4.0,5.0,4.0,5.0,5.0,5.0,5.0,5.0,5.0,5.0,5.0,5.0,5.0,4.0,4.0,4.0,4.0,3.0,3.0,3.0,3.0,2.0,3.0,2.0,1965.0,1.0,1.0,민간,,1.0,4.666666666666667,4.6,5.0,4.8,3.75,2.8
3.0,1.0,4.0,2.0,3.0,4.0,1.0,1.0,1.0,1.0,1.0,2.0,1.0,4.0,3.0,3.0,4.0,3.0,4.0,2.0,5.0,3.0,4.0,4.0,4.0,4.0,4.0,4.0,2.0,2.0,1985.0,9.0,1.0,민간,,1.0,2.8333333333333335,1.0,2.5,3.2,4.0,3.6
2.0,3.0,2.0,4.0,3.0,2.0,3.0,3.0,3.0,4.0,3.0,3.0,4.0,2.0,3.0,4.0,3.0,3.0,3.0,3.0,3.0,3.0,3.0,3.0,3.0,3.0,3.0,3.0,3.0,1.0,1985.0,1.0,1.0,민간,,1.0,2.6666666666666665,3.2,3.0,3.2,3.0,3.0
4.0,3.0,4.0,4.0,4.0,5.0,3.0,3.0,2.0,2.0,3.0,3.0,2.0,3.0,2.0,2.0,2.0,3.0,3.0,2.0,4.0,4.0,4.0,3.0,2.0,2.0,2.0,2.0,2.0,1.0,1972.0,17.0,1.0,민간,,1.0,4.0,2.6,2.5,2.4,3.75,2.0
4.0,3.0,4.0,4.0,5.0,4.0,4.0,3.0,1.0,3.0,4.0,4.0,4.0,3.0,5.0,3.0,4.0,3.0,4.0,3.0,5.0,5.0,5.0,5.0,1.0,2.0,3.0,2.0,1.0,2.0,1968.0,9.0,1.0,민간,,1.0,4.0,3.0,4.0,3.4,5.0,1.8
5.0,2.0,5.0,5.0,5.0,5.0,3.0,3.0,4.0,4.0,3.0,4.0,4.0,4.0,3.0,3.0,5.0,4.0,4.0,4.0,2.0,3.0,3.0,2.0,1.0,2.0,2.0,2.0,2.0,1.0,1964.0,2.0,1.0,민간,,1.0,4.5,3.4,3.75,4.0,2.5,1.8
4.0,4.0,3.0,4.0,4.0,4.0,3.0,3.0,4.0,4.0,4.0,3.0,3.0,4.0,4.0,3.0,4.0,3.0,4.0,3.0,3.0,3.0,3.0,3.0,3.0,3.0,4.0,3.0,3.0,1.0,2003.0,9.0,1.0,민간,,1.0,3.8333333333333335,3.6,3.5,3.4,3.0,3.2
5.0,5.0,5.0,5.0,5.0,5.0,3.0,4.0,4.0,5.0,4.0,5.0,4.0,5.0,4.0,5.0,4.0,5.0,4.0,4.0,5.0,5.0,5.0,4.0,4.0,5.0,4.0,4.0,5.0,2.0,1968.0,16.0,1.0,민간,,1.0,5.0,4.0,4.5,4.4,4.75,4.4
2.0,4.0,3.0,3.0,3.0,4.0,5.0,5.0,5.0,5.0,4.0,5.0,5.0,5.0,5.0,4.0,5.0,4.0,5.0,4.0,4.0,5.0,5.0,5.0,2.0,3.0,4.0,3.0,4.0,1.0,1984.0,4.0,1.0,민간,,1.0,3.1666666666666665,4.8,5.0,4.4,4.75,3.2
2.0,4.0,1.0,4.0,2.0,1.0,2.0,1.0,2.0,1.0,1.0,1.0,1.0,2.0,2.0,2.0,1.0,1.0,1.0,1.0,1.0,2.0,1.0,3.0,1.0,2.0,1.0,1.0,1.0,2.0,1994.0,1.0,1.0,민간,,1.0,2.3333333333333335,1.4,1.5,1.2,1.75,1.2
4.0,4.0,3.0,2.0,4.0,4.0,1.0,1.0,1.0,2.0,2.0,2.0,3.0,4.0,2.0,2.0,1.0,1.0,2.0,1.0,4.0,2.0,2.0,2.0,4.0,4.0,5.0,4.0,5.0,1.0,1985.0,2.0,1.0,민간,,1.0,3.5,1.4,2.75,1.4,2.5,4.4
2.0,2.0,1.0,3.0,2.0,3.0,1.0,1.0,1.0,1.0,1.0,2.0,3.0,3.0,2.0,3.0,3.0,3.0,3.0,2.0,2.0,2.0,2.0,2.0,2.0,2.0,2.0,2.0,2.0,2.0,1986.0,2.0,1.0,민간,,1.0,2.1666666666666665,1.0,2.5,2.8,2.0,2.0
2.0,2.0,3.0,3.0,3.0,3.0,2.0,3.0,3.0,3.0,3.0,3.0,3.0,3.0,3.0,3.0,3.0,3.0,4.0,3.0,3.0,3.0,3.0,3.0,3.0,2.0,2.0,3.0,3.0,2.0,1984.0,1.0,1.0,민간,,1.0,2.6666666666666665,2.8,3.0,3.2,3.0,2.6
4.0,4.0,4.0,3.0,3.0,4.0,4.0,4.0,3.0,3.0,3.0,3.0,4.0,4.0,4.0,4.0,3.0,3.0,4.0,3.0,4.0,4.0,4.0,5.0,4.0,5.0,4.0,5.0,4.0,1.0,1973.0,2.0,1.0,민간,,1.0,3.6666666666666665,3.4,3.75,3.4,4.25,4.4
4.0,4.0,3.0,4.0,4.0,5.0,2.0,2.0,4.0,2.0,2.0,3.0,3.0,2.0,2.0,2.0,4.0,1.0,1.0,5.0,3.0,3.0,2.0,4.0,1.0,1.0,4.0,3.0,4.0,1.0,1995.0,11.0,1.0,민간,,1.0,4.0,2.4,2.5,2.6,3.0,2.6
3.0,3.0,3.0,3.0,3.0,3.0,3.0,3.0,3.0,2.0,3.0,4.0,4.0,4.0,4.0,3.0,3.0,3.0,3.0,3.0,3.0,3.0,3.0,3.0,3.0,3.0,3.0,3.0,2.0,1.0,1979.0,12.0,1.0,민간,,1.0,3.0,2.8,4.0,3.0,3.0,2.8
4.0,4.0,5.0,5.0,4.0,4.0,3.0,2.0,3.0,2.0,3.0,4.0,4.0,4.0,4.0,2.0,1.0,1.0,1.0,2.0,4.0,4.0,4.0,4.0,4.0,4.0,4.0,4.0,3.0,1.0,1970.0,1.0,1.0,민간,,1.0,4.333333333333333,2.6,4.0,1.4,4.0,3.8
4.0,3.0,4.0,4.0,4.0,3.0,3.0,3.0,4.0,4.0,4.0,4.0,4.0,4.0,3.0,4.0,4.0,4.0,4.0,4.0,4.0,4.0,3.0,4.0,4.0,4.0,4.0,3.0,3.0,1.0,1984.0,1.0,1.0,민간,,1.0,3.6666666666666665,3.6,3.75,4.0,3.75,3.6
4.0,4.0,4.0,5.0,5.0,3.0,4.0,4.0,4.0,4.0,4.0,4.0,4.0,4.0,4.0,3.0,4.0,4.0,3.0,3.0,4.0,4.0,3.0,4.0,4.0,3.0,4.0,3.0,2.0,1.0,1981.0,1.0,1.0,민간,,1.0,4.166666666666667,4.0,4.0,3.4,3.75,3.2
3.0,3.0,3.0,4.0,3.0,3.0,3.0,4.0,3.0,4.0,3.0,4.0,3.0,4.0,3.0,3.0,4.0,3.0,4.0,3.0,4.0,3.0,4.0,3.0,4.0,3.0,4.0,3.0,4.0,1.0,1991.0,3.0,1.0,민간,,1.0,3.1666666666666665,3.4,3.5,3.4,3.5,3.6
3.0,2.0,3.0,3.0,3.0,4.0,2.0,2.0,3.0,3.0,2.0,3.0,3.0,3.0,3.0,3.0,3.0,3.0,3.0,3.0,3.0,3.0,3.0,3.0,2.0,3.0,3.0,3.0,3.0,2.0,1992.0,1.0,1.0,민간,,1.0,3.0,2.4,3.0,3.0,3.0,2.8
3.0,3.0,2.0,4.0,4.0,3.0,2.0,3.0,3.0,5.0,4.0,4.0,5.0,2.0,4.0,4.0,4.0,5.0,5.0,5.0,4.0,4.0,3.0,5.0,1.0,1.0,1.0,4.0,1.0,1.0,1977.0,11.0,1.0,민간,,1.0,3.1666666666666665,3.4,3.75,4.6,4.0,1.6
4.0,4.0,4.0,4.0,4.0,4.0,3.0,3.0,4.0,3.0,5.0,2.0,3.0,3.0,4.0,4.0,3.0,4.0,2.0,4.0,4.0,3.0,4.0,3.0,4.0,4.0,3.0,3.0,3.0,1.0,1992.0,1.0,1.0,민간,,1.0,4.0,3.6,3.0,3.4,3.5,3.4
4.0,5.0,4.0,4.0,5.0,4.0,4.0,5.0,4.0,4.0,5.0,4.0,4.0,4.0,3.0,4.0,4.0,4.0,4.0,3.0,4.0,3.0,4.0,4.0,4.0,5.0,5.0,4.0,4.0,1.0,1980.0,9.0,1.0,민간,,1.0,4.333333333333333,4.4,3.75,3.8,3.75,4.4
4.0,3.0,4.0,3.0,3.0,4.0,3.0,4.0,3.0,4.0,3.0,3.0,4.0,3.0,3.0,3.0,4.0,3.0,4.0,3.0,3.0,4.0,3.0,4.0,3.0,4.0,3.0,4.0,3.0,1.0,1970.0,9.0,1.0,민간,,1.0,3.5,3.4,3.25,3.4,3.5,3.4
2.0,4.0,4.0,4.0,4.0,3.0,4.0,3.0,4.0,4.0,4.0,3.0,2.0,3.0,4.0,4.0,3.0,4.0,3.0,3.0,3.0,2.0,3.0,3.0,4.0,4.0,4.0,3.0,5.0,1.0,1989.0,1.0,1.0,민간,,1.0,3.5,3.8,3.0,3.4,2.75,4.0
4.0,4.0,2.0,2.0,5.0,5.0,2.0,1.0,1.0,2.0,1.0,1.0,1.0,1.0,4.0,5.0,5.0,3.0,4.0,5.0,5.0,4.0,3.0,4.0,2.0,4.0,3.0,5.0,2.0,2.0,1991.0,9.0,1.0,민간,,1.0,3.6666666666666665,1.4,1.75,4.4,4.0,3.2
4.0,5.0,4.0,5.0,4.0,3.0,4.0,3.0,4.0,4.0,4.0,4.0,4.0,2.0,3.0,4.0,5.0,3.0,4.0,4.0,3.0,4.0,4.0,3.0,3.0,3.0,4.0,4.0,3.0,1.0,1983.0,1.0,1.0,민간,,1.0,4.166666666666667,3.8,3.25,4.0,3.5,3.4
3.0,3.0,2.0,4.0,3.0,3.0,2.0,3.0,3.0,3.0,3.0,3.0,3.0,3.0,4.0,3.0,3.0,3.0,4.0,4.0,4.0,4.0,5.0,4.0,1.0,2.0,3.0,3.0,2.0,1.0,1983.0,1.0,1.0,민간,,1.0,3.0,2.8,3.25,3.4,4.25,2.2
2.0,1.0,2.0,3.0,2.0,3.0,3.0,3.0,3.0,3.0,3.0,2.0,2.0,2.0,3.0,2.0,3.0,3.0,3.0,3.0,4.0,4.0,3.0,4.0,3.0,3.0,2.0,2.0,3.0,1.0,1981.0,16.0,1.0,민간,,1.0,2.1666666666666665,3.0,2.25,2.8,3.75,2.6
3.0,3.0,3.0,3.0,3.0,2.0,3.0,2.0,3.0,2.0,2.0,2.0,3.0,3.0,3.0,1.0,1.0,1.0,1.0,2.0,4.0,3.0,3.0,3.0,2.0,3.0,2.0,2.0,2.0,2.0,1982.0,9.0,1.0,민간,,1.0,2.8333333333333335,2.4,2.75,1.2,3.25,2.2
4.0,3.0,4.0,5.0,4.0,4.0,2.0,2.0,3.0,1.0,1.0,3.0,5.0,4.0,4.0,2.0,1.0,1.0,1.0,1.0,3.0,3.0,4.0,4.0,2.0,2.0,3.0,4.0,3.0,1.0,1970.0,1.0,1.0,민간,,1.0,4.0,1.8,4.0,1.2,3.5,2.8
2.0,2.0,1.0,1.0,1.0,1.0,3.0,2.0,2.0,2.0,3.0,3.0,3.0,3.0,3.0,3.0,2.0,3.0,3.0,4.0,4.0,3.0,3.0,2.0,3.0,4.0,3.0,3.0,2.0,2.0,2000.0,4.0,1.0,민간,,1.0,1.3333333333333333,2.4,3.0,3.0,3.0,3.0
5.0,3.0,4.0,4.0,4.0,4.0,3.0,3.0,3.0,3.0,3.0,3.0,3.0,3.0,3.0,4.0,5.0,4.0,5.0,5.0,3.0,3.0,3.0,3.0,4.0,3.0,4.0,3.0,3.0,1.0,1989.0,10.0,1.0,민간,,1.0,4.0,3.0,3.0,4.6,3.0,3.4
5.0,5.0,3.0,4.0,4.0,3.0,3.0,3.0,3.0,3.0,4.0,4.0,3.0,4.0,4.0,3.0,4.0,4.0,4.0,4.0,4.0,4.0,5.0,5.0,3.0,4.0,4.0,4.0,5.0,1.0,1976.0,12.0,1.0,민간,,1.0,4.0,3.2,3.75,3.8,4.5,4.0
4.0,4.0,4.0,4.0,4.0,4.0,4.0,3.0,4.0,4.0,4.0,4.0,4.0,4.0,3.0,3.0,3.0,2.0,3.0,2.0,3.0,3.0,4.0,3.0,3.0,3.0,4.0,3.0,2.0,1.0,1975.0,13.0,1.0,민간,,1.0,4.0,3.8,3.75,2.6,3.25,3.0
4.0,3.0,3.0,5.0,4.0,4.0,2.0,2.0,2.0,2.0,3.0,3.0,3.0,3.0,3.0,2.0,3.0,2.0,2.0,3.0,2.0,1.0,3.0,3.0,2.0,1.0,3.0,1.0,1.0,1.0,1984.0,6.0,1.0,민간,,1.0,3.8333333333333335,2.2,3.0,2.4,2.25,1.6
4.0,3.0,5.0,4.0,4.0,4.0,3.0,3.0,4.0,4.0,3.0,4.0,4.0,4.0,4.0,3.0,3.0,3.0,4.0,3.0,4.0,4.0,5.0,3.0,2.0,1.0,2.0,3.0,2.0,1.0,1970.0,1.0,1.0,민간,,1.0,4.0,3.4,4.0,3.2,4.0,2.0
4.0,2.0,4.0,2.0,4.0,4.0,2.0,3.0,2.0,2.0,1.0,4.0,4.0,3.0,3.0,2.0,3.0,2.0,3.0,2.0,2.0,3.0,4.0,4.0,1.0,2.0,1.0,4.0,1.0,1.0,1995.0,2.0,1.0,민간,,1.0,3.3333333333333335,2.0,3.5,2.4,3.25,1.8
4.0,3.0,5.0,3.0,3.0,4.0,4.0,4.0,4.0,3.0,3.0,4.0,5.0,4.0,3.0,4.0,3.0,4.0,4.0,5.0,4.0,3.0,5.0,3.0,4.0,4.0,5.0,3.0,4.0,2.0,1999.0,3.0,1.0,민간,,1.0,3.6666666666666665,3.6,4.0,4.0,3.75,4.0
3.0,2.0,3.0,2.0,3.0,3.0,3.0,3.0,4.0,3.0,2.0,3.0,4.0,3.0,2.0,3.0,3.0,4.0,3.0,2.0,3.0,2.0,3.0,2.0,3.0,3.0,2.0,3.0,2.0,1.0,1972.0,15.0,1.0,민간,,1.0,2.6666666666666665,3.0,3.0,3.0,2.5,2.6
2.0,2.0,1.0,3.0,3.0,2.0,2.0,2.0,3.0,2.0,2.0,3.0,4.0,4.0,3.0,2.0,2.0,1.0,3.0,3.0,4.0,5.0,3.0,3.0,5.0,4.0,4.0,4.0,4.0,1.0,1979.0,9.0,1.0,민간,,1.0,2.1666666666666665,2.2,3.5,2.2,3.75,4.2
3.0,3.0,3.0,4.0,4.0,3.0,4.0,3.0,4.0,4.0,4.0,4.0,3.0,3.0,3.0,4.0,3.0,4.0,3.0,4.0,4.0,4.0,4.0,4.0,4.0,3.0,3.0,4.0,4.0,1.0,1982.0,9.0,1.0,민간,,1.0,3.3333333333333335,3.8,3.25,3.6,4.0,3.6
4.0,4.0,5.0,5.0,5.0,4.0,4.0,4.0,4.0,5.0,4.0,4.0,4.0,5.0,4.0,4.0,3.0,3.0,4.0,5.0,4.0,4.0,4.0,5.0,3.0,4.0,3.0,4.0,3.0,2.0,1985.0,1.0,1.0,민간,,1.0,4.5,4.2,4.25,3.8,4.25,3.4
3.0,4.0,4.0,3.0,3.0,3.0,3.0,4.0,3.0,4.0,3.0,3.0,4.0,4.0,3.0,3.0,4.0,3.0,4.0,3.0,3.0,4.0,4.0,3.0,3.0,3.0,4.0,3.0,4.0,2.0,1970.0,2.0,1.0,민간,,1.0,3.3333333333333335,3.4,3.5,3.4,3.5,3.4
4.0,4.0,5.0,5.0,4.0,5.0,4.0,3.0,4.0,3.0,4.0,3.0,4.0,3.0,4.0,2.0,3.0,2.0,3.0,4.0,5.0,4.0,4.0,4.0,3.0,2.0,4.0,3.0,2.0,1.0,1974.0,6.0,1.0,민간,,1.0,4.5,3.6,3.5,2.8,4.25,2.8
4.0,4.0,4.0,3.0,3.0,3.0,3.0,3.0,4.0,4.0,3.0,3.0,3.0,4.0,4.0,4.0,4.0,4.0,4.0,3.0,4.0,4.0,3.0,3.0,3.0,3.0,4.0,4.0,4.0,2.0,1992.0,9.0,1.0,민간,,1.0,3.5,3.4,3.5,3.8,3.5,3.6
4.0,3.0,4.0,4.0,4.0,3.0,3.0,2.0,4.0,3.0,3.0,4.0,3.0,2.0,3.0,3.0,2.0,3.0,4.0,3.0,4.0,3.0,3.0,3.0,3.0,3.0,4.0,3.0,2.0,2.0,1970.0,2.0,1.0,민간,,1.0,3.6666666666666665,3.0,3.0,3.0,3.25,3.0
5.0,3.0,3.0,4.0,3.0,3.0,3.0,3.0,5.0,4.0,4.0,3.0,3.0,5.0,3.0,3.0,5.0,5.0,3.0,3.0,5.0,3.0,3.0,4.0,3.0,3.0,5.0,4.0,4.0,1.0,1981.0,6.0,1.0,민간,,1.0,3.5,3.8,3.5,3.8,3.75,3.8
5.0,4.0,4.0,5.0,5.0,3.0,5.0,4.0,5.0,5.0,4.0,5.0,5.0,4.0,4.0,4.0,4.0,5.0,4.0,3.0,5.0,4.0,5.0,5.0,4.0,4.0,4.0,3.0,3.0,2.0,1989.0,1.0,1.0,민간,,1.0,4.333333333333333,4.6,4.5,4.0,4.75,3.6
4.0,5.0,4.0,5.0,4.0,3.0,4.0,5.0,4.0,4.0,3.0,4.0,5.0,4.0,3.0,3.0,4.0,5.0,5.0,4.0,3.0,4.0,5.0,4.0,3.0,4.0,5.0,4.0,4.0,1.0,1992.0,1.0,1.0,민간,,1.0,4.166666666666667,4.0,4.0,4.2,4.0,4.0
3.0,3.0,2.0,4.0,2.0,3.0,3.0,4.0,3.0,4.0,4.0,4.0,4.0,4.0,4.0,4.0,4.0,4.0,4.0,4.0,4.0,4.0,4.0,4.0,2.0,2.0,2.0,2.0,2.0,2.0,1995.0,9.0,1.0,민간,,1.0,2.8333333333333335,3.6,4.0,4.0,4.0,2.0
1.0,2.0,3.0,4.0,5.0,4.0,5.0,4.0,5.0,4.0,5.0,4.0,5.0,4.0,5.0,1.0,2.0,1.0,2.0,1.0,5.0,4.0,5.0,4.0,1.0,2.0,1.0,2.0,1.0,1.0,1982.0,1.0,1.0,민간,,1.0,3.1666666666666665,4.6,4.5,1.4,4.5,1.4
3.0,4.0,3.0,4.0,4.0,4.0,4.0,4.0,3.0,4.0,4.0,3.0,3.0,4.0,4.0,4.0,3.0,3.0,4.0,3.0,4.0,3.0,4.0,4.0,4.0,4.0,3.0,4.0,4.0,1.0,1985.0,5.0,1.0,민간,,1.0,3.6666666666666665,3.8,3.5,3.4,3.75,3.8
4.0,4.0,2.0,4.0,4.0,4.0,2.0,2.0,3.0,3.0,3.0,2.0,3.0,3.0,3.0,3.0,3.0,3.0,3.0,3.0,4.0,3.0,3.0,4.0,1.0,1.0,1.0,2.0,1.0,1.0,1982.0,9.0,1.0,민간,,1.0,3.6666666666666665,2.6,2.75,3.0,3.5,1.2
2.0,3.0,2.0,4.0,2.0,3.0,2.0,2.0,2.0,2.0,2.0,3.0,3.0,3.0,3.0,3.0,3.0,3.0,3.0,2.0,4.0,3.0,4.0,3.0,3.0,4.0,3.0,3.0,4.0,1.0,1974.0,9.0,1.0,민간,,1.0,2.6666666666666665,2.0,3.0,2.8,3.5,3.4
2.0,4.0,2.0,2.0,2.0,4.0,1.0,1.0,2.0,4.0,2.0,1.0,4.0,2.0,1.0,2.0,1.0,1.0,4.0,1.0,4.0,4.0,4.0,4.0,2.0,1.0,1.0,4.0,2.0,1.0,1992.0,11.0,1.0,민간,,1.0,2.6666666666666665,2.0,2.0,1.8,4.0,2.0
3.0,2.0,4.0,4.0,4.0,3.0,3.0,4.0,2.0,2.0,2.0,3.0,3.0,2.0,2.0,3.0,3.0,2.0,3.0,2.0,4.0,3.0,4.0,3.0,3.0,2.0,3.0,3.0,4.0,2.0,1980.0,1.0,1.0,민간,,1.0,3.3333333333333335,2.6,2.5,2.6,3.5,3.0
3.0,3.0,3.0,3.0,3.0,3.0,3.0,3.0,3.0,3.0,3.0,3.0,3.0,3.0,3.0,3.0,4.0,4.0,3.0,4.0,3.0,3.0,4.0,4.0,3.0,4.0,3.0,4.0,4.0,2.0,1993.0,15.0,1.0,민간,,1.0,3.0,3.0,3.0,3.6,3.5,3.6
4.0,4.0,4.0,5.0,5.0,3.0,2.0,2.0,3.0,3.0,4.0,5.0,5.0,5.0,5.0,5.0,5.0,3.0,3.0,3.0,4.0,5.0,5.0,5.0,4.0,5.0,4.0,3.0,4.0,1.0,1971.0,3.0,1.0,민간,,1.0,4.166666666666667,2.8,5.0,3.8,4.75,4.0
2.0,2.0,1.0,3.0,4.0,3.0,4.0,2.0,3.0,4.0,3.0,4.0,2.0,3.0,4.0,3.0,3.0,2.0,3.0,2.0,4.0,4.0,5.0,4.0,1.0,1.0,1.0,1.0,1.0,1.0,1972.0,1.0,1.0,민간,,1.0,2.5,3.2,3.25,2.6,4.25,1.0
2.0,3.0,3.0,4.0,3.0,3.0,3.0,2.0,3.0,3.0,3.0,3.0,4.0,4.0,3.0,2.0,2.0,2.0,1.0,1.0,4.0,4.0,4.0,4.0,2.0,3.0,4.0,3.0,1.0,1.0,1976.0,3.0,1.0,민간,,1.0,3.0,2.8,3.5,1.6,4.0,2.6
2.0,1.0,3.0,3.0,2.0,2.0,2.0,2.0,4.0,4.0,2.0,1.0,3.0,2.0,2.0,1.0,2.0,2.0,2.0,2.0,3.0,3.0,3.0,3.0,2.0,2.0,2.0,2.0,2.0,2.0,1982.0,3.0,1.0,민간,,1.0,2.1666666666666665,2.8,2.0,1.8,3.0,2.0
3.0,4.0,3.0,3.0,3.0,4.0,3.0,4.0,4.0,4.0,3.0,3.0,3.0,3.0,4.0,2.0,1.0,1.0,1.0,1.0,4.0,3.0,4.0,3.0,3.0,3.0,4.0,3.0,3.0,2.0,1989.0,1.0,1.0,민간,,1.0,3.3333333333333335,3.6,3.25,1.2,3.5,3.2
4.0,4.0,3.0,1.0,3.0,1.0,1.0,1.0,1.0,1.0,1.0,1.0,1.0,1.0,1.0,1.0,1.0,1.0,1.0,1.0,5.0,5.0,5.0,5.0,4.0,5.0,5.0,5.0,3.0,1.0,1971.0,9.0,1.0,민간,,1.0,2.6666666666666665,1.0,1.0,1.0,5.0,4.4
3.0,3.0,3.0,3.0,4.0,4.0,3.0,4.0,4.0,4.0,4.0,3.0,3.0,3.0,3.0,3.0,4.0,4.0,3.0,3.0,3.0,4.0,4.0,3.0,3.0,3.0,4.0,3.0,3.0,2.0,1979.0,1.0,1.0,민간,,1.0,3.3333333333333335,3.8,3.0,3.4,3.5,3.2
3.0,4.0,4.0,4.0,3.0,4.0,4.0,3.0,4.0,4.0,3.0,3.0,4.0,3.0,3.0,3.0,4.0,4.0,3.0,4.0,4.0,2.0,3.0,3.0,2.0,2.0,2.0,3.0,2.0,2.0,1983.0,1.0,1.0,민간,,1.0,3.6666666666666665,3.6,3.25,3.6,3.0,2.2
2.0,1.0,4.0,5.0,4.0,3.0,3.0,3.0,3.0,2.0,1.0,3.0,4.0,3.0,3.0,2.0,3.0,3.0,3.0,2.0,4.0,4.0,3.0,3.0,3.0,3.0,3.0,3.0,3.0,2.0,1977.0,9.0,1.0,민간,,1.0,3.1666666666666665,2.4,3.25,2.6,3.5,3.0
2.0,4.0,4.0,4.0,4.0,4.0,2.0,3.0,4.0,3.0,3.0,3.0,4.0,3.0,3.0,3.0,3.0,3.0,3.0,3.0,4.0,4.0,4.0,4.0,3.0,3.0,3.0,3.0,3.0,2.0,1988.0,1.0,1.0,민간,,1.0,3.6666666666666665,3.0,3.25,3.0,4.0,3.0
3.0,4.0,4.0,5.0,5.0,5.0,3.0,3.0,3.0,3.0,3.0,4.0,3.0,4.0,4.0,2.0,2.0,1.0,3.0,2.0,4.0,4.0,5.0,5.0,2.0,1.0,2.0,4.0,2.0,1.0,1967.0,3.0,1.0,민간,,1.0,4.333333333333333,3.0,3.75,2.0,4.5,2.2
2.0,3.0,3.0,3.0,2.0,5.0,1.0,1.0,2.0,1.0,1.0,4.0,5.0,5.0,3.0,1.0,1.0,1.0,1.0,1.0,4.0,4.0,3.0,3.0,1.0,1.0,4.0,4.0,4.0,2.0,1987.0,4.0,1.0,민간,,1.0,3.0,1.2,4.25,1.0,3.5,2.8
4.0,4.0,2.0,5.0,4.0,4.0,4.0,5.0,4.0,4.0,4.0,5.0,4.0,4.0,5.0,4.0,5.0,5.0,4.0,5.0,4.0,5.0,4.0,4.0,5.0,4.0,4.0,5.0,4.0,2.0,1984.0,9.0,1.0,민간,,1.0,3.8333333333333335,4.2,4.5,4.6,4.25,4.4
4.0,3.0,4.0,4.0,3.0,3.0,3.0,3.0,4.0,4.0,4.0,4.0,4.0,4.0,4.0,4.0,5.0,5.0,4.0,4.0,4.0,3.0,3.0,3.0,2.0,2.0,3.0,3.0,2.0,1.0,1966.0,9.0,1.0,민간,,1.0,3.5,3.6,4.0,4.4,3.25,2.4
3.0,3.0,3.0,3.0,3.0,4.0,3.0,3.0,3.0,3.0,3.0,4.0,4.0,4.0,3.0,3.0,4.0,3.0,3.0,4.0,3.0,3.0,3.0,4.0,3.0,4.0,3.0,4.0,3.0,1.0,1977.0,9.0,1.0,민간,,1.0,3.1666666666666665,3.0,3.75,3.4,3.25,3.4
3.0,1.0,2.0,3.0,3.0,2.0,1.0,2.0,3.0,3.0,2.0,2.0,2.0,2.0,1.0,3.0,2.0,2.0,3.0,2.0,4.0,3.0,3.0,2.0,3.0,2.0,3.0,3.0,2.0,1.0,1970.0,2.0,1.0,민간,,1.0,2.3333333333333335,2.2,1.75,2.4,3.0,2.6
4.0,4.0,2.0,3.0,4.0,4.0,4.0,3.0,3.0,3.0,4.0,4.0,4.0,4.0,3.0,4.0,4.0,4.0,3.0,3.0,3.0,4.0,4.0,4.0,2.0,3.0,2.0,3.0,4.0,1.0,1977.0,1.0,1.0,민간,,1.0,3.5,3.4,3.75,3.6,3.75,2.8
3.0,4.0,2.0,2.0,2.0,4.0,1.0,2.0,1.0,2.0,2.0,3.0,2.0,4.0,3.0,2.0,2.0,2.0,2.0,1.0,4.0,4.0,4.0,4.0,2.0,2.0,2.0,2.0,1.0,1.0,1969.0,8.0,1.0,민간,,1.0,2.8333333333333335,1.6,3.0,1.8,4.0,1.8
3.0,4.0,3.0,4.0,4.0,4.0,3.0,3.0,3.0,3.0,4.0,3.0,4.0,4.0,4.0,3.0,3.0,3.0,3.0,3.0,3.0,3.0,3.0,3.0,2.0,2.0,2.0,4.0,2.0,1.0,1974.0,1.0,1.0,민간,,1.0,3.6666666666666665,3.2,3.75,3.0,3.0,2.4
4.0,4.0,2.0,4.0,4.0,4.0,2.0,2.0,2.0,2.0,2.0,4.0,3.0,3.0,3.0,4.0,4.0,4.0,4.0,4.0,4.0,4.0,4.0,4.0,3.0,3.0,3.0,3.0,3.0,2.0,1988.0,1.0,1.0,민간,,1.0,3.6666666666666665,2.0,3.25,4.0,4.0,3.0
4.0,3.0,4.0,3.0,4.0,5.0,1.0,2.0,2.0,2.0,2.0,3.0,4.0,3.0,4.0,4.0,3.0,4.0,2.0,3.0,4.0,4.0,4.0,5.0,3.0,3.0,2.0,2.0,4.0,2.0,1970.0,9.0,1.0,민간,,1.0,3.8333333333333335,1.8,3.5,3.2,4.25,2.8
2.0,3.0,3.0,4.0,4.0,4.0,3.0,4.0,3.0,4.0,4.0,4.0,3.0,4.0,4.0,3.0,4.0,4.0,4.0,3.0,3.0,4.0,4.0,4.0,4.0,4.0,3.0,4.0,3.0,2.0,1981.0,9.0,1.0,민간,,1.0,3.3333333333333335,3.6,3.75,3.6,3.75,3.6
2.0,1.0,3.0,3.0,2.0,1.0,3.0,2.0,3.0,2.0,2.0,1.0,4.0,4.0,4.0,1.0,1.0,1.0,3.0,2.0,4.0,3.0,4.0,4.0,2.0,3.0,3.0,3.0,4.0,1.0,1990.0,15.0,1.0,민간,,1.0,2.0,2.4,3.25,1.6,3.75,3.0
2.0,4.0,3.0,3.0,2.0,4.0,3.0,2.0,2.0,2.0,2.0,2.0,2.0,3.0,2.0,2.0,3.0,3.0,3.0,2.0,3.0,3.0,3.0,3.0,2.0,2.0,2.0,2.0,3.0,1.0,1977.0,5.0,1.0,민간,,1.0,3.0,2.2,2.25,2.6,3.0,2.2
3.0,3.0,3.0,2.0,2.0,3.0,2.0,2.0,3.0,3.0,3.0,3.0,3.0,4.0,3.0,3.0,3.0,2.0,3.0,3.0,3.0,3.0,2.0,3.0,4.0,2.0,2.0,4.0,2.0,1.0,1971.0,1.0,1.0,민간,,1.0,2.6666666666666665,2.6,3.25,2.8,2.75,2.8
4.0,4.0,5.0,2.0,3.0,4.0,1.0,1.0,1.0,1.0,1.0,1.0,3.0,3.0,3.0,2.0,2.0,3.0,3.0,3.0,4.0,4.0,4.0,3.0,2.0,2.0,1.0,2.0,3.0,1.0,1966.0,9.0,1.0,민간,,1.0,3.6666666666666665,1.0,2.5,2.6,3.75,2.0
4.0,3.0,4.0,4.0,3.0,3.0,4.0,4.0,3.0,3.0,3.0,4.0,4.0,4.0,4.0,4.0,3.0,4.0,4.0,3.0,4.0,3.0,4.0,4.0,4.0,4.0,3.0,3.0,4.0,1.0,1963.0,9.0,1.0,민간,,1.0,3.5,3.4,4.0,3.6,3.75,3.6
4.0,4.0,3.0,4.0,4.0,5.0,4.0,4.0,4.0,4.0,4.0,3.0,3.0,4.0,3.0,4.0,4.0,4.0,4.0,4.0,4.0,4.0,5.0,4.0,2.0,3.0,3.0,4.0,3.0,1.0,1968.0,9.0,1.0,민간,,1.0,4.0,4.0,3.25,4.0,4.25,3.0
3.0,4.0,3.0,5.0,5.0,2.0,4.0,4.0,4.0,3.0,4.0,4.0,4.0,4.0,5.0,4.0,4.0,4.0,5.0,4.0,5.0,5.0,4.0,4.0,2.0,2.0,1.0,1.0,1.0,1.0,1966.0,1.0,1.0,민간,,1.0,3.6666666666666665,3.8,4.25,4.2,4.5,1.4
3.0,4.0,3.0,4.0,3.0,2.0,3.0,4.0,2.0,3.0,3.0,2.0,4.0,3.0,3.0,3.0,4.0,4.0,4.0,3.0,3.0,4.0,4.0,3.0,3.0,4.0,4.0,3.0,3.0,1.0,1989.0,1.0,1.0,민간,,1.0,3.1666666666666665,3.0,3.0,3.6,3.5,3.4
4.0,3.0,4.0,5.0,4.0,4.0,3.0,3.0,3.0,3.0,4.0,3.0,4.0,3.0,3.0,3.0,3.0,4.0,3.0,3.0,4.0,5.0,4.0,4.0,3.0,3.0,4.0,3.0,3.0,1.0,1975.0,1.0,1.0,민간,,1.0,4.0,3.2,3.25,3.2,4.25,3.2
4.0,5.0,3.0,5.0,4.0,4.0,3.0,3.0,3.0,4.0,3.0,4.0,4.0,4.0,3.0,4.0,4.0,3.0,4.0,3.0,4.0,4.0,4.0,3.0,4.0,4.0,4.0,3.0,4.0,1.0,1976.0,1.0,1.0,민간,,1.0,4.166666666666667,3.2,3.75,3.6,3.75,3.8
5.0,4.0,4.0,5.0,5.0,4.0,4.0,4.0,3.0,3.0,2.0,4.0,4.0,4.0,4.0,4.0,4.0,3.0,3.0,4.0,4.0,4.0,5.0,4.0,4.0,4.0,5.0,3.0,4.0,1.0,1972.0,14.0,1.0,민간,,1.0,4.5,3.2,4.0,3.6,4.25,4.0
5.0,3.0,3.0,3.0,5.0,5.0,1.0,1.0,1.0,1.0,1.0,1.0,5.0,5.0,3.0,2.0,2.0,1.0,1.0,1.0,5.0,5.0,5.0,5.0,1.0,1.0,1.0,3.0,1.0,1.0,1963.0,12.0,1.0,민간,,1.0,4.0,1.0,3.5,1.4,5.0,1.4
5.0,4.0,4.0,5.0,5.0,5.0,4.0,4.0,4.0,4.0,4.0,4.0,4.0,5.0,5.0,4.0,5.0,4.0,4.0,4.0,4.0,4.0,4.0,5.0,4.0,5.0,4.0,4.0,4.0,1.0,1982.0,15.0,1.0,민간,,1.0,4.666666666666667,4.0,4.5,4.2,4.25,4.2
4.0,3.0,4.0,4.0,4.0,4.0,4.0,4.0,4.0,4.0,3.0,3.0,4.0,3.0,4.0,4.0,4.0,4.0,3.0,4.0,3.0,4.0,4.0,3.0,2.0,2.0,3.0,3.0,2.0,1.0,1962.0,13.0,1.0,민간,,1.0,3.8333333333333335,3.8,3.5,3.8,3.5,2.4
4.0,3.0,4.0,4.0,5.0,4.0,3.0,2.0,4.0,4.0,3.0,4.0,4.0,4.0,3.0,2.0,4.0,2.0,3.0,3.0,2.0,4.0,4.0,4.0,2.0,3.0,4.0,4.0,3.0,1.0,1980.0,4.0,1.0,민간,,1.0,4.0,3.2,3.75,2.8,3.5,3.2
4.0,4.0,3.0,5.0,4.0,3.0,4.0,4.0,4.0,4.0,4.0,4.0,4.0,4.0,4.0,4.0,5.0,4.0,4.0,5.0,4.0,4.0,3.0,4.0,2.0,3.0,3.0,4.0,3.0,2.0,1980.0,9.0,1.0,민간,,1.0,3.8333333333333335,4.0,4.0,4.4,3.75,3.0
1.0,2.0,2.0,1.0,1.0,4.0,1.0,1.0,1.0,1.0,1.0,3.0,3.0,3.0,3.0,1.0,1.0,2.0,1.0,1.0,4.0,4.0,4.0,4.0,2.0,2.0,2.0,4.0,1.0,2.0,1990.0,9.0,1.0,민간,,1.0,1.8333333333333333,1.0,3.0,1.2,4.0,2.2
2.0,5.0,3.0,5.0,5.0,3.0,1.0,1.0,3.0,3.0,3.0,4.0,4.0,4.0,4.0,3.0,4.0,4.0,4.0,4.0,5.0,5.0,5.0,5.0,2.0,2.0,2.0,2.0,1.0,1.0,1969.0,14.0,1.0,민간,,1.0,3.8333333333333335,2.2,4.0,3.8,5.0,1.8
5.0,4.0,5.0,5.0,5.0,4.0,3.0,2.0,2.0,4.0,3.0,4.0,4.0,4.0,4.0,4.0,4.0,3.0,4.0,4.0,4.0,4.0,3.0,4.0,3.0,3.0,4.0,2.0,2.0,2.0,1965.0,9.0,1.0,민간,,1.0,4.666666666666667,2.8,4.0,3.8,3.75,2.8
3.0,2.0,2.0,4.0,3.0,3.0,2.0,2.0,4.0,3.0,2.0,2.0,4.0,4.0,4.0,3.0,3.0,3.0,2.0,2.0,5.0,5.0,5.0,5.0,2.0,2.0,2.0,3.0,1.0,1.0,1983.0,2.0,1.0,민간,,1.0,2.8333333333333335,2.6,3.5,2.6,5.0,2.0
4.0,4.0,5.0,5.0,4.0,5.0,3.0,3.0,4.0,3.0,4.0,3.0,4.0,3.0,4.0,3.0,2.0,4.0,4.0,3.0,3.0,3.0,2.0,4.0,2.0,3.0,2.0,4.0,4.0,1.0,1964.0,2.0,1.0,민간,,1.0,4.5,3.4,3.5,3.2,3.0,3.0
5.0,5.0,5.0,5.0,5.0,5.0,3.0,3.0,3.0,4.0,3.0,3.0,3.0,3.0,3.0,4.0,4.0,4.0,4.0,4.0,3.0,3.0,3.0,3.0,3.0,3.0,3.0,3.0,3.0,1.0,1963.0,1.0,1.0,민간,,1.0,5.0,3.2,3.0,4.0,3.0,3.0
4.0,4.0,3.0,4.0,4.0,2.0,3.0,2.0,2.0,2.0,3.0,3.0,4.0,3.0,3.0,1.0,1.0,1.0,1.0,1.0,3.0,4.0,4.0,4.0,1.0,1.0,1.0,1.0,1.0,2.0,1996.0,4.0,1.0,민간,,1.0,3.5,2.4,3.25,1.0,3.75,1.0
2.0,4.0,1.0,4.0,3.0,2.0,1.0,1.0,1.0,1.0,2.0,1.0,1.0,2.0,2.0,1.0,1.0,1.0,1.0,1.0,2.0,2.0,1.0,3.0,1.0,1.0,2.0,5.0,2.0,1.0,1983.0,1.0,1.0,민간,,1.0,2.6666666666666665,1.2,1.5,1.0,2.0,2.2
1.0,1.0,3.0,2.0,2.0,2.0,1.0,1.0,1.0,1.0,1.0,2.0,2.0,2.0,2.0,3.0,2.0,2.0,2.0,2.0,4.0,4.0,4.0,4.0,3.0,2.0,2.0,2.0,3.0,2.0,1970.0,1.0,1.0,민간,,1.0,1.8333333333333333,1.0,2.0,2.2,4.0,2.4
4.0,3.0,2.0,5.0,4.0,4.0,2.0,2.0,2.0,2.0,2.0,4.0,4.0,3.0,3.0,2.0,2.0,3.0,2.0,2.0,4.0,3.0,4.0,3.0,2.0,2.0,2.0,2.0,2.0,1.0,1977.0,9.0,1.0,민간,,1.0,3.6666666666666665,2.0,3.5,2.2,3.5,2.0
1.0,1.0,1.0,1.0,1.0,1.0,1.0,1.0,1.0,1.0,1.0,1.0,1.0,2.0,1.0,1.0,1.0,1.0,1.0,1.0,3.0,4.0,2.0,2.0,1.0,1.0,1.0,1.0,1.0,1.0,1991.0,1.0,1.0,민간,,1.0,1.0,1.0,1.25,1.0,2.75,1.0
4.0,2.0,4.0,4.0,2.0,2.0,2.0,2.0,2.0,3.0,3.0,2.0,3.0,4.0,4.0,3.0,3.0,3.0,3.0,3.0,4.0,4.0,3.0,4.0,4.0,4.0,4.0,3.0,3.0,1.0,1965.0,1.0,1.0,민간,,1.0,3.0,2.4,3.25,3.0,3.75,3.6
2.0,2.0,3.0,4.0,4.0,4.0,3.0,3.0,4.0,4.0,4.0,4.0,4.0,4.0,3.0,4.0,4.0,5.0,4.0,4.0,3.0,3.0,3.0,4.0,4.0,4.0,4.0,4.0,4.0,1.0,1981.0,2.0,1.0,민간,,1.0,3.1666666666666665,3.6,3.75,4.2,3.25,4.0
2.0,2.0,2.0,3.0,2.0,4.0,3.0,4.0,3.0,3.0,2.0,4.0,4.0,4.0,4.0,4.0,5.0,4.0,5.0,4.0,4.0,4.0,4.0,3.0,4.0,4.0,3.0,4.0,3.0,1.0,1981.0,2.0,1.0,민간,,1.0,2.5,3.0,4.0,4.4,3.75,3.6
4.0,4.0,5.0,3.0,5.0,5.0,4.0,4.0,4.0,4.0,4.0,4.0,4.0,4.0,4.0,4.0,4.0,3.0,4.0,4.0,4.0,3.0,4.0,3.0,2.0,2.0,2.0,3.0,4.0,1.0,1974.0,2.0,1.0,민간,,1.0,4.333333333333333,4.0,4.0,3.8,3.5,2.6
5.0,4.0,5.0,4.0,5.0,4.0,4.0,5.0,4.0,5.0,4.0,5.0,4.0,5.0,4.0,4.0,5.0,4.0,5.0,4.0,4.0,5.0,4.0,5.0,4.0,4.0,4.0,1.0,1.0,1.0,1989.0,14.0,1.0,민간,,1.0,4.5,4.4,4.5,4.4,4.5,2.8
2.0,3.0,4.0,4.0,4.0,4.0,3.0,3.0,3.0,3.0,4.0,3.0,4.0,4.0,4.0,4.0,5.0,5.0,3.0,3.0,4.0,4.0,4.0,4.0,3.0,3.0,4.0,2.0,3.0,2.0,1988.0,10.0,1.0,민간,,1.0,3.5,3.2,3.75,4.0,4.0,3.0
4.0,3.0,4.0,5.0,4.0,4.0,3.0,3.0,5.0,4.0,4.0,4.0,4.0,5.0,4.0,4.0,4.0,5.0,5.0,4.0,3.0,5.0,4.0,5.0,4.0,3.0,4.0,3.0,3.0,1.0,1963.0,9.0,1.0,민간,,1.0,4.0,3.8,4.25,4.4,4.25,3.4
4.0,1.0,4.0,5.0,4.0,4.0,2.0,3.0,3.0,4.0,4.0,4.0,5.0,4.0,4.0,4.0,4.0,4.0,4.0,4.0,5.0,5.0,5.0,5.0,3.0,3.0,3.0,3.0,3.0,2.0,1981.0,4.0,1.0,민간,,1.0,3.6666666666666665,3.2,4.25,4.0,5.0,3.0
2.0,3.0,3.0,4.0,3.0,4.0,4.0,2.0,3.0,3.0,2.0,3.0,3.0,3.0,3.0,3.0,2.0,3.0,3.0,3.0,3.0,3.0,3.0,4.0,3.0,3.0,2.0,3.0,3.0,2.0,1997.0,1.0,1.0,민간,,1.0,3.1666666666666665,2.8,3.0,2.8,3.25,2.8
2.0,3.0,3.0,3.0,3.0,3.0,3.0,3.0,4.0,4.0,3.0,4.0,4.0,4.0,4.0,2.0,3.0,3.0,3.0,4.0,2.0,3.0,3.0,4.0,3.0,3.0,3.0,3.0,3.0,2.0,1990.0,9.0,1.0,민간,,1.0,2.8333333333333335,3.4,4.0,3.0,3.0,3.0
4.0,3.0,4.0,4.0,3.0,4.0,2.0,2.0,2.0,2.0,2.0,3.0,2.0,2.0,2.0,2.0,3.0,2.0,2.0,2.0,3.0,3.0,3.0,3.0,4.0,4.0,3.0,4.0,4.0,1.0,1981.0,12.0,1.0,민간,,1.0,3.6666666666666665,2.0,2.25,2.2,3.0,3.8
4.0,4.0,4.0,4.0,4.0,3.0,4.0,4.0,4.0,4.0,4.0,3.0,4.0,4.0,4.0,4.0,4.0,4.0,3.0,3.0,4.0,4.0,4.0,4.0,4.0,4.0,4.0,4.0,4.0,1.0,1995.0,1.0,1.0,민간,,1.0,3.8333333333333335,4.0,3.75,3.6,4.0,4.0
4.0,5.0,4.0,5.0,5.0,4.0,4.0,4.0,4.0,4.0,5.0,4.0,4.0,4.0,3.0,5.0,5.0,4.0,4.0,3.0,5.0,4.0,4.0,4.0,1.0,1.0,2.0,4.0,3.0,1.0,1972.0,1.0,1.0,민간,,1.0,4.5,4.2,3.75,4.2,4.25,2.2
4.0,4.0,3.0,5.0,4.0,3.0,2.0,3.0,3.0,3.0,3.0,3.0,4.0,4.0,3.0,3.0,4.0,3.0,4.0,3.0,3.0,3.0,3.0,3.0,3.0,4.0,4.0,3.0,3.0,2.0,1984.0,1.0,1.0,민간,,1.0,3.8333333333333335,2.8,3.5,3.4,3.0,3.4
2.0,2.0,3.0,4.0,2.0,5.0,4.0,2.0,4.0,4.0,4.0,4.0,4.0,5.0,5.0,4.0,4.0,4.0,3.0,4.0,4.0,4.0,3.0,3.0,5.0,4.0,4.0,5.0,4.0,1.0,1978.0,1.0,1.0,민간,,1.0,3.0,3.6,4.5,3.8,3.5,4.4
2.0,2.0,3.0,2.0,2.0,1.0,4.0,4.0,4.0,3.0,3.0,3.0,3.0,3.0,3.0,4.0,4.0,4.0,4.0,3.0,4.0,3.0,4.0,3.0,3.0,4.0,4.0,4.0,3.0,2.0,1995.0,9.0,1.0,민간,,1.0,2.0,3.6,3.0,3.8,3.5,3.6
5.0,4.0,4.0,4.0,4.0,4.0,2.0,3.0,4.0,4.0,3.0,4.0,4.0,4.0,4.0,3.0,4.0,4.0,3.0,3.0,4.0,4.0,4.0,4.0,4.0,4.0,4.0,2.0,2.0,1.0,1974.0,1.0,1.0,민간,,1.0,4.166666666666667,3.2,4.0,3.4,4.0,3.2
3.0,4.0,4.0,4.0,4.0,3.0,2.0,3.0,2.0,3.0,2.0,1.0,2.0,1.0,1.0,4.0,2.0,3.0,4.0,3.0,4.0,5.0,5.0,4.0,3.0,4.0,4.0,3.0,3.0,2.0,1986.0,1.0,1.0,민간,,1.0,3.6666666666666665,2.4,1.25,3.2,4.5,3.4
4.0,4.0,4.0,5.0,4.0,4.0,4.0,3.0,4.0,4.0,4.0,5.0,5.0,4.0,4.0,4.0,4.0,3.0,4.0,4.0,4.0,4.0,5.0,4.0,3.0,3.0,3.0,4.0,3.0,2.0,1974.0,1.0,1.0,민간,,1.0,4.166666666666667,3.8,4.5,3.8,4.25,3.2
4.0,4.0,3.0,5.0,5.0,4.0,4.0,4.0,5.0,5.0,3.0,4.0,5.0,5.0,4.0,4.0,4.0,5.0,4.0,3.0,4.0,5.0,5.0,5.0,3.0,3.0,4.0,3.0,4.0,1.0,1970.0,1.0,1.0,민간,,1.0,4.166666666666667,4.2,4.5,4.0,4.75,3.4
2.0,2.0,2.0,4.0,2.0,3.0,2.0,2.0,2.0,3.0,2.0,4.0,4.0,4.0,4.0,2.0,2.0,3.0,3.0,2.0,2.0,3.0,3.0,3.0,2.0,2.0,2.0,3.0,2.0,1.0,1983.0,1.0,1.0,민간,,1.0,2.5,2.2,4.0,2.4,2.75,2.2
3.0,3.0,3.0,2.0,3.0,2.0,3.0,4.0,2.0,3.0,3.0,3.0,4.0,4.0,3.0,4.0,3.0,2.0,4.0,3.0,4.0,3.0,2.0,3.0,4.0,3.0,2.0,3.0,4.0,1.0,1970.0,9.0,1.0,민간,,1.0,2.6666666666666665,3.0,3.5,3.2,3.0,3.2
2.0,2.0,2.0,4.0,4.0,3.0,4.0,3.0,3.0,3.0,4.0,4.0,4.0,4.0,4.0,3.0,3.0,3.0,3.0,3.0,3.0,3.0,3.0,3.0,2.0,2.0,3.0,3.0,2.0,2.0,1980.0,1.0,1.0,민간,,1.0,2.8333333333333335,3.4,4.0,3.0,3.0,2.4
3.0,3.0,3.0,4.0,4.0,4.0,1.0,1.0,2.0,1.0,1.0,1.0,3.0,3.0,2.0,1.0,1.0,1.0,1.0,1.0,4.0,4.0,4.0,4.0,4.0,4.0,4.0,4.0,4.0,1.0,1986.0,9.0,1.0,민간,,1.0,3.5,1.2,2.25,1.0,4.0,4.0
4.0,3.0,5.0,5.0,3.0,4.0,3.0,3.0,3.0,3.0,3.0,4.0,4.0,4.0,4.0,4.0,3.0,2.0,2.0,3.0,4.0,4.0,4.0,3.0,4.0,3.0,3.0,3.0,4.0,2.0,1987.0,4.0,1.0,민간,,1.0,4.0,3.0,4.0,2.8,3.75,3.4
2.0,5.0,5.0,5.0,5.0,5.0,1.0,1.0,1.0,1.0,4.0,3.0,4.0,3.0,4.0,4.0,5.0,3.0,4.0,3.0,5.0,5.0,5.0,5.0,4.0,4.0,4.0,3.0,4.0,2.0,1976.0,1.0,1.0,민간,,1.0,4.5,1.6,3.5,3.8,5.0,3.8
1.0,1.0,1.0,2.0,2.0,2.0,1.0,1.0,1.0,1.0,1.0,2.0,3.0,3.0,4.0,1.0,1.0,1.0,1.0,1.0,4.0,4.0,3.0,4.0,1.0,1.0,1.0,1.0,3.0,1.0,1972.0,10.0,1.0,민간,,1.0,1.5,1.0,3.0,1.0,3.75,1.4
5.0,4.0,4.0,4.0,4.0,4.0,3.0,3.0,3.0,3.0,3.0,3.0,3.0,3.0,3.0,4.0,4.0,4.0,4.0,4.0,2.0,2.0,2.0,2.0,2.0,2.0,2.0,1.0,1.0,1.0,1979.0,9.0,1.0,민간,,1.0,4.166666666666667,3.0,3.0,4.0,2.0,1.6
3.0,2.0,2.0,3.0,3.0,3.0,1.0,1.0,1.0,1.0,1.0,1.0,3.0,4.0,2.0,1.0,1.0,1.0,1.0,1.0,1.0,4.0,4.0,4.0,2.0,2.0,4.0,1.0,4.0,1.0,1961.0,1.0,1.0,민간,,1.0,2.6666666666666665,1.0,2.5,1.0,3.25,2.6
4.0,4.0,4.0,4.0,4.0,5.0,4.0,4.0,4.0,5.0,4.0,5.0,5.0,4.0,4.0,4.0,4.0,4.0,5.0,5.0,4.0,4.0,4.0,3.0,2.0,2.0,3.0,4.0,2.0,1.0,1979.0,9.0,1.0,민간,,1.0,4.166666666666667,4.2,4.5,4.4,3.75,2.6
4.0,2.0,4.0,4.0,4.0,4.0,2.0,2.0,2.0,3.0,3.0,3.0,4.0,3.0,3.0,3.0,3.0,2.0,2.0,3.0,4.0,4.0,3.0,4.0,4.0,4.0,3.0,4.0,3.0,2.0,1968.0,2.0,1.0,민간,,1.0,3.6666666666666665,2.4,3.25,2.6,3.75,3.6
5.0,1.0,4.0,5.0,3.0,2.0,4.0,5.0,5.0,5.0,5.0,5.0,5.0,5.0,5.0,5.0,4.0,4.0,5.0,5.0,5.0,4.0,4.0,4.0,1.0,1.0,4.0,5.0,4.0,2.0,1985.0,16.0,1.0,민간,,1.0,3.3333333333333335,4.8,5.0,4.6,4.25,3.0
4.0,2.0,3.0,3.0,3.0,3.0,3.0,3.0,3.0,3.0,3.0,3.0,3.0,2.0,3.0,2.0,3.0,2.0,2.0,3.0,2.0,2.0,2.0,2.0,3.0,3.0,3.0,3.0,3.0,2.0,1974.0,9.0,1.0,민간,,1.0,3.0,3.0,2.75,2.4,2.0,3.0
4.0,3.0,4.0,4.0,4.0,2.0,3.0,3.0,4.0,3.0,3.0,3.0,4.0,4.0,4.0,4.0,4.0,3.0,3.0,4.0,5.0,4.0,4.0,3.0,5.0,4.0,4.0,4.0,3.0,1.0,1984.0,7.0,1.0,민간,,1.0,3.5,3.2,3.75,3.6,4.0,4.0
4.0,3.0,4.0,4.0,3.0,4.0,3.0,2.0,4.0,3.0,3.0,3.0,4.0,3.0,3.0,3.0,4.0,3.0,4.0,3.0,4.0,4.0,4.0,3.0,3.0,3.0,3.0,3.0,2.0,2.0,1962.0,9.0,1.0,민간,,1.0,3.6666666666666665,3.0,3.25,3.4,3.75,2.8
3.0,4.0,4.0,4.0,5.0,4.0,4.0,3.0,2.0,2.0,1.0,2.0,4.0,3.0,3.0,2.0,2.0,3.0,1.0,2.0,5.0,5.0,4.0,5.0,3.0,5.0,5.0,4.0,5.0,1.0,1965.0,10.0,1.0,민간,,1.0,4.0,2.4,3.0,2.0,4.75,4.4
4.0,3.0,4.0,3.0,3.0,4.0,4.0,3.0,3.0,4.0,4.0,3.0,3.0,4.0,3.0,3.0,4.0,4.0,4.0,3.0,4.0,3.0,3.0,4.0,3.0,3.0,4.0,4.0,3.0,1.0,1970.0,7.0,1.0,민간,,1.0,3.5,3.6,3.25,3.6,3.5,3.4
2.0,3.0,3.0,4.0,4.0,3.0,3.0,4.0,4.0,3.0,3.0,4.0,4.0,4.0,3.0,4.0,4.0,3.0,3.0,3.0,3.0,2.0,3.0,3.0,2.0,2.0,2.0,3.0,3.0,1.0,1978.0,16.0,1.0,민간,,1.0,3.1666666666666665,3.4,3.75,3.4,2.75,2.4
4.0,3.0,4.0,4.0,4.0,4.0,2.0,2.0,2.0,2.0,3.0,4.0,4.0,4.0,4.0,4.0,4.0,3.0,3.0,3.0,4.0,4.0,4.0,4.0,3.0,3.0,3.0,3.0,3.0,2.0,1975.0,1.0,1.0,민간,,1.0,3.8333333333333335,2.2,4.0,3.4,4.0,3.0
4.0,4.0,4.0,5.0,5.0,4.0,4.0,4.0,5.0,5.0,4.0,4.0,4.0,4.0,3.0,4.0,5.0,4.0,3.0,4.0,4.0,4.0,5.0,4.0,4.0,4.0,3.0,4.0,4.0,1.0,1975.0,9.0,1.0,민간,,1.0,4.333333333333333,4.4,3.75,4.0,4.25,3.8
4.0,2.0,4.0,3.0,4.0,5.0,3.0,2.0,3.0,2.0,2.0,2.0,4.0,3.0,3.0,3.0,3.0,4.0,2.0,3.0,3.0,3.0,4.0,4.0,1.0,1.0,2.0,2.0,2.0,1.0,1971.0,1.0,1.0,민간,,1.0,3.6666666666666665,2.4,3.0,3.0,3.5,1.6
5.0,2.0,4.0,5.0,5.0,5.0,4.0,4.0,4.0,4.0,4.0,4.0,4.0,4.0,4.0,4.0,4.0,4.0,4.0,4.0,4.0,4.0,4.0,4.0,2.0,2.0,2.0,3.0,3.0,1.0,1961.0,9.0,1.0,민간,,1.0,4.333333333333333,4.0,4.0,4.0,4.0,2.4
3.0,2.0,3.0,3.0,2.0,3.0,3.0,2.0,3.0,3.0,2.0,3.0,3.0,3.0,2.0,4.0,3.0,4.0,4.0,3.0,3.0,2.0,3.0,3.0,4.0,3.0,3.0,3.0,2.0,2.0,1988.0,9.0,1.0,민간,,1.0,2.6666666666666665,2.6,2.75,3.6,2.75,3.0
4.0,4.0,4.0,4.0,4.0,4.0,3.0,4.0,4.0,4.0,4.0,4.0,4.0,4.0,4.0,4.0,4.0,5.0,4.0,5.0,4.0,4.0,4.0,4.0,3.0,4.0,4.0,3.0,2.0,2.0,1973.0,4.0,1.0,민간,,1.0,4.0,3.8,4.0,4.4,4.0,3.2
4.0,4.0,4.0,5.0,5.0,4.0,5.0,5.0,4.0,4.0,4.0,4.0,4.0,4.0,4.0,4.0,4.0,4.0,4.0,5.0,4.0,4.0,5.0,4.0,2.0,2.0,4.0,4.0,4.0,1.0,1988.0,4.0,1.0,민간,,1.0,4.333333333333333,4.4,4.0,4.2,4.25,3.2
3.0,3.0,4.0,4.0,4.0,3.0,3.0,3.0,3.0,3.0,3.0,3.0,4.0,3.0,3.0,3.0,3.0,3.0,3.0,3.0,2.0,3.0,2.0,3.0,3.0,3.0,3.0,3.0,3.0,1.0,1979.0,2.0,1.0,민간,,1.0,3.5,3.0,3.25,3.0,2.5,3.0
4.0,2.0,4.0,4.0,4.0,4.0,3.0,4.0,4.0,4.0,3.0,3.0,4.0,4.0,4.0,3.0,4.0,4.0,5.0,5.0,4.0,4.0,4.0,5.0,2.0,2.0,4.0,3.0,2.0,2.0,1991.0,9.0,1.0,민간,,1.0,3.6666666666666665,3.6,3.75,4.2,4.25,2.6
2.0,5.0,4.0,5.0,5.0,5.0,3.0,4.0,3.0,4.0,3.0,4.0,3.0,3.0,2.0,3.0,4.0,3.0,5.0,4.0,4.0,4.0,4.0,3.0,3.0,3.0,4.0,3.0,3.0,1.0,1965.0,5.0,1.0,민간,,1.0,4.333333333333333,3.4,3.0,3.8,3.75,3.2
3.0,3.0,3.0,4.0,4.0,3.0,3.0,2.0,3.0,3.0,3.0,3.0,4.0,3.0,3.0,3.0,3.0,2.0,2.0,3.0,3.0,3.0,3.0,3.0,2.0,2.0,2.0,2.0,2.0,1.0,1973.0,9.0,1.0,민간,,1.0,3.3333333333333335,2.8,3.25,2.6,3.0,2.0
3.0,3.0,4.0,4.0,4.0,4.0,1.0,2.0,3.0,3.0,3.0,3.0,4.0,3.0,3.0,1.0,1.0,2.0,2.0,2.0,5.0,5.0,4.0,4.0,3.0,2.0,4.0,3.0,3.0,1.0,1975.0,1.0,1.0,민간,,1.0,3.6666666666666665,2.4,3.25,1.6,4.5,3.0
4.0,2.0,4.0,5.0,3.0,4.0,2.0,2.0,1.0,2.0,3.0,2.0,5.0,3.0,3.0,3.0,5.0,4.0,2.0,3.0,5.0,4.0,3.0,3.0,2.0,2.0,3.0,2.0,3.0,2.0,1966.0,16.0,1.0,민간,,1.0,3.6666666666666665,2.0,3.25,3.4,3.75,2.4
4.0,3.0,3.0,3.0,4.0,3.0,3.0,4.0,3.0,4.0,3.0,3.0,3.0,4.0,4.0,3.0,3.0,3.0,2.0,4.0,3.0,3.0,4.0,4.0,3.0,3.0,4.0,3.0,3.0,2.0,1983.0,12.0,1.0,민간,,1.0,3.3333333333333335,3.4,3.5,3.0,3.5,3.2
2.0,2.0,4.0,3.0,3.0,4.0,2.0,2.0,2.0,2.0,2.0,3.0,4.0,4.0,4.0,2.0,2.0,2.0,2.0,3.0,4.0,4.0,4.0,4.0,2.0,1.0,2.0,2.0,2.0,1.0,1969.0,9.0,1.0,민간,,1.0,3.0,2.0,3.75,2.2,4.0,1.8
5.0,4.0,3.0,5.0,5.0,5.0,4.0,4.0,5.0,5.0,5.0,5.0,5.0,4.0,4.0,5.0,5.0,5.0,5.0,5.0,5.0,5.0,5.0,4.0,4.0,3.0,3.0,3.0,3.0,1.0,1979.0,9.0,1.0,민간,,1.0,4.5,4.6,4.5,5.0,4.75,3.2
5.0,5.0,5.0,5.0,5.0,5.0,2.0,2.0,4.0,3.0,3.0,4.0,4.0,3.0,4.0,2.0,2.0,1.0,1.0,2.0,4.0,5.0,4.0,5.0,3.0,3.0,3.0,2.0,3.0,1.0,1967.0,3.0,1.0,민간,,1.0,5.0,2.8,3.75,1.6,4.5,2.8
2.0,4.0,4.0,5.0,5.0,3.0,3.0,4.0,4.0,3.0,3.0,4.0,3.0,3.0,4.0,5.0,4.0,5.0,4.0,5.0,3.0,4.0,5.0,4.0,1.0,3.0,3.0,3.0,3.0,1.0,1998.0,13.0,1.0,민간,,1.0,3.8333333333333335,3.4,3.5,4.6,4.0,2.6
3.0,2.0,3.0,3.0,3.0,3.0,1.0,1.0,1.0,1.0,1.0,1.0,1.0,2.0,1.0,1.0,1.0,1.0,1.0,1.0,3.0,3.0,2.0,2.0,2.0,1.0,2.0,3.0,3.0,1.0,1968.0,13.0,1.0,민간,,1.0,2.8333333333333335,1.0,1.25,1.0,2.5,2.2
3.0,4.0,4.0,5.0,5.0,5.0,5.0,5.0,5.0,4.0,5.0,5.0,5.0,4.0,5.0,5.0,4.0,5.0,5.0,5.0,5.0,5.0,4.0,4.0,3.0,3.0,3.0,2.0,2.0,1.0,1973.0,2.0,1.0,민간,,1.0,4.333333333333333,4.8,4.75,4.8,4.5,2.6
2.0,3.0,4.0,4.0,4.0,3.0,4.0,4.0,5.0,5.0,4.0,5.0,4.0,5.0,4.0,4.0,5.0,4.0,5.0,4.0,4.0,5.0,4.0,5.0,4.0,5.0,4.0,5.0,4.0,1.0,1976.0,9.0,1.0,민간,,1.0,3.3333333333333335,4.4,4.5,4.4,4.5,4.4
3.0,3.0,4.0,5.0,3.0,4.0,3.0,3.0,3.0,3.0,3.0,3.0,3.0,3.0,3.0,3.0,3.0,3.0,3.0,3.0,3.0,4.0,3.0,3.0,3.0,3.0,3.0,3.0,3.0,1.0,1966.0,4.0,1.0,민간,,1.0,3.6666666666666665,3.0,3.0,3.0,3.25,3.0
4.0,2.0,2.0,5.0,4.0,4.0,1.0,1.0,1.0,1.0,1.0,4.0,4.0,5.0,4.0,1.0,1.0,1.0,1.0,1.0,5.0,4.0,4.0,3.0,3.0,2.0,4.0,4.0,3.0,2.0,1987.0,9.0,1.0,민간,,1.0,3.5,1.0,4.25,1.0,4.0,3.2
2.0,3.0,2.0,4.0,2.0,4.0,2.0,1.0,2.0,1.0,1.0,2.0,4.0,3.0,2.0,3.0,3.0,3.0,3.0,3.0,4.0,4.0,4.0,3.0,2.0,3.0,3.0,4.0,2.0,2.0,1986.0,8.0,1.0,민간,,1.0,2.8333333333333335,1.4,2.75,3.0,3.75,2.8
3.0,3.0,3.0,3.0,3.0,4.0,3.0,4.0,3.0,3.0,3.0,3.0,3.0,3.0,3.0,3.0,4.0,3.0,3.0,3.0,3.0,3.0,3.0,3.0,3.0,3.0,3.0,3.0,3.0,2.0,1975.0,9.0,1.0,민간,,1.0,3.1666666666666665,3.2,3.0,3.2,3.0,3.0
2.0,3.0,4.0,5.0,5.0,4.0,2.0,4.0,4.0,4.0,4.0,3.0,4.0,4.0,4.0,4.0,5.0,5.0,5.0,4.0,4.0,3.0,2.0,3.0,2.0,2.0,2.0,1.0,1.0,2.0,1988.0,1.0,1.0,민간,,1.0,3.8333333333333335,3.6,3.75,4.6,3.0,1.6
3.0,4.0,5.0,4.0,3.0,2.0,3.0,4.0,4.0,3.0,4.0,5.0,5.0,5.0,5.0,3.0,4.0,4.0,3.0,2.0,4.0,4.0,4.0,3.0,3.0,4.0,3.0,2.0,3.0,2.0,1991.0,1.0,1.0,민간,,1.0,3.5,3.6,5.0,3.2,3.75,3.0
2.0,3.0,4.0,3.0,4.0,4.0,3.0,3.0,3.0,4.0,3.0,3.0,4.0,4.0,4.0,3.0,3.0,3.0,3.0,3.0,4.0,4.0,4.0,3.0,3.0,3.0,2.0,3.0,2.0,1.0,1988.0,9.0,1.0,민간,,1.0,3.3333333333333335,3.2,3.75,3.0,3.75,2.6
4.0,4.0,3.0,4.0,4.0,4.0,4.0,4.0,4.0,3.0,4.0,4.0,3.0,4.0,4.0,3.0,3.0,4.0,4.0,4.0,4.0,4.0,3.0,3.0,4.0,4.0,4.0,4.0,4.0,2.0,1964.0,1.0,1.0,민간,,1.0,3.8333333333333335,3.8,3.75,3.6,3.5,4.0
2.0,3.0,3.0,2.0,3.0,4.0,2.0,2.0,3.0,3.0,3.0,3.0,3.0,2.0,2.0,2.0,2.0,1.0,2.0,2.0,4.0,4.0,4.0,3.0,3.0,4.0,3.0,2.0,4.0,1.0,1972.0,13.0,1.0,민간,,1.0,2.8333333333333335,2.6,2.5,1.8,3.75,3.2
3.0,3.0,4.0,4.0,4.0,3.0,4.0,4.0,4.0,4.0,4.0,4.0,4.0,4.0,4.0,4.0,4.0,4.0,4.0,4.0,3.0,3.0,4.0,4.0,4.0,4.0,4.0,4.0,4.0,2.0,1994.0,4.0,1.0,민간,,1.0,3.5,4.0,4.0,4.0,3.5,4.0
1.0,1.0,1.0,1.0,1.0,1.0,1.0,1.0,1.0,1.0,1.0,1.0,1.0,1.0,1.0,1.0,1.0,1.0,1.0,1.0,4.0,4.0,4.0,5.0,1.0,1.0,1.0,1.0,1.0,1.0,1985.0,9.0,1.0,민간,,1.0,1.0,1.0,1.0,1.0,4.25,1.0
2.0,2.0,2.0,3.0,3.0,3.0,2.0,2.0,2.0,2.0,3.0,3.0,4.0,4.0,4.0,3.0,4.0,4.0,4.0,4.0,3.0,4.0,3.0,4.0,3.0,3.0,4.0,3.0,3.0,2.0,1995.0,2.0,1.0,민간,,1.0,2.5,2.2,3.75,3.8,3.5,3.2
3.0,3.0,2.0,3.0,2.0,3.0,2.0,2.0,3.0,3.0,2.0,3.0,3.0,4.0,4.0,3.0,3.0,3.0,3.0,3.0,4.0,4.0,3.0,3.0,2.0,2.0,3.0,3.0,3.0,2.0,1995.0,9.0,1.0,민간,,1.0,2.6666666666666665,2.4,3.5,3.0,3.5,2.6
4.0,3.0,4.0,4.0,4.0,5.0,4.0,3.0,4.0,4.0,4.0,5.0,5.0,5.0,5.0,3.0,4.0,3.0,4.0,4.0,4.0,3.0,4.0,4.0,2.0,2.0,2.0,3.0,2.0,2.0,1978.0,11.0,1.0,민간,,1.0,4.0,3.8,5.0,3.6,3.75,2.2
3.0,2.0,3.0,2.0,2.0,3.0,3.0,4.0,3.0,3.0,4.0,3.0,2.0,2.0,2.0,3.0,4.0,3.0,4.0,4.0,3.0,4.0,3.0,4.0,3.0,4.0,4.0,3.0,2.0,1.0,1994.0,16.0,1.0,민간,,1.0,2.5,3.4,2.25,3.6,3.5,3.2
3.0,3.0,2.0,3.0,4.0,3.0,3.0,2.0,3.0,3.0,3.0,3.0,3.0,2.0,2.0,2.0,3.0,3.0,2.0,2.0,3.0,3.0,3.0,3.0,2.0,2.0,3.0,3.0,3.0,2.0,1990.0,2.0,1.0,민간,,1.0,3.0,2.8,2.5,2.4,3.0,2.6
3.0,3.0,3.0,4.0,3.0,4.0,3.0,3.0,3.0,3.0,3.0,3.0,4.0,4.0,4.0,4.0,3.0,4.0,4.0,3.0,3.0,3.0,2.0,3.0,3.0,3.0,3.0,3.0,4.0,2.0,1997.0,1.0,1.0,민간,,1.0,3.3333333333333335,3.0,3.75,3.6,2.75,3.2
3.0,1.0,2.0,3.0,3.0,3.0,3.0,3.0,3.0,4.0,3.0,3.0,4.0,4.0,4.0,3.0,4.0,3.0,3.0,3.0,3.0,3.0,3.0,3.0,2.0,1.0,3.0,4.0,2.0,2.0,1992.0,1.0,1.0,민간,,1.0,2.5,3.2,3.75,3.2,3.0,2.4
3.0,4.0,4.0,5.0,4.0,3.0,4.0,4.0,4.0,4.0,4.0,4.0,4.0,4.0,4.0,4.0,4.0,4.0,4.0,4.0,4.0,4.0,4.0,4.0,3.0,3.0,3.0,3.0,3.0,2.0,1964.0,15.0,1.0,민간,,1.0,3.8333333333333335,4.0,4.0,4.0,4.0,3.0
4.0,4.0,4.0,4.0,4.0,5.0,3.0,3.0,4.0,3.0,3.0,3.0,4.0,4.0,4.0,3.0,3.0,3.0,2.0,3.0,4.0,4.0,4.0,5.0,4.0,4.0,4.0,3.0,3.0,2.0,1982.0,6.0,1.0,민간,,1.0,4.166666666666667,3.2,3.75,2.8,4.25,3.6
3.0,2.0,2.0,3.0,4.0,4.0,4.0,3.0,4.0,3.0,4.0,3.0,3.0,4.0,3.0,3.0,4.0,3.0,4.0,4.0,3.0,4.0,4.0,3.0,3.0,4.0,3.0,4.0,4.0,2.0,1971.0,1.0,1.0,민간,,1.0,3.0,3.6,3.25,3.6,3.5,3.6
1.0,4.0,5.0,3.0,4.0,4.0,4.0,4.0,4.0,4.0,4.0,5.0,5.0,4.0,4.0,4.0,3.0,4.0,4.0,5.0,5.0,5.0,5.0,5.0,4.0,4.0,4.0,5.0,4.0,2.0,1992.0,5.0,1.0,민간,,1.0,3.5,4.0,4.5,4.0,5.0,4.2
2.0,3.0,4.0,4.0,4.0,3.0,4.0,3.0,3.0,3.0,3.0,3.0,3.0,4.0,4.0,2.0,3.0,4.0,4.0,3.0,4.0,4.0,3.0,4.0,3.0,4.0,3.0,4.0,2.0,1.0,1969.0,4.0,1.0,민간,,1.0,3.3333333333333335,3.2,3.5,3.2,3.75,3.2
3.0,4.0,2.0,3.0,2.0,4.0,4.0,3.0,4.0,4.0,5.0,3.0,4.0,4.0,3.0,3.0,3.0,3.0,2.0,3.0,1.0,3.0,3.0,4.0,3.0,2.0,3.0,3.0,2.0,2.0,1995.0,1.0,1.0,민간,,1.0,3.0,4.0,3.5,2.8,2.75,2.6
4.0,5.0,4.0,4.0,3.0,4.0,4.0,3.0,4.0,3.0,3.0,3.0,3.0,3.0,4.0,3.0,4.0,3.0,4.0,3.0,4.0,3.0,4.0,4.0,3.0,4.0,3.0,4.0,3.0,2.0,1971.0,4.0,1.0,민간,,1.0,4.0,3.4,3.25,3.4,3.75,3.4
3.0,3.0,4.0,5.0,3.0,4.0,2.0,2.0,3.0,4.0,2.0,4.0,4.0,4.0,4.0,3.0,3.0,3.0,4.0,3.0,4.0,4.0,4.0,4.0,4.0,4.0,4.0,4.0,4.0,2.0,1979.0,9.0,1.0,민간,,1.0,3.6666666666666665,2.6,4.0,3.2,4.0,4.0
4.0,4.0,4.0,4.0,4.0,4.0,4.0,4.0,4.0,3.0,3.0,4.0,4.0,4.0,4.0,4.0,3.0,4.0,4.0,4.0,3.0,4.0,4.0,4.0,2.0,2.0,2.0,4.0,3.0,2.0,1983.0,1.0,1.0,민간,,1.0,4.0,3.6,4.0,3.8,3.75,2.6
2.0,1.0,1.0,3.0,3.0,1.0,1.0,1.0,1.0,1.0,1.0,2.0,2.0,2.0,2.0,1.0,1.0,1.0,1.0,1.0,1.0,1.0,3.0,3.0,1.0,1.0,3.0,2.0,4.0,2.0,1980.0,9.0,1.0,민간,,1.0,1.8333333333333333,1.0,2.0,1.0,2.0,2.2
3.0,3.0,3.0,2.0,3.0,4.0,2.0,2.0,2.0,2.0,2.0,3.0,3.0,2.0,2.0,2.0,1.0,1.0,1.0,1.0,4.0,5.0,4.0,5.0,1.0,1.0,1.0,3.0,3.0,2.0,1994.0,1.0,1.0,민간,,1.0,3.0,2.0,2.5,1.2,4.5,1.8
3.0,3.0,3.0,3.0,3.0,3.0,3.0,2.0,2.0,2.0,3.0,3.0,3.0,3.0,3.0,3.0,2.0,3.0,3.0,3.0,3.0,3.0,2.0,2.0,2.0,2.0,2.0,2.0,2.0,2.0,1995.0,9.0,1.0,민간,,1.0,3.0,2.4,3.0,2.8,2.5,2.0
3.0,2.0,3.0,3.0,3.0,4.0,3.0,4.0,4.0,3.0,4.0,3.0,4.0,3.0,4.0,4.0,3.0,3.0,4.0,4.0,2.0,3.0,3.0,3.0,2.0,2.0,3.0,3.0,3.0,1.0,2000.0,2.0,1.0,민간,,1.0,3.0,3.6,3.5,3.6,2.75,2.6
4.0,3.0,3.0,4.0,2.0,3.0,1.0,3.0,3.0,3.0,3.0,1.0,3.0,4.0,4.0,1.0,3.0,2.0,2.0,3.0,5.0,4.0,4.0,3.0,4.0,2.0,4.0,4.0,4.0,1.0,1993.0,1.0,1.0,민간,,1.0,3.1666666666666665,2.6,3.0,2.2,4.0,3.6
3.0,4.0,4.0,5.0,4.0,4.0,4.0,3.0,4.0,4.0,4.0,3.0,4.0,4.0,4.0,3.0,4.0,4.0,4.0,3.0,4.0,4.0,4.0,3.0,1.0,1.0,2.0,2.0,3.0,2.0,1977.0,9.0,1.0,민간,,1.0,4.0,3.8,3.75,3.6,3.75,1.8
4.0,4.0,5.0,4.0,4.0,5.0,1.0,1.0,2.0,1.0,1.0,1.0,2.0,2.0,2.0,2.0,1.0,1.0,1.0,1.0,4.0,4.0,4.0,4.0,3.0,2.0,3.0,2.0,3.0,2.0,1995.0,1.0,1.0,민간,,1.0,4.333333333333333,1.2,1.75,1.2,4.0,2.6
1.0,2.0,1.0,3.0,1.0,3.0,2.0,3.0,3.0,2.0,2.0,2.0,5.0,5.0,5.0,1.0,1.0,1.0,2.0,2.0,5.0,4.0,5.0,4.0,2.0,2.0,2.0,3.0,3.0,1.0,1975.0,9.0,1.0,민간,,1.0,1.8333333333333333,2.4,4.25,1.4,4.5,2.4
4.0,3.0,2.0,4.0,3.0,2.0,3.0,4.0,4.0,4.0,2.0,3.0,3.0,4.0,4.0,4.0,4.0,3.0,3.0,4.0,4.0,3.0,4.0,4.0,4.0,3.0,3.0,4.0,4.0,1.0,1962.0,16.0,1.0,민간,,1.0,3.0,3.4,3.5,3.6,3.75,3.6
3.0,3.0,3.0,4.0,4.0,3.0,4.0,4.0,4.0,4.0,4.0,4.0,4.0,4.0,4.0,4.0,4.0,4.0,4.0,4.0,4.0,4.0,4.0,4.0,3.0,3.0,3.0,3.0,3.0,2.0,1997.0,1.0,1.0,민간,,1.0,3.3333333333333335,4.0,4.0,4.0,4.0,3.0
4.0,4.0,4.0,4.0,5.0,4.0,4.0,4.0,5.0,4.0,4.0,4.0,4.0,4.0,4.0,3.0,3.0,4.0,4.0,4.0,4.0,4.0,3.0,3.0,4.0,4.0,3.0,3.0,3.0,2.0,1980.0,1.0,1.0,민간,,1.0,4.166666666666667,4.2,4.0,3.6,3.5,3.4
4.0,3.0,4.0,4.0,4.0,3.0,4.0,3.0,4.0,4.0,4.0,4.0,4.0,4.0,4.0,4.0,4.0,4.0,4.0,5.0,4.0,4.0,5.0,4.0,2.0,2.0,2.0,1.0,1.0,1.0,1975.0,10.0,1.0,민간,,1.0,3.6666666666666665,3.8,4.0,4.2,4.25,1.6
3.0,4.0,3.0,4.0,4.0,4.0,3.0,3.0,4.0,4.0,2.0,3.0,4.0,4.0,4.0,3.0,3.0,2.0,3.0,2.0,5.0,4.0,4.0,4.0,2.0,4.0,3.0,4.0,3.0,2.0,1990.0,1.0,1.0,민간,,1.0,3.6666666666666665,3.2,3.75,2.6,4.25,3.2
4.0,4.0,4.0,4.0,5.0,5.0,4.0,3.0,3.0,4.0,4.0,4.0,4.0,4.0,4.0,4.0,4.0,3.0,4.0,3.0,4.0,4.0,3.0,4.0,3.0,4.0,4.0,3.0,2.0,2.0,1979.0,9.0,1.0,민간,,1.0,4.333333333333333,3.6,4.0,3.6,3.75,3.2
4.0,3.0,4.0,4.0,4.0,4.0,3.0,2.0,2.0,3.0,3.0,3.0,3.0,4.0,3.0,3.0,4.0,3.0,3.0,3.0,4.0,4.0,5.0,4.0,4.0,3.0,3.0,3.0,4.0,2.0,1976.0,4.0,1.0,민간,,1.0,3.8333333333333335,2.6,3.25,3.2,4.25,3.4
4.0,5.0,5.0,5.0,5.0,5.0,1.0,5.0,3.0,4.0,3.0,2.0,4.0,2.0,3.0,5.0,5.0,5.0,4.0,5.0,4.0,4.0,4.0,5.0,4.0,5.0,4.0,2.0,3.0,1.0,1979.0,9.0,1.0,민간,,1.0,4.833333333333333,3.2,2.75,4.8,4.25,3.6
2.0,2.0,4.0,4.0,4.0,4.0,3.0,4.0,4.0,4.0,3.0,4.0,4.0,4.0,3.0,3.0,3.0,4.0,4.0,3.0,4.0,4.0,3.0,4.0,4.0,4.0,3.0,3.0,4.0,2.0,1983.0,16.0,1.0,민간,,1.0,3.3333333333333335,3.6,3.75,3.4,3.75,3.6
2.0,1.0,1.0,2.0,2.0,2.0,3.0,3.0,3.0,2.0,2.0,2.0,3.0,2.0,2.0,2.0,2.0,2.0,2.0,2.0,3.0,3.0,3.0,3.0,4.0,4.0,4.0,2.0,2.0,2.0,1993.0,1.0,1.0,민간,,1.0,1.6666666666666667,2.6,2.25,2.0,3.0,3.2
4.0,3.0,4.0,4.0,4.0,3.0,3.0,3.0,3.0,3.0,3.0,4.0,4.0,3.0,3.0,3.0,3.0,3.0,3.0,3.0,4.0,4.0,5.0,3.0,2.0,2.0,3.0,2.0,1.0,2.0,1966.0,2.0,1.0,민간,,1.0,3.6666666666666665,3.0,3.5,3.0,4.0,2.0
4.0,4.0,3.0,4.0,4.0,4.0,3.0,2.0,3.0,3.0,3.0,2.0,4.0,3.0,4.0,3.0,3.0,2.0,4.0,3.0,4.0,4.0,3.0,2.0,4.0,3.0,3.0,2.0,3.0,1.0,1985.0,1.0,1.0,민간,,1.0,3.8333333333333335,2.8,3.25,3.0,3.25,3.0
1.0,1.0,2.0,2.0,2.0,2.0,2.0,4.0,2.0,2.0,2.0,1.0,3.0,2.0,2.0,3.0,2.0,2.0,2.0,2.0,4.0,3.0,3.0,3.0,2.0,2.0,2.0,2.0,2.0,2.0,1970.0,4.0,1.0,민간,,1.0,1.6666666666666667,2.4,2.0,2.2,3.25,2.0
5.0,4.0,3.0,5.0,4.0,4.0,4.0,4.0,4.0,3.0,5.0,5.0,4.0,3.0,4.0,4.0,3.0,5.0,4.0,3.0,4.0,4.0,5.0,4.0,3.0,4.0,3.0,4.0,4.0,1.0,1993.0,1.0,1.0,민간,,1.0,4.166666666666667,4.0,4.0,3.8,4.25,3.6
2.0,2.0,2.0,2.0,3.0,2.0,2.0,1.0,2.0,2.0,2.0,1.0,2.0,2.0,2.0,2.0,2.0,1.0,2.0,2.0,1.0,2.0,2.0,1.0,2.0,2.0,1.0,2.0,1.0,1.0,1972.0,2.0,1.0,민간,,1.0,2.1666666666666665,1.8,1.75,1.8,1.5,1.6
2.0,3.0,1.0,3.0,3.0,3.0,2.0,4.0,4.0,2.0,3.0,2.0,4.0,4.0,3.0,1.0,2.0,3.0,3.0,2.0,4.0,4.0,4.0,4.0,3.0,3.0,3.0,4.0,2.0,2.0,1988.0,9.0,1.0,민간,,1.0,2.5,3.0,3.25,2.2,4.0,3.0
4.0,3.0,3.0,3.0,3.0,4.0,3.0,4.0,4.0,4.0,4.0,2.0,3.0,3.0,3.0,3.0,4.0,4.0,4.0,4.0,4.0,4.0,4.0,5.0,3.0,3.0,3.0,3.0,3.0,2.0,1969.0,9.0,1.0,민간,,1.0,3.3333333333333335,3.8,2.75,3.8,4.25,3.0
4.0,5.0,4.0,4.0,4.0,5.0,5.0,4.0,5.0,5.0,5.0,4.0,5.0,4.0,4.0,5.0,5.0,4.0,5.0,5.0,5.0,5.0,4.0,5.0,5.0,4.0,5.0,5.0,4.0,1.0,1992.0,4.0,1.0,민간,,1.0,4.333333333333333,4.8,4.25,4.8,4.75,4.6
2.0,4.0,2.0,4.0,4.0,2.0,2.0,4.0,4.0,3.0,3.0,5.0,4.0,3.0,4.0,4.0,5.0,5.0,4.0,2.0,2.0,4.0,2.0,2.0,2.0,4.0,4.0,4.0,4.0,2.0,1990.0,9.0,1.0,민간,,1.0,3.0,3.2,4.0,4.0,2.5,3.6
2.0,4.0,4.0,4.0,4.0,3.0,2.0,3.0,4.0,4.0,3.0,4.0,4.0,4.0,4.0,4.0,4.0,4.0,4.0,4.0,4.0,4.0,4.0,4.0,2.0,2.0,2.0,5.0,2.0,2.0,1977.0,9.0,1.0,민간,,1.0,3.5,3.2,4.0,4.0,4.0,2.6
4.0,3.0,4.0,4.0,4.0,4.0,2.0,3.0,3.0,3.0,2.0,3.0,3.0,3.0,3.0,4.0,4.0,3.0,3.0,3.0,3.0,4.0,4.0,4.0,4.0,4.0,3.0,3.0,4.0,2.0,1982.0,14.0,1.0,민간,,1.0,3.8333333333333335,2.6,3.0,3.4,3.75,3.6
5.0,4.0,4.0,5.0,4.0,5.0,2.0,2.0,2.0,1.0,2.0,4.0,4.0,3.0,3.0,2.0,2.0,2.0,4.0,2.0,4.0,4.0,3.0,4.0,4.0,4.0,5.0,3.0,4.0,1.0,1973.0,4.0,1.0,민간,,1.0,4.5,1.8,3.5,2.4,3.75,4.0
4.0,4.0,3.0,3.0,4.0,3.0,2.0,2.0,2.0,1.0,1.0,2.0,1.0,2.0,2.0,3.0,3.0,3.0,3.0,3.0,3.0,3.0,3.0,3.0,3.0,3.0,3.0,3.0,3.0,2.0,1977.0,9.0,1.0,민간,,1.0,3.5,1.6,1.75,3.0,3.0,3.0
4.0,4.0,5.0,3.0,5.0,3.0,2.0,3.0,4.0,4.0,4.0,5.0,4.0,4.0,3.0,4.0,4.0,4.0,4.0,4.0,3.0,4.0,3.0,3.0,3.0,4.0,2.0,4.0,4.0,1.0,1975.0,1.0,2.0,공공,1.0,,4.0,3.4,4.0,4.0,3.25,3.4
4.0,4.0,4.0,5.0,5.0,5.0,3.0,4.0,5.0,4.0,3.0,4.0,4.0,5.0,4.0,4.0,5.0,4.0,4.0,4.0,4.0,4.0,4.0,4.0,2.0,2.0,2.0,4.0,2.0,1.0,1975.0,1.0,2.0,공공,1.0,,4.5,3.8,4.25,4.2,4.0,2.4
5.0,5.0,5.0,5.0,5.0,5.0,4.0,4.0,4.0,4.0,4.0,3.0,5.0,5.0,5.0,4.0,4.0,3.0,4.0,4.0,4.0,4.0,4.0,3.0,2.0,2.0,2.0,2.0,1.0,1.0,1964.0,11.0,2.0,공공,2.0,,5.0,4.0,4.5,3.8,3.75,1.8
5.0,4.0,4.0,5.0,5.0,4.0,3.0,4.0,4.0,4.0,4.0,4.0,5.0,5.0,4.0,5.0,5.0,5.0,4.0,4.0,3.0,4.0,4.0,4.0,2.0,4.0,4.0,3.0,2.0,1.0,1966.0,1.0,2.0,공공,1.0,,4.5,3.8,4.5,4.6,3.75,3.0
3.0,2.0,2.0,4.0,3.0,3.0,2.0,3.0,3.0,3.0,3.0,3.0,4.0,4.0,4.0,4.0,4.0,4.0,4.0,4.0,4.0,4.0,4.0,4.0,2.0,2.0,2.0,2.0,2.0,1.0,1975.0,9.0,2.0,공공,1.0,,2.8333333333333335,2.8,3.75,4.0,4.0,2.0
4.0,5.0,2.0,3.0,3.0,4.0,4.0,3.0,4.0,3.0,4.0,3.0,4.0,3.0,4.0,4.0,4.0,4.0,4.0,4.0,3.0,4.0,4.0,4.0,2.0,2.0,3.0,4.0,2.0,1.0,1974.0,9.0,2.0,공공,2.0,,3.5,3.6,3.5,4.0,3.75,2.6
4.0,5.0,5.0,5.0,5.0,5.0,2.0,3.0,3.0,3.0,4.0,4.0,4.0,4.0,4.0,3.0,3.0,2.0,2.0,3.0,5.0,5.0,5.0,4.0,2.0,2.0,3.0,5.0,2.0,1.0,1965.0,4.0,2.0,공공,1.0,,4.833333333333333,3.0,4.0,2.6,4.75,2.8
5.0,4.0,5.0,5.0,5.0,4.0,4.0,4.0,4.0,4.0,3.0,4.0,4.0,4.0,4.0,4.0,4.0,5.0,5.0,5.0,4.0,5.0,5.0,5.0,5.0,5.0,5.0,4.0,4.0,1.0,1966.0,10.0,2.0,공공,2.0,,4.666666666666667,3.8,4.0,4.6,4.75,4.6
5.0,5.0,2.0,4.0,5.0,5.0,2.0,4.0,4.0,4.0,4.0,5.0,5.0,4.0,3.0,4.0,5.0,5.0,5.0,4.0,4.0,5.0,5.0,5.0,2.0,3.0,4.0,4.0,1.0,1.0,1968.0,1.0,2.0,공공,1.0,,4.333333333333333,3.6,4.25,4.6,4.75,2.8
4.0,4.0,2.0,4.0,5.0,5.0,3.0,4.0,5.0,5.0,4.0,4.0,5.0,5.0,5.0,4.0,4.0,4.0,3.0,4.0,5.0,5.0,4.0,4.0,4.0,4.0,4.0,5.0,3.0,1.0,1973.0,1.0,2.0,공공,2.0,,4.0,4.2,4.75,3.8,4.5,4.0
5.0,5.0,5.0,5.0,5.0,5.0,4.0,5.0,4.0,4.0,5.0,5.0,4.0,5.0,4.0,5.0,5.0,5.0,4.0,5.0,5.0,5.0,5.0,5.0,1.0,1.0,1.0,1.0,1.0,2.0,1966.0,12.0,2.0,공공,2.0,,5.0,4.4,4.5,4.8,5.0,1.0
3.0,4.0,3.0,4.0,3.0,4.0,3.0,3.0,2.0,4.0,3.0,3.0,4.0,4.0,2.0,3.0,4.0,2.0,4.0,3.0,3.0,4.0,3.0,2.0,4.0,4.0,3.0,4.0,3.0,1.0,1974.0,1.0,2.0,공공,2.0,,3.5,3.0,3.25,3.2,3.0,3.6
5.0,5.0,5.0,5.0,5.0,4.0,3.0,3.0,4.0,4.0,4.0,4.0,4.0,4.0,4.0,4.0,4.0,4.0,5.0,4.0,4.0,4.0,4.0,5.0,2.0,3.0,3.0,4.0,2.0,1.0,1965.0,9.0,2.0,공공,1.0,,4.833333333333333,3.6,4.0,4.2,4.25,2.8
2.0,4.0,3.0,4.0,4.0,3.0,4.0,4.0,2.0,3.0,3.0,4.0,4.0,2.0,3.0,4.0,4.0,3.0,4.0,4.0,3.0,3.0,3.0,3.0,3.0,3.0,2.0,2.0,2.0,2.0,1975.0,1.0,2.0,공공,2.0,,3.3333333333333335,3.2,3.25,3.8,3.0,2.4
4.0,4.0,5.0,5.0,5.0,5.0,5.0,5.0,5.0,5.0,5.0,5.0,5.0,5.0,5.0,5.0,5.0,5.0,5.0,5.0,5.0,5.0,5.0,5.0,1.0,1.0,3.0,3.0,1.0,2.0,1972.0,9.0,2.0,공공,1.0,,4.666666666666667,5.0,5.0,5.0,5.0,1.8
4.0,1.0,3.0,5.0,4.0,3.0,1.0,4.0,2.0,2.0,2.0,3.0,3.0,4.0,3.0,3.0,5.0,3.0,4.0,5.0,4.0,4.0,4.0,4.0,2.0,2.0,4.0,4.0,3.0,2.0,1972.0,8.0,2.0,공공,1.0,,3.3333333333333335,2.2,3.25,4.0,4.0,3.0
4.0,4.0,3.0,3.0,4.0,3.0,3.0,3.0,3.0,3.0,3.0,3.0,4.0,3.0,3.0,3.0,5.0,5.0,5.0,5.0,3.0,3.0,3.0,4.0,4.0,4.0,4.0,3.0,3.0,1.0,1979.0,7.0,2.0,공공,2.0,,3.5,3.0,3.25,4.6,3.25,3.6
5.0,5.0,5.0,4.0,4.0,4.0,3.0,4.0,4.0,3.0,2.0,3.0,5.0,5.0,4.0,3.0,3.0,3.0,3.0,3.0,3.0,5.0,4.0,5.0,3.0,4.0,4.0,3.0,3.0,1.0,1970.0,6.0,2.0,공공,1.0,,4.5,3.2,4.25,3.0,4.25,3.4
2.0,4.0,4.0,5.0,5.0,5.0,4.0,3.0,2.0,3.0,3.0,2.0,4.0,4.0,4.0,2.0,2.0,3.0,4.0,4.0,4.0,4.0,5.0,5.0,4.0,4.0,4.0,4.0,2.0,1.0,1975.0,1.0,2.0,공공,1.0,,4.166666666666667,3.0,3.5,3.0,4.5,3.6
4.0,5.0,5.0,5.0,4.0,4.0,3.0,3.0,4.0,4.0,5.0,4.0,4.0,4.0,4.0,4.0,4.0,3.0,3.0,4.0,4.0,4.0,4.0,4.0,2.0,2.0,3.0,3.0,1.0,1.0,1971.0,6.0,2.0,공공,1.0,,4.5,3.8,4.0,3.6,4.0,2.2
2.0,2.0,1.0,5.0,5.0,5.0,4.0,3.0,4.0,4.0,3.0,4.0,4.0,4.0,5.0,4.0,4.0,4.0,4.0,4.0,5.0,5.0,5.0,5.0,1.0,1.0,1.0,3.0,3.0,1.0,1966.0,9.0,2.0,공공,1.0,,3.3333333333333335,3.6,4.25,4.0,5.0,1.8
4.0,4.0,4.0,4.0,4.0,4.0,4.0,4.0,4.0,4.0,4.0,4.0,5.0,5.0,5.0,5.0,5.0,5.0,5.0,5.0,5.0,5.0,5.0,5.0,3.0,3.0,3.0,4.0,3.0,1.0,1965.0,6.0,2.0,공공,1.0,,4.0,4.0,4.75,5.0,5.0,3.2
4.0,3.0,4.0,4.0,4.0,4.0,4.0,4.0,4.0,5.0,5.0,5.0,5.0,5.0,5.0,5.0,5.0,5.0,4.0,4.0,5.0,5.0,5.0,5.0,3.0,4.0,4.0,4.0,2.0,1.0,1975.0,8.0,2.0,공공,1.0,,3.8333333333333335,4.4,5.0,4.6,5.0,3.4
4.0,4.0,2.0,3.0,4.0,3.0,2.0,2.0,1.0,1.0,3.0,3.0,3.0,2.0,3.0,1.0,1.0,2.0,2.0,3.0,3.0,4.0,4.0,4.0,2.0,4.0,4.0,3.0,3.0,1.0,1974.0,12.0,2.0,공공,1.0,,3.3333333333333335,1.8,2.75,1.8,3.75,3.2
5.0,4.0,4.0,5.0,4.0,4.0,1.0,3.0,5.0,5.0,5.0,5.0,5.0,4.0,4.0,5.0,5.0,5.0,5.0,5.0,4.0,4.0,4.0,4.0,2.0,2.0,2.0,4.0,2.0,1.0,1974.0,6.0,2.0,공공,1.0,,4.333333333333333,3.8,4.5,5.0,4.0,2.4
4.0,5.0,4.0,5.0,4.0,5.0,4.0,3.0,4.0,4.0,4.0,4.0,4.0,4.0,3.0,4.0,4.0,3.0,4.0,4.0,4.0,4.0,5.0,5.0,2.0,3.0,4.0,4.0,2.0,2.0,1966.0,1.0,2.0,공공,2.0,,4.5,3.8,3.75,3.8,4.5,3.0
5.0,5.0,4.0,5.0,5.0,5.0,3.0,3.0,3.0,3.0,3.0,4.0,4.0,3.0,3.0,4.0,4.0,4.0,4.0,4.0,4.0,4.0,5.0,5.0,2.0,2.0,4.0,4.0,2.0,1.0,1969.0,9.0,2.0,공공,1.0,,4.833333333333333,3.0,3.5,4.0,4.5,2.8
5.0,4.0,5.0,5.0,4.0,5.0,4.0,4.0,4.0,3.0,3.0,4.0,4.0,4.0,4.0,3.0,3.0,4.0,4.0,5.0,4.0,4.0,4.0,4.0,2.0,2.0,2.0,4.0,3.0,1.0,1964.0,4.0,2.0,공공,1.0,,4.666666666666667,3.6,4.0,3.8,4.0,2.6
2.0,1.0,2.0,3.0,2.0,4.0,2.0,3.0,2.0,3.0,2.0,2.0,2.0,3.0,3.0,2.0,2.0,3.0,3.0,3.0,3.0,3.0,3.0,4.0,4.0,3.0,4.0,3.0,4.0,2.0,1982.0,6.0,2.0,공공,1.0,,2.3333333333333335,2.4,2.5,2.6,3.25,3.6
4.0,3.0,5.0,4.0,2.0,4.0,3.0,3.0,4.0,4.0,4.0,4.0,4.0,5.0,3.0,4.0,4.0,4.0,4.0,4.0,4.0,4.0,3.0,4.0,2.0,3.0,4.0,4.0,3.0,2.0,1980.0,9.0,2.0,공공,1.0,,3.6666666666666665,3.6,4.0,4.0,3.75,3.2
4.0,4.0,5.0,4.0,5.0,5.0,3.0,3.0,4.0,4.0,4.0,5.0,4.0,4.0,4.0,3.0,4.0,4.0,3.0,4.0,4.0,4.0,4.0,4.0,4.0,3.0,3.0,4.0,4.0,2.0,1976.0,1.0,2.0,공공,1.0,,4.5,3.6,4.25,3.6,4.0,3.6
5.0,4.0,5.0,5.0,3.0,4.0,3.0,3.0,3.0,3.0,2.0,3.0,4.0,3.0,3.0,3.0,4.0,3.0,2.0,3.0,3.0,3.0,2.0,3.0,4.0,4.0,4.0,2.0,4.0,2.0,1971.0,4.0,2.0,공공,1.0,,4.333333333333333,2.8,3.25,3.0,2.75,3.6
4.0,3.0,3.0,4.0,4.0,5.0,3.0,3.0,4.0,3.0,3.0,4.0,4.0,3.0,3.0,4.0,4.0,4.0,3.0,3.0,3.0,4.0,4.0,4.0,2.0,2.0,3.0,2.0,2.0,2.0,1986.0,9.0,2.0,공공,2.0,,3.8333333333333335,3.2,3.5,3.6,3.75,2.2
3.0,4.0,4.0,4.0,4.0,3.0,2.0,2.0,3.0,2.0,2.0,3.0,3.0,3.0,3.0,2.0,3.0,3.0,2.0,3.0,4.0,4.0,3.0,3.0,4.0,4.0,4.0,4.0,4.0,2.0,1979.0,9.0,2.0,공공,1.0,,3.6666666666666665,2.2,3.0,2.6,3.5,4.0
4.0,4.0,3.0,4.0,5.0,5.0,3.0,3.0,3.0,4.0,3.0,4.0,4.0,3.0,3.0,4.0,3.0,3.0,3.0,3.0,3.0,3.0,3.0,4.0,4.0,4.0,4.0,4.0,4.0,2.0,1977.0,9.0,2.0,공공,2.0,,4.166666666666667,3.2,3.5,3.2,3.25,4.0
4.0,4.0,5.0,5.0,5.0,4.0,3.0,2.0,3.0,3.0,2.0,4.0,4.0,4.0,3.0,3.0,3.0,3.0,3.0,2.0,4.0,4.0,4.0,4.0,4.0,4.0,4.0,2.0,4.0,2.0,1975.0,1.0,2.0,공공,1.0,,4.5,2.6,3.75,2.8,4.0,3.6
4.0,4.0,5.0,5.0,5.0,5.0,4.0,4.0,4.0,4.0,4.0,4.0,5.0,5.0,4.0,4.0,4.0,4.0,3.0,4.0,4.0,4.0,5.0,3.0,3.0,4.0,3.0,4.0,2.0,2.0,1973.0,7.0,2.0,공공,2.0,,4.666666666666667,4.0,4.5,3.8,4.0,3.2
4.0,4.0,5.0,4.0,4.0,2.0,4.0,3.0,4.0,4.0,3.0,3.0,4.0,4.0,4.0,4.0,4.0,4.0,5.0,5.0,4.0,5.0,4.0,4.0,4.0,3.0,4.0,4.0,3.0,1.0,1968.0,1.0,2.0,공공,2.0,,3.8333333333333335,3.6,3.75,4.4,4.25,3.6
2.0,4.0,4.0,4.0,4.0,2.0,2.0,3.0,3.0,3.0,3.0,4.0,4.0,4.0,4.0,4.0,4.0,4.0,3.0,4.0,4.0,4.0,3.0,4.0,3.0,2.0,2.0,2.0,2.0,1.0,1975.0,2.0,2.0,공공,2.0,,3.3333333333333335,2.8,4.0,3.8,3.75,2.2
4.0,4.0,4.0,4.0,4.0,4.0,4.0,4.0,4.0,3.0,3.0,4.0,4.0,4.0,4.0,4.0,4.0,4.0,4.0,3.0,4.0,4.0,3.0,4.0,3.0,3.0,4.0,4.0,3.0,1.0,1967.0,1.0,2.0,공공,1.0,,4.0,3.6,4.0,3.8,3.75,3.4
3.0,2.0,3.0,3.0,2.0,3.0,2.0,2.0,2.0,3.0,3.0,3.0,3.0,3.0,3.0,3.0,4.0,2.0,2.0,2.0,2.0,3.0,4.0,3.0,4.0,3.0,2.0,3.0,3.0,1.0,1984.0,9.0,2.0,공공,1.0,,2.6666666666666665,2.4,3.0,2.6,3.0,3.0
4.0,5.0,4.0,4.0,4.0,4.0,3.0,3.0,4.0,4.0,4.0,3.0,3.0,4.0,4.0,4.0,4.0,3.0,4.0,3.0,4.0,4.0,4.0,4.0,2.0,2.0,2.0,2.0,2.0,1.0,1970.0,9.0,2.0,공공,2.0,,4.166666666666667,3.6,3.5,3.6,4.0,2.0
2.0,2.0,2.0,5.0,5.0,4.0,3.0,3.0,4.0,4.0,4.0,4.0,4.0,4.0,4.0,4.0,4.0,4.0,4.0,4.0,4.0,3.0,4.0,4.0,2.0,2.0,2.0,3.0,2.0,1.0,1983.0,10.0,2.0,공공,2.0,,3.3333333333333335,3.6,4.0,4.0,3.75,2.2
4.0,4.0,3.0,4.0,4.0,3.0,5.0,4.0,3.0,2.0,2.0,3.0,4.0,4.0,2.0,2.0,2.0,5.0,5.0,3.0,5.0,4.0,4.0,3.0,2.0,2.0,4.0,5.0,4.0,1.0,1969.0,4.0,2.0,공공,2.0,,3.6666666666666665,3.2,3.25,3.4,4.0,3.4
4.0,4.0,3.0,4.0,4.0,4.0,3.0,4.0,5.0,5.0,5.0,5.0,5.0,5.0,5.0,5.0,5.0,5.0,5.0,5.0,5.0,5.0,4.0,5.0,3.0,2.0,3.0,2.0,2.0,2.0,1982.0,9.0,2.0,공공,2.0,,3.8333333333333335,4.4,5.0,5.0,4.75,2.4
4.0,5.0,4.0,5.0,5.0,2.0,2.0,2.0,2.0,3.0,2.0,2.0,4.0,4.0,2.0,2.0,2.0,2.0,2.0,2.0,4.0,4.0,4.0,4.0,4.0,4.0,4.0,4.0,4.0,1.0,1965.0,13.0,2.0,공공,2.0,,4.166666666666667,2.2,3.0,2.0,4.0,4.0
3.0,4.0,2.0,4.0,3.0,3.0,3.0,2.0,3.0,2.0,2.0,3.0,3.0,2.0,3.0,5.0,5.0,5.0,5.0,5.0,3.0,4.0,3.0,4.0,2.0,3.0,2.0,4.0,2.0,1.0,1983.0,8.0,2.0,공공,1.0,,3.1666666666666665,2.4,2.75,5.0,3.5,2.6
3.0,3.0,3.0,3.0,3.0,2.0,3.0,3.0,3.0,3.0,3.0,3.0,3.0,3.0,3.0,3.0,3.0,3.0,3.0,3.0,3.0,3.0,3.0,3.0,3.0,3.0,3.0,3.0,3.0,1.0,1979.0,10.0,2.0,공공,1.0,,2.8333333333333335,3.0,3.0,3.0,3.0,3.0
4.0,4.0,3.0,4.0,4.0,3.0,2.0,2.0,2.0,3.0,3.0,4.0,4.0,4.0,3.0,4.0,4.0,4.0,3.0,4.0,4.0,4.0,4.0,4.0,3.0,3.0,4.0,4.0,3.0,1.0,1982.0,8.0,2.0,공공,1.0,,3.6666666666666665,2.4,3.75,3.8,4.0,3.4
4.0,4.0,1.0,4.0,4.0,5.0,2.0,3.0,4.0,3.0,3.0,4.0,4.0,2.0,3.0,5.0,5.0,5.0,5.0,5.0,5.0,4.0,4.0,4.0,5.0,5.0,2.0,5.0,2.0,2.0,1998.0,8.0,2.0,공공,1.0,,3.6666666666666665,3.0,3.25,5.0,4.25,3.8
4.0,4.0,4.0,4.0,5.0,5.0,1.0,2.0,2.0,3.0,2.0,3.0,4.0,3.0,3.0,5.0,3.0,4.0,2.0,4.0,3.0,4.0,5.0,4.0,1.0,3.0,4.0,1.0,3.0,1.0,1980.0,8.0,2.0,공공,1.0,,4.333333333333333,2.0,3.25,3.6,4.0,2.4
3.0,4.0,4.0,3.0,2.0,4.0,2.0,3.0,3.0,2.0,2.0,2.0,4.0,4.0,3.0,4.0,4.0,4.0,4.0,4.0,4.0,3.0,2.0,2.0,2.0,2.0,2.0,4.0,2.0,1.0,1989.0,8.0,2.0,공공,1.0,,3.3333333333333335,2.4,3.25,4.0,2.75,2.4
4.0,3.0,3.0,4.0,4.0,4.0,4.0,4.0,3.0,4.0,4.0,3.0,4.0,2.0,4.0,5.0,5.0,5.0,5.0,4.0,4.0,5.0,4.0,4.0,4.0,4.0,3.0,3.0,3.0,2.0,1972.0,1.0,2.0,공공,2.0,,3.6666666666666665,3.8,3.25,4.8,4.25,3.4
4.0,4.0,2.0,2.0,2.0,4.0,2.0,2.0,5.0,4.0,2.0,4.0,4.0,3.0,3.0,3.0,3.0,3.0,3.0,3.0,4.0,4.0,4.0,2.0,4.0,4.0,2.0,4.0,2.0,1.0,1987.0,6.0,2.0,공공,1.0,,3.0,3.0,3.5,3.0,3.5,3.2
4.0,4.0,2.0,4.0,4.0,4.0,2.0,3.0,4.0,3.0,3.0,3.0,4.0,4.0,4.0,3.0,4.0,3.0,2.0,4.0,5.0,4.0,4.0,4.0,3.0,4.0,4.0,3.0,3.0,2.0,1993.0,8.0,2.0,공공,1.0,,3.6666666666666665,3.0,3.75,3.2,4.25,3.4
4.0,3.0,3.0,4.0,3.0,5.0,2.0,3.0,2.0,3.0,3.0,3.0,3.0,3.0,3.0,4.0,4.0,4.0,4.0,4.0,2.0,4.0,3.0,3.0,2.0,2.0,2.0,2.0,2.0,2.0,1975.0,8.0,2.0,공공,1.0,,3.6666666666666665,2.6,3.0,4.0,3.0,2.0
4.0,5.0,3.0,2.0,4.0,5.0,3.0,3.0,4.0,5.0,3.0,4.0,5.0,3.0,3.0,5.0,5.0,5.0,5.0,5.0,3.0,3.0,4.0,3.0,2.0,2.0,2.0,2.0,3.0,1.0,1977.0,6.0,2.0,공공,1.0,,3.8333333333333335,3.6,3.75,5.0,3.25,2.2
3.0,3.0,2.0,2.0,2.0,3.0,1.0,2.0,1.0,2.0,2.0,2.0,3.0,3.0,4.0,4.0,5.0,4.0,4.0,5.0,5.0,5.0,5.0,5.0,2.0,1.0,1.0,3.0,4.0,1.0,1973.0,10.0,2.0,공공,2.0,,2.5,1.6,3.0,4.4,5.0,2.2
5.0,5.0,5.0,5.0,4.0,4.0,3.0,2.0,4.0,3.0,3.0,4.0,5.0,5.0,4.0,4.0,4.0,5.0,4.0,5.0,4.0,4.0,3.0,3.0,2.0,3.0,3.0,4.0,1.0,2.0,1971.0,1.0,2.0,공공,1.0,,4.666666666666667,3.0,4.5,4.4,3.5,2.6
3.0,4.0,4.0,5.0,4.0,4.0,3.0,4.0,4.0,4.0,3.0,3.0,3.0,4.0,4.0,4.0,4.0,3.0,4.0,3.0,3.0,3.0,3.0,3.0,4.0,4.0,4.0,4.0,3.0,1.0,1976.0,1.0,2.0,공공,1.0,,4.0,3.6,3.5,3.6,3.0,3.8
4.0,4.0,3.0,5.0,4.0,5.0,2.0,3.0,3.0,4.0,4.0,3.0,5.0,4.0,3.0,4.0,4.0,3.0,4.0,4.0,4.0,4.0,4.0,4.0,2.0,2.0,3.0,4.0,2.0,1.0,1986.0,8.0,2.0,공공,1.0,,4.166666666666667,3.2,3.75,3.8,4.0,2.6
2.0,4.0,4.0,3.0,4.0,4.0,4.0,2.0,3.0,3.0,2.0,2.0,3.0,2.0,3.0,4.0,2.0,2.0,2.0,2.0,5.0,5.0,5.0,5.0,4.0,4.0,5.0,4.0,5.0,1.0,1980.0,6.0,2.0,공공,1.0,,3.5,2.8,2.5,2.4,5.0,4.4
5.0,2.0,4.0,2.0,4.0,4.0,1.0,1.0,3.0,1.0,2.0,2.0,4.0,1.0,2.0,4.0,4.0,4.0,4.0,4.0,4.0,2.0,4.0,4.0,1.0,1.0,1.0,1.0,1.0,1.0,1984.0,8.0,2.0,공공,1.0,,3.5,1.6,2.25,4.0,3.5,1.0
5.0,4.0,4.0,5.0,5.0,5.0,4.0,4.0,4.0,4.0,4.0,4.0,5.0,4.0,4.0,5.0,5.0,4.0,4.0,4.0,5.0,4.0,4.0,3.0,4.0,3.0,3.0,2.0,2.0,1.0,1965.0,1.0,2.0,공공,2.0,,4.666666666666667,4.0,4.25,4.4,4.0,2.8
3.0,3.0,1.0,2.0,2.0,4.0,2.0,1.0,4.0,2.0,2.0,3.0,4.0,3.0,4.0,2.0,1.0,2.0,1.0,1.0,4.0,4.0,4.0,3.0,2.0,2.0,4.0,2.0,3.0,1.0,1996.0,8.0,2.0,공공,1.0,,2.5,2.2,3.5,1.4,3.75,2.6
5.0,3.0,5.0,5.0,4.0,4.0,5.0,4.0,4.0,4.0,5.0,4.0,5.0,5.0,5.0,3.0,3.0,3.0,3.0,3.0,2.0,4.0,4.0,4.0,2.0,2.0,2.0,2.0,2.0,1.0,1968.0,12.0,2.0,공공,2.0,,4.333333333333333,4.4,4.75,3.0,3.5,2.0
4.0,3.0,5.0,3.0,4.0,5.0,2.0,2.0,3.0,3.0,3.0,4.0,5.0,4.0,4.0,3.0,4.0,3.0,4.0,4.0,4.0,5.0,5.0,4.0,1.0,1.0,1.0,4.0,1.0,1.0,1977.0,9.0,2.0,공공,1.0,,4.0,2.6,4.25,3.6,4.5,1.6
4.0,4.0,4.0,4.0,4.0,4.0,2.0,3.0,3.0,2.0,2.0,3.0,4.0,3.0,3.0,3.0,3.0,3.0,3.0,3.0,4.0,4.0,4.0,4.0,1.0,1.0,1.0,4.0,2.0,1.0,1965.0,10.0,2.0,공공,2.0,,4.0,2.4,3.25,3.0,4.0,1.8
4.0,4.0,2.0,2.0,4.0,5.0,2.0,2.0,5.0,2.0,2.0,4.0,4.0,2.0,4.0,4.0,4.0,5.0,5.0,5.0,5.0,5.0,4.0,2.0,2.0,2.0,4.0,3.0,1.0,2.0,1980.0,8.0,2.0,공공,1.0,,3.5,2.6,3.5,4.6,4.0,2.4
4.0,4.0,4.0,4.0,5.0,4.0,1.0,2.0,2.0,1.0,1.0,2.0,3.0,3.0,2.0,4.0,4.0,2.0,1.0,1.0,5.0,5.0,5.0,4.0,1.0,3.0,3.0,3.0,2.0,1.0,1978.0,1.0,2.0,공공,1.0,,4.166666666666667,1.4,2.5,2.4,4.75,2.4
4.0,4.0,3.0,4.0,4.0,3.0,2.0,3.0,3.0,4.0,3.0,4.0,4.0,4.0,4.0,3.0,4.0,3.0,4.0,4.0,4.0,4.0,4.0,4.0,2.0,2.0,3.0,3.0,2.0,1.0,1986.0,9.0,2.0,공공,2.0,,3.6666666666666665,3.0,4.0,3.6,4.0,2.4
2.0,3.0,3.0,5.0,4.0,4.0,3.0,3.0,3.0,3.0,3.0,3.0,3.0,3.0,3.0,3.0,4.0,3.0,4.0,4.0,3.0,4.0,3.0,4.0,3.0,3.0,4.0,4.0,3.0,1.0,1968.0,13.0,2.0,공공,1.0,,3.5,3.0,3.0,3.6,3.5,3.4
4.0,3.0,4.0,4.0,3.0,4.0,3.0,3.0,3.0,3.0,3.0,3.0,4.0,4.0,4.0,3.0,3.0,3.0,3.0,4.0,4.0,4.0,4.0,4.0,2.0,2.0,2.0,3.0,3.0,1.0,1980.0,6.0,2.0,공공,1.0,,3.6666666666666665,3.0,3.75,3.2,4.0,2.4
4.0,5.0,3.0,5.0,5.0,5.0,4.0,4.0,5.0,4.0,4.0,4.0,5.0,4.0,4.0,4.0,4.0,4.0,5.0,5.0,4.0,4.0,4.0,4.0,3.0,3.0,2.0,2.0,4.0,1.0,1967.0,1.0,2.0,공공,1.0,,4.5,4.2,4.25,4.4,4.0,2.8
5.0,5.0,3.0,4.0,5.0,4.0,2.0,3.0,2.0,4.0,3.0,4.0,3.0,2.0,2.0,4.0,4.0,4.0,4.0,4.0,5.0,5.0,4.0,4.0,2.0,3.0,3.0,2.0,3.0,1.0,1970.0,10.0,2.0,공공,2.0,,4.333333333333333,2.8,2.75,4.0,4.5,2.6
4.0,4.0,4.0,3.0,3.0,4.0,3.0,3.0,3.0,3.0,3.0,3.0,3.0,2.0,4.0,3.0,4.0,4.0,3.0,4.0,5.0,4.0,4.0,4.0,4.0,3.0,3.0,4.0,4.0,1.0,1969.0,5.0,2.0,공공,2.0,,3.6666666666666665,3.0,3.0,3.6,4.25,3.6
4.0,4.0,5.0,4.0,4.0,4.0,2.0,4.0,2.0,2.0,3.0,2.0,4.0,4.0,3.0,2.0,3.0,2.0,2.0,3.0,5.0,4.0,4.0,4.0,2.0,2.0,3.0,4.0,2.0,1.0,1967.0,4.0,2.0,공공,1.0,,4.166666666666667,2.6,3.25,2.4,4.25,2.6
5.0,3.0,4.0,4.0,5.0,4.0,3.0,3.0,3.0,3.0,3.0,3.0,4.0,4.0,3.0,3.0,3.0,3.0,2.0,3.0,3.0,4.0,4.0,4.0,2.0,3.0,4.0,4.0,3.0,1.0,1972.0,13.0,2.0,공공,2.0,,4.166666666666667,3.0,3.5,2.8,3.75,3.2
5.0,4.0,5.0,5.0,5.0,5.0,4.0,2.0,4.0,3.0,4.0,4.0,4.0,4.0,3.0,3.0,2.0,2.0,3.0,1.0,2.0,2.0,5.0,4.0,4.0,5.0,5.0,3.0,4.0,1.0,1974.0,1.0,2.0,공공,1.0,,4.833333333333333,3.4,3.75,2.2,3.25,4.2
3.0,4.0,5.0,4.0,3.0,3.0,3.0,4.0,4.0,4.0,4.0,4.0,4.0,3.0,3.0,3.0,3.0,4.0,4.0,4.0,3.0,3.0,3.0,3.0,3.0,3.0,3.0,3.0,3.0,1.0,1974.0,1.0,2.0,공공,2.0,,3.6666666666666665,3.8,3.5,3.6,3.0,3.0
4.0,2.0,4.0,3.0,4.0,4.0,3.0,2.0,3.0,3.0,2.0,3.0,4.0,2.0,2.0,3.0,4.0,4.0,3.0,4.0,5.0,4.0,4.0,4.0,4.0,4.0,4.0,4.0,4.0,1.0,1987.0,8.0,2.0,공공,1.0,,3.5,2.6,2.75,3.6,4.25,4.0
5.0,4.0,5.0,5.0,5.0,3.0,4.0,4.0,4.0,4.0,4.0,4.0,4.0,4.0,4.0,5.0,5.0,4.0,5.0,5.0,4.0,4.0,4.0,4.0,1.0,1.0,1.0,2.0,1.0,1.0,1967.0,15.0,2.0,공공,2.0,,4.5,4.0,4.0,4.8,4.0,1.2
4.0,4.0,3.0,4.0,3.0,4.0,3.0,3.0,3.0,3.0,3.0,3.0,3.0,3.0,3.0,3.0,3.0,4.0,3.0,3.0,4.0,4.0,4.0,4.0,4.0,4.0,3.0,3.0,3.0,2.0,1970.0,1.0,2.0,공공,2.0,,3.6666666666666665,3.0,3.0,3.2,4.0,3.4
5.0,3.0,3.0,2.0,4.0,4.0,2.0,2.0,2.0,2.0,2.0,2.0,3.0,3.0,3.0,2.0,2.0,4.0,4.0,4.0,4.0,4.0,4.0,4.0,2.0,4.0,3.0,3.0,3.0,2.0,1969.0,3.0,2.0,공공,2.0,,3.5,2.0,2.75,3.2,4.0,3.0
5.0,2.0,5.0,5.0,5.0,5.0,5.0,5.0,5.0,4.0,5.0,5.0,4.0,5.0,5.0,4.0,5.0,4.0,4.0,4.0,4.0,4.0,5.0,5.0,1.0,1.0,2.0,2.0,1.0,1.0,1966.0,1.0,2.0,공공,2.0,,4.5,4.8,4.75,4.2,4.5,1.4
3.0,4.0,4.0,4.0,4.0,4.0,2.0,2.0,2.0,2.0,1.0,3.0,3.0,2.0,2.0,2.0,3.0,4.0,2.0,3.0,5.0,4.0,4.0,4.0,4.0,4.0,2.0,4.0,1.0,1.0,1972.0,9.0,2.0,공공,2.0,,3.8333333333333335,1.8,2.5,2.8,4.25,3.0
4.0,4.0,2.0,2.0,4.0,4.0,2.0,5.0,1.0,5.0,4.0,2.0,4.0,4.0,4.0,4.0,5.0,5.0,5.0,5.0,4.0,5.0,5.0,4.0,1.0,1.0,1.0,2.0,1.0,1.0,1966.0,4.0,2.0,공공,2.0,,3.3333333333333335,3.4,3.5,4.8,4.5,1.2
5.0,5.0,4.0,5.0,5.0,5.0,4.0,4.0,4.0,4.0,4.0,5.0,5.0,5.0,4.0,4.0,5.0,4.0,4.0,4.0,5.0,5.0,5.0,4.0,4.0,3.0,3.0,4.0,3.0,1.0,1976.0,13.0,2.0,공공,1.0,,4.833333333333333,4.0,4.75,4.2,4.75,3.4
4.0,4.0,4.0,4.0,4.0,3.0,3.0,3.0,4.0,4.0,3.0,4.0,4.0,4.0,4.0,4.0,4.0,4.0,4.0,3.0,4.0,4.0,3.0,4.0,3.0,4.0,3.0,4.0,2.0,1.0,1974.0,8.0,2.0,공공,1.0,,3.8333333333333335,3.4,4.0,3.8,3.75,3.2
4.0,2.0,2.0,4.0,4.0,4.0,4.0,4.0,4.0,4.0,4.0,4.0,4.0,4.0,4.0,4.0,4.0,4.0,3.0,4.0,3.0,4.0,3.0,3.0,4.0,3.0,3.0,3.0,4.0,1.0,1978.0,9.0,2.0,공공,1.0,,3.3333333333333335,4.0,4.0,3.8,3.25,3.4
5.0,3.0,4.0,4.0,4.0,5.0,4.0,4.0,4.0,4.0,4.0,4.0,4.0,4.0,4.0,5.0,5.0,5.0,5.0,5.0,4.0,4.0,3.0,4.0,1.0,2.0,2.0,3.0,2.0,1.0,1970.0,12.0,2.0,공공,2.0,,4.166666666666667,4.0,4.0,5.0,3.75,2.0
5.0,5.0,5.0,5.0,5.0,5.0,4.0,3.0,4.0,4.0,4.0,3.0,3.0,3.0,4.0,3.0,3.0,3.0,3.0,4.0,5.0,4.0,4.0,4.0,1.0,1.0,2.0,4.0,2.0,1.0,1970.0,6.0,2.0,공공,2.0,,5.0,3.8,3.25,3.2,4.25,2.0
3.0,5.0,3.0,2.0,4.0,4.0,2.0,3.0,2.0,3.0,2.0,2.0,3.0,2.0,1.0,4.0,3.0,3.0,2.0,3.0,5.0,4.0,3.0,4.0,2.0,3.0,3.0,4.0,3.0,1.0,1974.0,1.0,2.0,공공,1.0,,3.5,2.4,2.0,3.0,4.0,3.0
1.0,3.0,4.0,5.0,5.0,5.0,3.0,1.0,3.0,1.0,2.0,3.0,4.0,3.0,4.0,4.0,3.0,3.0,4.0,4.0,4.0,4.0,5.0,5.0,2.0,2.0,1.0,4.0,2.0,1.0,1964.0,3.0,2.0,공공,2.0,,3.8333333333333335,2.0,3.5,3.6,4.5,2.2
2.0,2.0,2.0,1.0,2.0,4.0,2.0,2.0,1.0,2.0,2.0,2.0,4.0,4.0,4.0,1.0,1.0,1.0,1.0,1.0,4.0,4.0,4.0,4.0,1.0,2.0,1.0,2.0,2.0,1.0,1969.0,6.0,2.0,공공,1.0,,2.1666666666666665,1.8,3.5,1.0,4.0,1.6
3.0,3.0,4.0,5.0,5.0,4.0,4.0,5.0,3.0,4.0,5.0,4.0,4.0,4.0,5.0,5.0,5.0,5.0,5.0,5.0,4.0,3.0,3.0,3.0,2.0,2.0,5.0,4.0,4.0,1.0,1965.0,4.0,2.0,공공,2.0,,4.0,4.2,4.25,5.0,3.25,3.4
4.0,4.0,3.0,3.0,4.0,4.0,2.0,2.0,3.0,2.0,2.0,3.0,3.0,3.0,3.0,3.0,2.0,3.0,2.0,2.0,4.0,4.0,3.0,3.0,2.0,3.0,2.0,2.0,2.0,1.0,1981.0,1.0,2.0,공공,1.0,,3.6666666666666665,2.2,3.0,2.4,3.5,2.2
4.0,5.0,5.0,5.0,5.0,4.0,4.0,4.0,4.0,4.0,4.0,4.0,4.0,4.0,4.0,4.0,4.0,4.0,4.0,3.0,5.0,5.0,5.0,5.0,2.0,3.0,3.0,3.0,2.0,1.0,1969.0,15.0,2.0,공공,1.0,,4.666666666666667,4.0,4.0,3.8,5.0,2.6
4.0,4.0,4.0,5.0,5.0,4.0,3.0,3.0,4.0,4.0,3.0,3.0,4.0,4.0,4.0,4.0,3.0,4.0,3.0,3.0,4.0,4.0,4.0,4.0,3.0,3.0,3.0,3.0,3.0,2.0,1971.0,16.0,2.0,공공,2.0,,4.333333333333333,3.4,3.75,3.4,4.0,3.0
5.0,3.0,4.0,5.0,5.0,5.0,3.0,3.0,4.0,4.0,4.0,4.0,4.0,4.0,4.0,4.0,4.0,5.0,4.0,4.0,4.0,5.0,5.0,5.0,4.0,4.0,4.0,2.0,4.0,1.0,1971.0,9.0,2.0,공공,2.0,,4.5,3.6,4.0,4.2,4.75,3.6
3.0,2.0,2.0,1.0,1.0,1.0,1.0,3.0,1.0,5.0,2.0,3.0,3.0,3.0,3.0,3.0,5.0,5.0,3.0,4.0,2.0,3.0,3.0,2.0,1.0,1.0,1.0,1.0,1.0,1.0,1981.0,8.0,2.0,공공,1.0,,1.6666666666666667,2.4,3.0,4.0,2.5,1.0
4.0,3.0,4.0,3.0,5.0,5.0,2.0,2.0,4.0,3.0,3.0,3.0,3.0,4.0,3.0,4.0,4.0,4.0,4.0,3.0,4.0,3.0,4.0,4.0,2.0,2.0,2.0,2.0,2.0,1.0,1983.0,8.0,2.0,공공,1.0,,4.0,2.8,3.25,3.8,3.75,2.0
2.0,2.0,1.0,2.0,2.0,2.0,1.0,1.0,4.0,1.0,1.0,4.0,4.0,4.0,4.0,1.0,1.0,1.0,1.0,1.0,5.0,5.0,4.0,4.0,3.0,3.0,3.0,4.0,1.0,2.0,1992.0,8.0,2.0,공공,1.0,,1.8333333333333333,1.6,4.0,1.0,4.5,2.8
2.0,4.0,2.0,3.0,2.0,3.0,3.0,2.0,4.0,2.0,3.0,2.0,3.0,3.0,3.0,4.0,3.0,3.0,3.0,3.0,4.0,4.0,2.0,4.0,3.0,4.0,4.0,4.0,3.0,1.0,1984.0,1.0,2.0,공공,1.0,,2.6666666666666665,2.8,2.75,3.2,3.5,3.6
5.0,3.0,5.0,5.0,5.0,4.0,2.0,2.0,1.0,2.0,2.0,3.0,4.0,4.0,4.0,3.0,3.0,1.0,3.0,2.0,4.0,4.0,4.0,4.0,4.0,2.0,2.0,3.0,2.0,1.0,1966.0,17.0,2.0,공공,2.0,,4.5,1.8,3.75,2.4,4.0,2.6
4.0,3.0,5.0,5.0,5.0,4.0,4.0,3.0,4.0,3.0,3.0,4.0,4.0,4.0,4.0,4.0,4.0,4.0,4.0,4.0,4.0,4.0,4.0,4.0,3.0,2.0,3.0,2.0,3.0,2.0,1970.0,6.0,2.0,공공,2.0,,4.333333333333333,3.4,4.0,4.0,4.0,2.6
2.0,3.0,1.0,2.0,2.0,3.0,3.0,4.0,2.0,4.0,3.0,5.0,5.0,4.0,5.0,5.0,5.0,5.0,5.0,5.0,4.0,5.0,3.0,4.0,2.0,2.0,2.0,1.0,1.0,1.0,1992.0,6.0,2.0,공공,2.0,,2.1666666666666665,3.2,4.75,5.0,4.0,1.6
4.0,5.0,5.0,5.0,5.0,5.0,2.0,2.0,4.0,2.0,3.0,4.0,4.0,4.0,3.0,4.0,4.0,4.0,3.0,3.0,5.0,5.0,5.0,5.0,2.0,1.0,1.0,4.0,1.0,1.0,1982.0,9.0,2.0,공공,1.0,,4.833333333333333,2.6,3.75,3.6,5.0,1.8
4.0,4.0,4.0,3.0,4.0,4.0,4.0,4.0,4.0,4.0,4.0,4.0,4.0,4.0,4.0,4.0,4.0,4.0,4.0,4.0,3.0,3.0,3.0,4.0,3.0,3.0,3.0,3.0,2.0,1.0,1975.0,8.0,2.0,공공,1.0,,3.8333333333333335,4.0,4.0,4.0,3.25,2.8
5.0,4.0,4.0,5.0,5.0,5.0,4.0,4.0,4.0,4.0,4.0,5.0,5.0,3.0,5.0,4.0,4.0,3.0,4.0,3.0,5.0,5.0,4.0,5.0,2.0,3.0,4.0,4.0,1.0,2.0,1982.0,1.0,2.0,공공,2.0,,4.666666666666667,4.0,4.5,3.6,4.75,2.8
3.0,3.0,3.0,4.0,3.0,3.0,2.0,2.0,2.0,2.0,1.0,2.0,2.0,2.0,2.0,3.0,3.0,3.0,3.0,3.0,5.0,4.0,4.0,4.0,3.0,4.0,3.0,3.0,3.0,2.0,1982.0,8.0,2.0,공공,1.0,,3.1666666666666665,1.8,2.0,3.0,4.25,3.2
4.0,3.0,2.0,4.0,4.0,4.0,3.0,5.0,4.0,5.0,5.0,4.0,4.0,4.0,4.0,5.0,5.0,5.0,5.0,5.0,4.0,4.0,3.0,3.0,2.0,3.0,4.0,4.0,2.0,1.0,1981.0,6.0,2.0,공공,1.0,,3.5,4.4,4.0,5.0,3.5,3.0
5.0,5.0,4.0,5.0,5.0,4.0,4.0,3.0,3.0,3.0,3.0,4.0,4.0,4.0,4.0,3.0,3.0,4.0,4.0,4.0,4.0,5.0,4.0,5.0,1.0,2.0,4.0,2.0,2.0,1.0,1970.0,3.0,2.0,공공,2.0,,4.666666666666667,3.2,4.0,3.6,4.5,2.2
3.0,3.0,1.0,3.0,4.0,3.0,3.0,1.0,1.0,1.0,1.0,1.0,3.0,3.0,3.0,1.0,1.0,2.0,3.0,3.0,3.0,3.0,4.0,4.0,2.0,2.0,2.0,2.0,2.0,2.0,1969.0,8.0,2.0,공공,1.0,,2.8333333333333335,1.4,2.5,2.0,3.5,2.0
3.0,2.0,3.0,3.0,3.0,3.0,3.0,4.0,2.0,2.0,2.0,2.0,4.0,4.0,4.0,2.0,2.0,2.0,2.0,2.0,4.0,4.0,4.0,4.0,2.0,2.0,2.0,2.0,2.0,1.0,1969.0,9.0,2.0,공공,2.0,,2.8333333333333335,2.6,3.5,2.0,4.0,2.0
3.0,4.0,1.0,1.0,2.0,4.0,2.0,3.0,3.0,2.0,2.0,3.0,3.0,3.0,4.0,2.0,2.0,2.0,3.0,1.0,5.0,4.0,3.0,3.0,1.0,2.0,4.0,1.0,5.0,1.0,1969.0,1.0,2.0,공공,1.0,,2.5,2.4,3.25,2.0,3.75,2.6
4.0,4.0,4.0,3.0,4.0,3.0,3.0,4.0,4.0,4.0,3.0,3.0,4.0,3.0,4.0,4.0,4.0,4.0,4.0,5.0,4.0,4.0,4.0,3.0,2.0,2.0,2.0,2.0,2.0,2.0,1982.0,9.0,2.0,공공,2.0,,3.6666666666666665,3.6,3.5,4.2,3.75,2.0
5.0,5.0,5.0,5.0,5.0,5.0,4.0,4.0,4.0,4.0,4.0,5.0,5.0,4.0,4.0,5.0,5.0,5.0,4.0,5.0,5.0,4.0,4.0,4.0,4.0,4.0,4.0,4.0,3.0,1.0,1980.0,6.0,2.0,공공,1.0,,5.0,4.0,4.5,4.8,4.25,3.8
4.0,2.0,2.0,1.0,5.0,5.0,2.0,2.0,3.0,4.0,4.0,4.0,5.0,5.0,3.0,3.0,4.0,4.0,4.0,3.0,4.0,4.0,4.0,4.0,2.0,2.0,2.0,4.0,2.0,2.0,1990.0,8.0,2.0,공공,1.0,,3.1666666666666665,3.0,4.25,3.6,4.0,2.4
3.0,3.0,2.0,4.0,3.0,2.0,3.0,4.0,4.0,4.0,4.0,4.0,4.0,3.0,4.0,4.0,3.0,4.0,4.0,4.0,4.0,4.0,4.0,4.0,4.0,4.0,4.0,4.0,4.0,1.0,1980.0,8.0,2.0,공공,1.0,,2.8333333333333335,3.8,3.75,3.8,4.0,4.0
1.0,5.0,1.0,2.0,2.0,1.0,1.0,1.0,1.0,1.0,1.0,1.0,2.0,3.0,1.0,1.0,1.0,1.0,1.0,1.0,4.0,4.0,2.0,4.0,1.0,1.0,1.0,1.0,1.0,1.0,1981.0,8.0,2.0,공공,1.0,,2.0,1.0,1.75,1.0,3.5,1.0
4.0,2.0,3.0,4.0,4.0,4.0,2.0,4.0,4.0,4.0,4.0,4.0,4.0,2.0,2.0,4.0,4.0,4.0,3.0,4.0,4.0,4.0,4.0,4.0,2.0,2.0,4.0,4.0,3.0,1.0,1979.0,8.0,2.0,공공,1.0,,3.5,3.6,3.0,3.8,4.0,3.0
4.0,4.0,4.0,4.0,4.0,3.0,3.0,3.0,4.0,5.0,4.0,4.0,4.0,4.0,4.0,4.0,4.0,4.0,4.0,4.0,4.0,4.0,4.0,4.0,1.0,1.0,1.0,2.0,1.0,1.0,1976.0,8.0,2.0,공공,1.0,,3.8333333333333335,3.8,4.0,4.0,4.0,1.2
5.0,4.0,4.0,4.0,4.0,5.0,4.0,3.0,4.0,3.0,4.0,4.0,4.0,5.0,4.0,5.0,5.0,5.0,5.0,5.0,5.0,5.0,4.0,4.0,3.0,3.0,3.0,4.0,2.0,1.0,1972.0,9.0,2.0,공공,2.0,,4.333333333333333,3.6,4.25,5.0,4.5,3.0
4.0,2.0,3.0,1.0,3.0,4.0,1.0,1.0,4.0,2.0,4.0,4.0,5.0,5.0,4.0,5.0,5.0,4.0,4.0,4.0,4.0,4.0,3.0,3.0,1.0,4.0,4.0,5.0,1.0,1.0,1990.0,8.0,2.0,공공,1.0,,2.8333333333333335,2.4,4.5,4.4,3.5,3.0
2.0,2.0,2.0,2.0,4.0,4.0,3.0,3.0,4.0,4.0,4.0,4.0,4.0,5.0,4.0,4.0,4.0,3.0,4.0,4.0,5.0,4.0,5.0,5.0,2.0,2.0,2.0,2.0,2.0,1.0,1979.0,1.0,2.0,공공,1.0,,2.6666666666666665,3.6,4.25,3.8,4.75,2.0
4.0,4.0,3.0,5.0,5.0,4.0,4.0,4.0,4.0,4.0,4.0,3.0,3.0,4.0,4.0,4.0,4.0,5.0,4.0,4.0,4.0,4.0,5.0,4.0,3.0,2.0,3.0,3.0,3.0,2.0,1967.0,1.0,2.0,공공,2.0,,4.166666666666667,4.0,3.5,4.2,4.25,2.8
5.0,5.0,4.0,5.0,5.0,5.0,2.0,3.0,3.0,4.0,4.0,4.0,4.0,4.0,4.0,5.0,5.0,5.0,5.0,5.0,4.0,4.0,5.0,5.0,1.0,1.0,1.0,4.0,1.0,2.0,1992.0,8.0,2.0,공공,1.0,,4.833333333333333,3.2,4.0,5.0,4.5,1.6
5.0,3.0,4.0,5.0,4.0,5.0,4.0,4.0,4.0,3.0,3.0,4.0,4.0,3.0,4.0,4.0,4.0,4.0,3.0,4.0,4.0,4.0,3.0,3.0,4.0,4.0,3.0,4.0,2.0,2.0,1972.0,15.0,2.0,공공,2.0,,4.333333333333333,3.6,3.75,3.8,3.5,3.4
2.0,2.0,2.0,4.0,2.0,4.0,2.0,2.0,2.0,1.0,1.0,2.0,3.0,2.0,2.0,1.0,1.0,2.0,2.0,1.0,4.0,3.0,3.0,4.0,2.0,3.0,4.0,4.0,3.0,2.0,1993.0,6.0,2.0,공공,1.0,,2.6666666666666665,1.6,2.25,1.4,3.5,3.2
4.0,2.0,3.0,4.0,2.0,3.0,4.0,2.0,3.0,2.0,2.0,2.0,3.0,4.0,3.0,3.0,4.0,3.0,2.0,3.0,3.0,2.0,2.0,4.0,4.0,4.0,4.0,2.0,2.0,2.0,1988.0,8.0,2.0,공공,1.0,,3.0,2.6,3.0,3.0,2.75,3.2
4.0,4.0,3.0,5.0,4.0,4.0,2.0,3.0,3.0,2.0,3.0,4.0,4.0,4.0,4.0,4.0,4.0,4.0,4.0,3.0,5.0,4.0,3.0,4.0,2.0,2.0,2.0,4.0,2.0,2.0,1993.0,8.0,2.0,공공,1.0,,4.0,2.6,4.0,3.8,4.0,2.4
2.0,2.0,4.0,2.0,3.0,2.0,2.0,3.0,3.0,4.0,4.0,4.0,3.0,2.0,3.0,5.0,4.0,4.0,5.0,4.0,3.0,3.0,4.0,3.0,2.0,2.0,4.0,3.0,2.0,2.0,1997.0,8.0,2.0,공공,1.0,,2.5,3.2,3.0,4.4,3.25,2.6
4.0,4.0,2.0,4.0,4.0,2.0,3.0,3.0,4.0,3.0,3.0,5.0,5.0,4.0,4.0,4.0,4.0,4.0,4.0,3.0,4.0,4.0,4.0,4.0,4.0,4.0,4.0,2.0,2.0,2.0,1997.0,8.0,2.0,공공,1.0,,3.3333333333333335,3.2,4.5,3.8,4.0,3.2
4.0,3.0,5.0,3.0,4.0,4.0,2.0,3.0,4.0,3.0,2.0,4.0,4.0,3.0,3.0,4.0,4.0,4.0,4.0,5.0,4.0,4.0,4.0,3.0,4.0,4.0,4.0,3.0,2.0,2.0,1977.0,1.0,2.0,공공,1.0,,3.8333333333333335,2.8,3.5,4.2,3.75,3.4
5.0,3.0,4.0,2.0,3.0,3.0,1.0,3.0,3.0,3.0,3.0,4.0,3.0,4.0,3.0,3.0,4.0,1.0,3.0,1.0,4.0,4.0,4.0,4.0,4.0,4.0,4.0,4.0,4.0,2.0,1991.0,6.0,2.0,공공,1.0,,3.3333333333333335,2.6,3.5,2.4,4.0,4.0
4.0,5.0,3.0,4.0,4.0,5.0,3.0,2.0,5.0,4.0,4.0,3.0,5.0,4.0,5.0,3.0,3.0,2.0,4.0,4.0,4.0,2.0,2.0,4.0,2.0,3.0,4.0,5.0,3.0,2.0,1993.0,1.0,2.0,공공,1.0,,4.166666666666667,3.6,4.25,3.2,3.0,3.4
2.0,4.0,2.0,2.0,3.0,4.0,4.0,4.0,3.0,4.0,3.0,3.0,3.0,2.0,4.0,4.0,3.0,3.0,4.0,4.0,4.0,3.0,4.0,3.0,2.0,4.0,3.0,4.0,2.0,2.0,1994.0,1.0,2.0,공공,1.0,,2.8333333333333335,3.6,3.0,3.6,3.5,3.0
4.0,4.0,4.0,4.0,4.0,4.0,3.0,3.0,2.0,2.0,4.0,3.0,3.0,3.0,3.0,1.0,3.0,3.0,3.0,3.0,5.0,5.0,5.0,5.0,4.0,4.0,2.0,4.0,1.0,2.0,1982.0,1.0,2.0,공공,2.0,,4.0,2.8,3.0,2.6,5.0,3.0
2.0,4.0,3.0,2.0,2.0,2.0,2.0,2.0,2.0,2.0,2.0,2.0,2.0,2.0,2.0,2.0,1.0,2.0,2.0,2.0,2.0,3.0,3.0,3.0,2.0,2.0,1.0,2.0,1.0,2.0,1986.0,3.0,2.0,공공,2.0,,2.5,2.0,2.0,1.8,2.75,1.6
1.0,3.0,1.0,4.0,4.0,4.0,1.0,3.0,3.0,3.0,3.0,3.0,4.0,4.0,4.0,4.0,3.0,2.0,4.0,3.0,3.0,3.0,4.0,4.0,2.0,2.0,4.0,2.0,2.0,2.0,1994.0,2.0,2.0,공공,2.0,,2.8333333333333335,2.6,3.75,3.2,3.5,2.4
4.0,3.0,3.0,4.0,4.0,4.0,4.0,4.0,3.0,4.0,4.0,4.0,3.0,3.0,4.0,4.0,4.0,3.0,4.0,4.0,4.0,4.0,5.0,4.0,4.0,5.0,4.0,4.0,4.0,2.0,1972.0,11.0,2.0,공공,2.0,,3.6666666666666665,3.8,3.5,3.8,4.25,4.2
5.0,5.0,4.0,4.0,5.0,5.0,1.0,2.0,1.0,1.0,1.0,1.0,1.0,3.0,2.0,4.0,4.0,5.0,4.0,4.0,5.0,5.0,4.0,5.0,3.0,4.0,5.0,5.0,3.0,1.0,1968.0,2.0,2.0,공공,1.0,,4.666666666666667,1.2,1.75,4.2,4.75,4.0
3.0,4.0,3.0,4.0,4.0,5.0,2.0,2.0,2.0,2.0,3.0,4.0,3.0,3.0,3.0,3.0,3.0,3.0,2.0,3.0,3.0,3.0,3.0,4.0,1.0,1.0,3.0,3.0,2.0,2.0,1986.0,9.0,2.0,공공,1.0,,3.8333333333333335,2.2,3.25,2.8,3.25,2.0
4.0,3.0,2.0,3.0,3.0,4.0,2.0,4.0,1.0,5.0,3.0,4.0,3.0,3.0,4.0,5.0,5.0,4.0,4.0,5.0,4.0,4.0,4.0,4.0,2.0,1.0,1.0,3.0,1.0,1.0,1970.0,11.0,2.0,공공,1.0,,3.1666666666666665,3.0,3.5,4.6,4.0,1.6
5.0,4.0,4.0,5.0,5.0,5.0,3.0,3.0,4.0,4.0,3.0,4.0,4.0,4.0,4.0,3.0,3.0,3.0,3.0,3.0,4.0,4.0,3.0,4.0,4.0,2.0,4.0,4.0,2.0,1.0,1968.0,3.0,2.0,공공,2.0,,4.666666666666667,3.4,4.0,3.0,3.75,3.2
4.0,3.0,4.0,5.0,4.0,4.0,2.0,3.0,4.0,2.0,3.0,4.0,4.0,3.0,3.0,2.0,2.0,3.0,4.0,3.0,4.0,5.0,4.0,4.0,2.0,3.0,2.0,4.0,2.0,1.0,1980.0,1.0,2.0,공공,1.0,,4.0,2.8,3.5,2.8,4.25,2.6
4.0,4.0,3.0,3.0,3.0,4.0,3.0,3.0,4.0,4.0,3.0,3.0,3.0,3.0,3.0,5.0,5.0,5.0,5.0,5.0,4.0,5.0,4.0,4.0,3.0,3.0,3.0,1.0,1.0,1.0,1970.0,9.0,2.0,공공,1.0,,3.5,3.4,3.0,5.0,4.25,2.2
5.0,4.0,4.0,5.0,5.0,4.0,2.0,3.0,2.0,3.0,3.0,3.0,4.0,3.0,4.0,4.0,4.0,3.0,4.0,4.0,4.0,4.0,3.0,3.0,1.0,1.0,1.0,1.0,1.0,1.0,1983.0,9.0,2.0,공공,1.0,,4.5,2.6,3.5,3.8,3.5,1.0
5.0,3.0,4.0,5.0,5.0,5.0,3.0,3.0,4.0,4.0,4.0,4.0,5.0,4.0,4.0,4.0,5.0,4.0,4.0,4.0,4.0,4.0,5.0,4.0,3.0,2.0,3.0,2.0,2.0,1.0,1971.0,14.0,2.0,공공,2.0,,4.5,3.6,4.25,4.2,4.25,2.4
4.0,4.0,5.0,5.0,5.0,5.0,4.0,3.0,3.0,3.0,3.0,4.0,4.0,2.0,4.0,4.0,4.0,4.0,4.0,4.0,4.0,4.0,4.0,4.0,2.0,2.0,3.0,4.0,3.0,1.0,1974.0,1.0,2.0,공공,2.0,,4.666666666666667,3.2,3.5,4.0,4.0,2.8
4.0,5.0,5.0,5.0,5.0,5.0,4.0,3.0,3.0,4.0,3.0,4.0,5.0,4.0,4.0,3.0,3.0,2.0,4.0,3.0,5.0,5.0,5.0,5.0,1.0,1.0,2.0,3.0,2.0,1.0,1964.0,6.0,2.0,공공,2.0,,4.833333333333333,3.4,4.25,3.0,5.0,1.8
4.0,4.0,2.0,1.0,3.0,3.0,2.0,2.0,3.0,2.0,3.0,2.0,4.0,1.0,5.0,2.0,2.0,1.0,1.0,2.0,3.0,2.0,4.0,3.0,3.0,4.0,4.0,2.0,2.0,2.0,1971.0,4.0,2.0,공공,2.0,,2.8333333333333335,2.4,3.0,1.6,3.0,3.0
4.0,4.0,3.0,4.0,4.0,3.0,4.0,4.0,3.0,4.0,3.0,4.0,4.0,4.0,4.0,4.0,3.0,3.0,4.0,4.0,4.0,3.0,4.0,3.0,3.0,4.0,3.0,4.0,3.0,1.0,1973.0,1.0,2.0,공공,2.0,,3.6666666666666665,3.6,4.0,3.6,3.5,3.4
2.0,2.0,4.0,3.0,1.0,2.0,2.0,2.0,2.0,2.0,2.0,2.0,2.0,2.0,2.0,3.0,3.0,2.0,2.0,3.0,3.0,2.0,3.0,4.0,2.0,3.0,2.0,3.0,4.0,2.0,1987.0,8.0,2.0,공공,1.0,,2.3333333333333335,2.0,2.0,2.6,3.0,2.8
4.0,2.0,3.0,3.0,1.0,4.0,1.0,1.0,1.0,2.0,2.0,4.0,3.0,3.0,3.0,2.0,2.0,3.0,2.0,2.0,4.0,5.0,4.0,4.0,2.0,2.0,2.0,1.0,1.0,1.0,1970.0,6.0,2.0,공공,1.0,,2.8333333333333335,1.4,3.25,2.2,4.25,1.6
2.0,2.0,3.0,1.0,1.0,1.0,1.0,1.0,1.0,5.0,1.0,1.0,1.0,2.0,2.0,5.0,5.0,5.0,5.0,5.0,4.0,2.0,2.0,2.0,2.0,1.0,4.0,3.0,4.0,1.0,1968.0,9.0,2.0,공공,2.0,,1.6666666666666667,1.8,1.5,5.0,2.5,2.8
4.0,4.0,4.0,4.0,4.0,3.0,1.0,1.0,1.0,1.0,1.0,1.0,1.0,2.0,2.0,3.0,3.0,2.0,3.0,3.0,3.0,3.0,3.0,3.0,2.0,1.0,2.0,4.0,2.0,1.0,1983.0,10.0,2.0,공공,1.0,,3.8333333333333335,1.0,1.5,2.8,3.0,2.2
3.0,3.0,1.0,2.0,2.0,2.0,1.0,1.0,1.0,1.0,1.0,4.0,4.0,4.0,4.0,3.0,3.0,4.0,2.0,2.0,4.0,4.0,4.0,4.0,3.0,4.0,4.0,4.0,2.0,1.0,1969.0,1.0,2.0,공공,1.0,,2.1666666666666665,1.0,4.0,2.8,4.0,3.4
5.0,5.0,4.0,4.0,5.0,5.0,4.0,2.0,4.0,4.0,2.0,4.0,4.0,5.0,5.0,5.0,4.0,4.0,4.0,4.0,5.0,5.0,5.0,5.0,2.0,2.0,3.0,2.0,2.0,1.0,1972.0,8.0,2.0,공공,1.0,,4.666666666666667,3.2,4.5,4.2,5.0,2.2
4.0,4.0,2.0,3.0,3.0,4.0,3.0,3.0,4.0,4.0,4.0,4.0,4.0,4.0,4.0,3.0,3.0,3.0,4.0,3.0,4.0,4.0,4.0,4.0,2.0,3.0,3.0,2.0,2.0,2.0,1986.0,6.0,2.0,공공,1.0,,3.3333333333333335,3.6,4.0,3.2,4.0,2.4
4.0,3.0,2.0,4.0,4.0,5.0,1.0,2.0,3.0,3.0,2.0,4.0,5.0,4.0,3.0,2.0,2.0,2.0,2.0,3.0,4.0,4.0,4.0,3.0,2.0,2.0,3.0,2.0,2.0,1.0,1979.0,3.0,2.0,공공,2.0,,3.6666666666666665,2.2,4.0,2.2,3.75,2.2
4.0,4.0,4.0,2.0,3.0,4.0,1.0,1.0,3.0,1.0,2.0,2.0,3.0,2.0,3.0,2.0,1.0,1.0,2.0,2.0,4.0,3.0,3.0,3.0,3.0,4.0,3.0,4.0,3.0,1.0,1978.0,5.0,2.0,공공,2.0,,3.5,1.6,2.5,1.6,3.25,3.4
4.0,3.0,4.0,3.0,2.0,4.0,2.0,3.0,3.0,4.0,2.0,3.0,4.0,4.0,5.0,4.0,4.0,3.0,3.0,4.0,5.0,5.0,4.0,3.0,2.0,4.0,3.0,4.0,2.0,2.0,1985.0,11.0,2.0,공공,2.0,,3.3333333333333335,2.8,4.0,3.6,4.25,3.0
4.0,3.0,5.0,3.0,4.0,3.0,4.0,4.0,4.0,5.0,5.0,4.0,5.0,4.0,4.0,5.0,5.0,5.0,3.0,4.0,4.0,5.0,4.0,4.0,5.0,5.0,5.0,1.0,1.0,1.0,1976.0,9.0,2.0,공공,2.0,,3.6666666666666665,4.4,4.25,4.4,4.25,3.4
2.0,4.0,4.0,3.0,3.0,2.0,1.0,4.0,3.0,4.0,3.0,4.0,5.0,3.0,4.0,4.0,4.0,4.0,4.0,4.0,5.0,5.0,4.0,4.0,3.0,3.0,3.0,4.0,3.0,2.0,1990.0,6.0,2.0,공공,1.0,,3.0,3.0,4.0,4.0,4.5,3.2
4.0,3.0,2.0,3.0,4.0,5.0,1.0,1.0,3.0,2.0,2.0,2.0,2.0,1.0,3.0,3.0,4.0,4.0,4.0,4.0,5.0,3.0,2.0,3.0,2.0,2.0,4.0,1.0,2.0,2.0,1990.0,13.0,2.0,공공,2.0,,3.5,1.8,2.0,3.8,3.25,2.2
2.0,3.0,2.0,2.0,2.0,3.0,2.0,1.0,4.0,3.0,2.0,2.0,4.0,3.0,3.0,2.0,3.0,2.0,2.0,2.0,4.0,4.0,4.0,4.0,2.0,2.0,3.0,2.0,3.0,1.0,1972.0,3.0,2.0,공공,1.0,,2.3333333333333335,2.4,3.0,2.2,4.0,2.4
3.0,3.0,4.0,4.0,4.0,4.0,2.0,3.0,3.0,3.0,3.0,3.0,4.0,4.0,4.0,3.0,3.0,3.0,3.0,3.0,4.0,5.0,4.0,5.0,4.0,4.0,4.0,4.0,4.0,2.0,1983.0,2.0,2.0,공공,2.0,,3.6666666666666665,2.8,3.75,3.0,4.5,4.0
3.0,3.0,4.0,4.0,3.0,4.0,4.0,5.0,3.0,5.0,3.0,5.0,4.0,4.0,5.0,4.0,5.0,5.0,5.0,5.0,3.0,4.0,4.0,5.0,1.0,1.0,1.0,2.0,1.0,1.0,1979.0,2.0,2.0,공공,2.0,,3.5,4.0,4.5,4.8,4.0,1.2
2.0,2.0,2.0,1.0,3.0,5.0,2.0,2.0,3.0,1.0,1.0,1.0,4.0,3.0,2.0,1.0,1.0,1.0,1.0,2.0,4.0,4.0,3.0,3.0,2.0,3.0,3.0,3.0,3.0,1.0,1987.0,17.0,2.0,공공,2.0,,2.5,1.8,2.5,1.2,3.5,2.8
4.0,4.0,3.0,3.0,4.0,4.0,3.0,4.0,3.0,4.0,3.0,3.0,3.0,3.0,3.0,4.0,3.0,4.0,3.0,3.0,4.0,4.0,4.0,4.0,2.0,3.0,4.0,4.0,3.0,1.0,1978.0,14.0,2.0,공공,2.0,,3.6666666666666665,3.4,3.0,3.4,4.0,3.2
4.0,4.0,1.0,2.0,4.0,4.0,3.0,4.0,3.0,4.0,4.0,2.0,5.0,5.0,4.0,4.0,4.0,3.0,2.0,3.0,4.0,2.0,4.0,4.0,3.0,4.0,2.0,3.0,4.0,1.0,1996.0,8.0,2.0,공공,1.0,,3.1666666666666665,3.6,4.0,3.2,3.5,3.2
2.0,2.0,2.0,4.0,3.0,1.0,2.0,2.0,4.0,4.0,4.0,3.0,5.0,5.0,5.0,4.0,4.0,4.0,4.0,4.0,5.0,4.0,4.0,4.0,1.0,1.0,2.0,2.0,1.0,1.0,1995.0,5.0,2.0,공공,2.0,,2.3333333333333335,3.2,4.5,4.0,4.25,1.4
5.0,4.0,3.0,1.0,2.0,4.0,1.0,1.0,2.0,3.0,3.0,3.0,3.0,3.0,3.0,4.0,4.0,3.0,3.0,3.0,4.0,5.0,4.0,4.0,4.0,4.0,4.0,5.0,4.0,1.0,1979.0,16.0,2.0,공공,2.0,,3.1666666666666665,2.0,3.0,3.4,4.25,4.2
5.0,3.0,4.0,5.0,5.0,5.0,3.0,3.0,3.0,3.0,3.0,4.0,4.0,4.0,5.0,4.0,4.0,4.0,4.0,4.0,4.0,4.0,4.0,4.0,1.0,1.0,1.0,1.0,1.0,1.0,1978.0,16.0,2.0,공공,2.0,,4.5,3.0,4.25,4.0,4.0,1.0
4.0,4.0,4.0,3.0,2.0,4.0,1.0,1.0,3.0,2.0,2.0,3.0,3.0,2.0,2.0,2.0,2.0,2.0,4.0,2.0,2.0,4.0,4.0,4.0,2.0,2.0,4.0,1.0,1.0,2.0,1995.0,9.0,2.0,공공,2.0,,3.5,1.8,2.5,2.4,3.5,2.0
3.0,4.0,2.0,4.0,4.0,4.0,2.0,3.0,2.0,2.0,3.0,2.0,4.0,3.0,4.0,4.0,4.0,3.0,3.0,4.0,4.0,4.0,4.0,3.0,1.0,2.0,4.0,2.0,2.0,1.0,1987.0,8.0,2.0,공공,1.0,,3.5,2.4,3.25,3.6,3.75,2.2
4.0,3.0,3.0,4.0,4.0,4.0,3.0,3.0,3.0,3.0,3.0,4.0,4.0,3.0,3.0,4.0,3.0,3.0,3.0,4.0,4.0,4.0,4.0,4.0,3.0,4.0,4.0,3.0,3.0,1.0,1975.0,1.0,2.0,공공,2.0,,3.6666666666666665,3.0,3.5,3.4,4.0,3.4
4.0,4.0,3.0,3.0,3.0,4.0,3.0,2.0,3.0,2.0,2.0,3.0,3.0,3.0,3.0,2.0,3.0,3.0,2.0,3.0,2.0,1.0,3.0,2.0,1.0,1.0,1.0,1.0,1.0,2.0,1985.0,8.0,2.0,공공,1.0,,3.5,2.4,3.0,2.6,2.0,1.0
3.0,3.0,3.0,3.0,3.0,3.0,5.0,4.0,5.0,4.0,5.0,5.0,5.0,5.0,5.0,5.0,5.0,5.0,5.0,5.0,4.0,4.0,4.0,2.0,4.0,4.0,4.0,4.0,4.0,1.0,1985.0,8.0,2.0,공공,1.0,,3.0,4.6,5.0,5.0,3.5,4.0
4.0,4.0,3.0,4.0,5.0,3.0,3.0,3.0,4.0,4.0,4.0,4.0,4.0,4.0,3.0,4.0,5.0,4.0,4.0,4.0,5.0,4.0,5.0,5.0,4.0,3.0,4.0,4.0,5.0,1.0,1976.0,6.0,2.0,공공,1.0,,3.8333333333333335,3.6,3.75,4.2,4.75,4.0
1.0,1.0,3.0,1.0,1.0,1.0,1.0,1.0,1.0,1.0,1.0,2.0,3.0,3.0,3.0,1.0,1.0,3.0,1.0,1.0,4.0,3.0,3.0,3.0,1.0,1.0,1.0,2.0,1.0,1.0,1990.0,4.0,2.0,공공,2.0,,1.3333333333333333,1.0,2.75,1.4,3.25,1.2
1.0,2.0,1.0,3.0,2.0,2.0,1.0,3.0,3.0,2.0,3.0,3.0,3.0,4.0,3.0,4.0,3.0,4.0,4.0,4.0,5.0,4.0,4.0,4.0,2.0,3.0,4.0,1.0,3.0,1.0,1988.0,15.0,2.0,공공,1.0,,1.8333333333333333,2.4,3.25,3.8,4.25,2.6
4.0,2.0,4.0,5.0,4.0,4.0,1.0,1.0,1.0,1.0,1.0,1.0,4.0,4.0,4.0,3.0,3.0,3.0,3.0,3.0,5.0,4.0,4.0,1.0,2.0,2.0,5.0,5.0,5.0,1.0,1980.0,11.0,2.0,공공,2.0,,3.8333333333333335,1.0,3.25,3.0,3.5,3.8
5.0,4.0,5.0,5.0,5.0,5.0,3.0,3.0,3.0,4.0,3.0,3.0,3.0,4.0,4.0,3.0,4.0,4.0,3.0,3.0,5.0,5.0,5.0,5.0,2.0,2.0,4.0,2.0,1.0,1.0,1965.0,15.0,2.0,공공,2.0,,4.833333333333333,3.2,3.5,3.4,5.0,2.2
4.0,3.0,4.0,3.0,4.0,4.0,3.0,2.0,4.0,3.0,3.0,3.0,3.0,4.0,3.0,4.0,4.0,4.0,4.0,3.0,4.0,4.0,4.0,4.0,2.0,2.0,2.0,3.0,3.0,1.0,1968.0,9.0,2.0,공공,1.0,,3.6666666666666665,3.0,3.25,3.8,4.0,2.4
4.0,3.0,3.0,2.0,2.0,4.0,1.0,1.0,2.0,1.0,1.0,1.0,3.0,2.0,3.0,1.0,1.0,1.0,1.0,1.0,5.0,4.0,2.0,3.0,2.0,2.0,2.0,3.0,1.0,2.0,1976.0,15.0,2.0,공공,2.0,,3.0,1.2,2.25,1.0,3.5,2.0
4.0,3.0,4.0,4.0,4.0,5.0,3.0,2.0,4.0,3.0,3.0,3.0,4.0,4.0,3.0,3.0,2.0,2.0,3.0,2.0,4.0,3.0,3.0,3.0,3.0,3.0,4.0,3.0,3.0,1.0,1978.0,14.0,2.0,공공,2.0,,4.0,3.0,3.5,2.4,3.25,3.2
4.0,3.0,2.0,4.0,3.0,3.0,2.0,2.0,3.0,3.0,3.0,4.0,4.0,3.0,3.0,2.0,3.0,4.0,4.0,3.0,4.0,4.0,4.0,4.0,3.0,3.0,2.0,4.0,2.0,1.0,1965.0,9.0,2.0,공공,1.0,,3.1666666666666665,2.6,3.5,3.2,4.0,2.8
1.0,1.0,1.0,1.0,1.0,4.0,1.0,1.0,2.0,1.0,1.0,1.0,3.0,2.0,1.0,1.0,1.0,1.0,1.0,1.0,4.0,4.0,3.0,4.0,1.0,1.0,1.0,1.0,1.0,2.0,1980.0,9.0,2.0,공공,2.0,,1.5,1.2,1.75,1.0,3.75,1.0
4.0,4.0,2.0,4.0,4.0,4.0,4.0,3.0,4.0,3.0,3.0,3.0,3.0,3.0,3.0,4.0,4.0,4.0,4.0,4.0,3.0,3.0,4.0,4.0,3.0,4.0,3.0,3.0,2.0,2.0,1980.0,4.0,2.0,공공,2.0,,3.6666666666666665,3.4,3.0,4.0,3.5,3.0
2.0,4.0,4.0,3.0,3.0,4.0,1.0,1.0,4.0,3.0,2.0,1.0,5.0,4.0,4.0,1.0,1.0,2.0,3.0,1.0,5.0,5.0,4.0,5.0,2.0,4.0,5.0,2.0,2.0,2.0,1988.0,4.0,2.0,공공,1.0,,3.3333333333333335,2.2,3.5,1.6,4.75,3.0
4.0,4.0,4.0,4.0,5.0,5.0,4.0,4.0,4.0,4.0,4.0,4.0,5.0,3.0,4.0,4.0,4.0,3.0,3.0,4.0,5.0,5.0,5.0,5.0,5.0,5.0,5.0,4.0,4.0,1.0,1985.0,6.0,2.0,공공,2.0,,4.333333333333333,4.0,4.0,3.6,5.0,4.6
1.0,3.0,5.0,5.0,4.0,3.0,4.0,5.0,5.0,5.0,4.0,5.0,5.0,4.0,5.0,5.0,5.0,5.0,5.0,5.0,3.0,5.0,5.0,5.0,4.0,5.0,4.0,2.0,1.0,1.0,1983.0,1.0,2.0,공공,2.0,,3.5,4.6,4.75,5.0,4.5,3.2
4.0,3.0,4.0,3.0,4.0,4.0,2.0,3.0,3.0,4.0,4.0,4.0,4.0,3.0,3.0,4.0,4.0,4.0,4.0,4.0,4.0,4.0,4.0,4.0,3.0,3.0,4.0,4.0,2.0,1.0,1991.0,4.0,2.0,공공,1.0,,3.6666666666666665,3.2,3.5,4.0,4.0,3.2
2.0,4.0,4.0,4.0,4.0,5.0,3.0,4.0,3.0,3.0,2.0,4.0,4.0,3.0,3.0,4.0,3.0,4.0,4.0,3.0,4.0,4.0,4.0,4.0,2.0,2.0,2.0,1.0,1.0,2.0,1976.0,2.0,2.0,공공,2.0,,3.8333333333333335,3.0,3.5,3.6,4.0,1.6
4.0,3.0,2.0,4.0,3.0,3.0,3.0,2.0,3.0,3.0,3.0,4.0,3.0,4.0,4.0,3.0,3.0,3.0,3.0,3.0,5.0,4.0,3.0,3.0,2.0,4.0,3.0,2.0,3.0,2.0,1981.0,12.0,2.0,공공,1.0,,3.1666666666666665,2.8,3.75,3.0,3.75,2.8
3.0,2.0,5.0,5.0,5.0,4.0,3.0,3.0,3.0,2.0,2.0,5.0,5.0,5.0,5.0,4.0,4.0,4.0,4.0,4.0,5.0,5.0,5.0,5.0,4.0,4.0,4.0,2.0,2.0,1.0,1983.0,14.0,2.0,공공,1.0,,4.0,2.6,5.0,4.0,5.0,3.2
4.0,2.0,4.0,4.0,4.0,4.0,3.0,3.0,3.0,3.0,3.0,3.0,4.0,4.0,4.0,3.0,4.0,4.0,3.0,4.0,5.0,5.0,5.0,5.0,1.0,2.0,4.0,2.0,2.0,1.0,1990.0,1.0,2.0,공공,1.0,,3.6666666666666665,3.0,3.75,3.6,5.0,2.2
2.0,1.0,1.0,3.0,2.0,2.0,2.0,3.0,4.0,4.0,4.0,4.0,5.0,3.0,3.0,4.0,4.0,4.0,4.0,4.0,5.0,5.0,4.0,5.0,4.0,4.0,4.0,3.0,2.0,1.0,1984.0,1.0,2.0,공공,2.0,,1.8333333333333333,3.4,3.75,4.0,4.75,3.4
4.0,3.0,4.0,4.0,4.0,4.0,2.0,2.0,4.0,4.0,3.0,4.0,4.0,3.0,4.0,4.0,4.0,3.0,2.0,3.0,2.0,3.0,4.0,4.0,2.0,4.0,4.0,4.0,2.0,2.0,1979.0,9.0,2.0,공공,2.0,,3.8333333333333335,3.0,3.75,3.2,3.25,3.2
5.0,5.0,5.0,5.0,5.0,3.0,4.0,3.0,2.0,5.0,5.0,2.0,5.0,5.0,5.0,2.0,3.0,4.0,4.0,4.0,4.0,4.0,5.0,5.0,2.0,2.0,4.0,4.0,4.0,1.0,1980.0,16.0,2.0,공공,2.0,,4.666666666666667,3.8,4.25,3.4,4.5,3.2
4.0,4.0,5.0,3.0,3.0,3.0,4.0,2.0,2.0,4.0,4.0,4.0,5.0,5.0,4.0,4.0,4.0,4.0,4.0,4.0,4.0,5.0,4.0,4.0,2.0,3.0,3.0,4.0,4.0,1.0,1986.0,4.0,2.0,공공,1.0,,3.6666666666666665,3.2,4.5,4.0,4.25,3.2
3.0,2.0,4.0,2.0,2.0,4.0,1.0,2.0,1.0,2.0,3.0,3.0,3.0,2.0,3.0,2.0,3.0,3.0,2.0,3.0,4.0,4.0,4.0,4.0,1.0,1.0,1.0,1.0,1.0,2.0,1977.0,3.0,2.0,공공,2.0,,2.8333333333333335,1.8,2.75,2.6,4.0,1.0
4.0,2.0,5.0,5.0,5.0,4.0,1.0,4.0,2.0,5.0,4.0,3.0,5.0,4.0,4.0,4.0,3.0,4.0,4.0,4.0,5.0,4.0,4.0,4.0,2.0,2.0,2.0,2.0,2.0,1.0,1982.0,9.0,2.0,공공,2.0,,4.166666666666667,3.2,4.0,3.8,4.25,2.0
1.0,3.0,4.0,3.0,4.0,4.0,2.0,2.0,2.0,1.0,2.0,2.0,3.0,2.0,3.0,2.0,3.0,3.0,2.0,3.0,4.0,4.0,4.0,4.0,2.0,3.0,2.0,3.0,2.0,1.0,1983.0,9.0,2.0,공공,1.0,,3.1666666666666665,1.8,2.5,2.6,4.0,2.4
3.0,3.0,4.0,3.0,4.0,4.0,4.0,4.0,3.0,4.0,3.0,4.0,4.0,4.0,4.0,4.0,4.0,4.0,4.0,4.0,4.0,4.0,4.0,4.0,2.0,2.0,2.0,3.0,3.0,1.0,1981.0,1.0,2.0,공공,2.0,,3.5,3.6,4.0,4.0,4.0,2.4
1.0,1.0,3.0,3.0,1.0,3.0,2.0,5.0,3.0,3.0,2.0,4.0,5.0,1.0,2.0,4.0,5.0,4.0,3.0,4.0,5.0,5.0,5.0,5.0,1.0,4.0,1.0,2.0,4.0,2.0,1989.0,9.0,2.0,공공,1.0,,2.0,3.0,3.0,4.0,5.0,2.4
4.0,3.0,4.0,3.0,3.0,4.0,3.0,2.0,3.0,3.0,3.0,4.0,4.0,4.0,3.0,3.0,2.0,2.0,2.0,3.0,4.0,4.0,3.0,4.0,2.0,3.0,4.0,4.0,3.0,1.0,1980.0,13.0,2.0,공공,1.0,,3.5,2.8,3.75,2.4,3.75,3.2
2.0,4.0,3.0,3.0,4.0,4.0,2.0,2.0,3.0,2.0,2.0,2.0,4.0,4.0,4.0,2.0,2.0,2.0,2.0,2.0,4.0,4.0,4.0,4.0,4.0,4.0,4.0,2.0,2.0,2.0,1975.0,15.0,2.0,공공,2.0,,3.3333333333333335,2.2,3.5,2.0,4.0,3.2
3.0,2.0,2.0,5.0,5.0,5.0,2.0,3.0,3.0,3.0,3.0,5.0,5.0,5.0,5.0,4.0,4.0,3.0,4.0,5.0,4.0,4.0,5.0,5.0,4.0,4.0,4.0,4.0,5.0,1.0,1977.0,4.0,2.0,공공,2.0,,3.6666666666666665,2.8,5.0,4.0,4.5,4.2
3.0,2.0,3.0,1.0,3.0,3.0,2.0,2.0,2.0,3.0,3.0,3.0,3.0,3.0,3.0,2.0,2.0,2.0,2.0,2.0,3.0,3.0,3.0,3.0,3.0,3.0,3.0,3.0,3.0,2.0,1980.0,16.0,2.0,공공,2.0,,2.5,2.4,3.0,2.0,3.0,3.0
2.0,3.0,3.0,2.0,1.0,2.0,2.0,2.0,2.0,3.0,2.0,2.0,3.0,3.0,3.0,2.0,2.0,3.0,5.0,5.0,2.0,2.0,2.0,2.0,1.0,1.0,1.0,5.0,2.0,1.0,1979.0,1.0,2.0,공공,2.0,,2.1666666666666665,2.2,2.75,3.4,2.0,2.0
5.0,2.0,5.0,3.0,4.0,5.0,2.0,5.0,4.0,5.0,4.0,5.0,5.0,5.0,5.0,5.0,5.0,5.0,5.0,5.0,5.0,5.0,5.0,5.0,1.0,2.0,2.0,4.0,2.0,1.0,1988.0,1.0,2.0,공공,2.0,,4.0,4.0,5.0,5.0,5.0,2.2
4.0,4.0,2.0,2.0,3.0,4.0,2.0,2.0,4.0,2.0,2.0,4.0,4.0,3.0,2.0,4.0,4.0,3.0,4.0,4.0,2.0,2.0,3.0,4.0,2.0,2.0,4.0,4.0,4.0,2.0,1993.0,8.0,2.0,공공,1.0,,3.1666666666666665,2.4,3.25,3.8,2.75,3.2
2.0,3.0,2.0,3.0,3.0,4.0,2.0,2.0,4.0,3.0,2.0,3.0,4.0,4.0,4.0,3.0,2.0,3.0,4.0,2.0,4.0,4.0,4.0,4.0,2.0,3.0,4.0,4.0,2.0,1.0,1981.0,1.0,2.0,공공,1.0,,2.8333333333333335,2.6,3.75,2.8,4.0,3.0
2.0,3.0,4.0,4.0,3.0,5.0,2.0,2.0,2.0,2.0,2.0,4.0,4.0,2.0,2.0,2.0,1.0,1.0,1.0,2.0,5.0,5.0,5.0,5.0,3.0,4.0,2.0,2.0,2.0,2.0,1987.0,6.0,2.0,공공,2.0,,3.5,2.0,3.0,1.4,5.0,2.6
3.0,2.0,1.0,2.0,2.0,4.0,1.0,1.0,3.0,2.0,1.0,3.0,4.0,4.0,3.0,2.0,3.0,2.0,2.0,4.0,3.0,3.0,3.0,3.0,2.0,1.0,2.0,3.0,1.0,1.0,1989.0,8.0,2.0,공공,1.0,,2.3333333333333335,1.6,3.5,2.6,3.0,1.8
1.0,2.0,1.0,2.0,4.0,2.0,2.0,4.0,3.0,4.0,4.0,4.0,3.0,2.0,4.0,4.0,4.0,5.0,2.0,3.0,5.0,3.0,2.0,3.0,4.0,4.0,4.0,2.0,4.0,2.0,1986.0,3.0,2.0,공공,2.0,,2.0,3.4,3.25,3.6,3.25,3.6
4.0,4.0,3.0,3.0,4.0,4.0,2.0,2.0,2.0,2.0,2.0,2.0,2.0,2.0,2.0,2.0,2.0,2.0,2.0,2.0,3.0,3.0,2.0,3.0,4.0,5.0,4.0,3.0,4.0,1.0,1981.0,2.0,2.0,공공,2.0,,3.6666666666666665,2.0,2.0,2.0,2.75,4.0
4.0,2.0,2.0,4.0,5.0,5.0,1.0,1.0,5.0,2.0,1.0,4.0,4.0,2.0,4.0,2.0,5.0,3.0,5.0,5.0,3.0,3.0,5.0,4.0,3.0,4.0,5.0,1.0,2.0,2.0,1999.0,4.0,2.0,공공,1.0,,3.6666666666666665,2.0,3.5,4.0,3.75,3.0
4.0,2.0,4.0,4.0,4.0,3.0,2.0,4.0,4.0,2.0,2.0,3.0,3.0,2.0,3.0,3.0,4.0,4.0,2.0,4.0,4.0,3.0,4.0,4.0,3.0,4.0,4.0,4.0,2.0,2.0,1991.0,10.0,2.0,공공,2.0,,3.5,2.8,2.75,3.4,3.75,3.4
1.0,1.0,1.0,1.0,1.0,1.0,1.0,1.0,1.0,1.0,1.0,1.0,1.0,1.0,1.0,3.0,3.0,3.0,3.0,3.0,5.0,5.0,3.0,3.0,1.0,1.0,1.0,1.0,1.0,1.0,1976.0,3.0,2.0,공공,2.0,,1.0,1.0,1.0,3.0,4.0,1.0
4.0,3.0,1.0,3.0,4.0,4.0,1.0,4.0,3.0,1.0,2.0,4.0,4.0,2.0,2.0,3.0,2.0,3.0,3.0,1.0,3.0,3.0,4.0,4.0,2.0,2.0,4.0,4.0,2.0,2.0,1983.0,9.0,2.0,공공,2.0,,3.1666666666666665,2.2,3.0,2.4,3.5,2.8
4.0,4.0,3.0,2.0,4.0,4.0,2.0,1.0,2.0,2.0,2.0,2.0,2.0,2.0,2.0,4.0,4.0,1.0,2.0,1.0,5.0,5.0,3.0,4.0,4.0,4.0,4.0,3.0,1.0,1.0,1977.0,1.0,2.0,공공,2.0,,3.5,1.8,2.0,2.4,4.25,3.2
3.0,2.0,2.0,4.0,3.0,3.0,1.0,3.0,3.0,4.0,3.0,3.0,3.0,3.0,3.0,3.0,3.0,3.0,3.0,3.0,5.0,4.0,4.0,4.0,3.0,3.0,4.0,2.0,3.0,1.0,1985.0,9.0,2.0,공공,1.0,,2.8333333333333335,2.8,3.0,3.0,4.25,3.0
1.0,2.0,4.0,3.0,2.0,2.0,3.0,3.0,3.0,3.0,2.0,3.0,3.0,3.0,3.0,2.0,3.0,3.0,2.0,2.0,4.0,3.0,3.0,3.0,2.0,2.0,2.0,2.0,2.0,2.0,1981.0,1.0,2.0,공공,1.0,,2.3333333333333335,2.8,3.0,2.4,3.25,2.0
4.0,4.0,2.0,4.0,3.0,4.0,2.0,2.0,3.0,2.0,2.0,4.0,4.0,3.0,3.0,3.0,4.0,3.0,3.0,3.0,4.0,3.0,3.0,3.0,3.0,3.0,3.0,4.0,3.0,2.0,1993.0,9.0,2.0,공공,2.0,,3.5,2.2,3.5,3.2,3.25,3.2
4.0,3.0,2.0,2.0,4.0,2.0,4.0,2.0,2.0,3.0,4.0,4.0,4.0,2.0,4.0,2.0,4.0,2.0,2.0,4.0,2.0,3.0,2.0,4.0,4.0,4.0,2.0,2.0,3.0,1.0,1979.0,15.0,2.0,공공,2.0,,2.8333333333333335,3.0,3.5,2.8,2.75,3.0
2.0,4.0,2.0,4.0,3.0,4.0,3.0,4.0,4.0,3.0,3.0,4.0,4.0,3.0,4.0,3.0,4.0,3.0,3.0,4.0,3.0,3.0,3.0,4.0,3.0,3.0,2.0,2.0,2.0,2.0,1985.0,1.0,2.0,공공,2.0,,3.1666666666666665,3.4,3.75,3.4,3.25,2.4
4.0,4.0,2.0,4.0,3.0,4.0,3.0,4.0,2.0,4.0,2.0,3.0,4.0,4.0,4.0,4.0,4.0,4.0,4.0,4.0,4.0,4.0,4.0,3.0,3.0,4.0,4.0,3.0,4.0,1.0,1986.0,12.0,2.0,공공,2.0,,3.5,3.0,3.75,4.0,3.75,3.6
4.0,4.0,1.0,4.0,4.0,3.0,3.0,3.0,4.0,5.0,4.0,4.0,5.0,4.0,4.0,4.0,4.0,5.0,4.0,4.0,5.0,5.0,5.0,5.0,3.0,3.0,2.0,4.0,2.0,2.0,1983.0,15.0,2.0,공공,2.0,,3.3333333333333335,3.8,4.25,4.2,5.0,2.8
2.0,3.0,1.0,3.0,3.0,3.0,3.0,3.0,3.0,2.0,2.0,2.0,3.0,3.0,3.0,2.0,3.0,4.0,2.0,2.0,3.0,3.0,2.0,3.0,3.0,2.0,3.0,3.0,2.0,1.0,1977.0,9.0,2.0,공공,1.0,,2.5,2.6,2.75,2.6,2.75,2.6
4.0,3.0,2.0,4.0,4.0,4.0,4.0,4.0,4.0,2.0,2.0,2.0,4.0,3.0,4.0,4.0,5.0,4.0,4.0,4.0,4.0,4.0,4.0,5.0,3.0,3.0,4.0,4.0,4.0,2.0,1989.0,16.0,2.0,공공,2.0,,3.5,3.2,3.25,4.2,4.25,3.6
3.0,5.0,2.0,4.0,4.0,4.0,3.0,2.0,3.0,3.0,3.0,3.0,4.0,4.0,3.0,4.0,4.0,4.0,3.0,3.0,5.0,5.0,5.0,5.0,1.0,3.0,4.0,3.0,2.0,2.0,1975.0,9.0,2.0,공공,1.0,,3.6666666666666665,2.8,3.5,3.6,5.0,2.6
4.0,3.0,2.0,4.0,3.0,4.0,3.0,3.0,3.0,3.0,3.0,3.0,4.0,3.0,3.0,3.0,2.0,3.0,4.0,3.0,4.0,4.0,3.0,3.0,2.0,2.0,2.0,2.0,2.0,1.0,1977.0,1.0,2.0,공공,2.0,,3.3333333333333335,3.0,3.25,3.0,3.5,2.0
4.0,4.0,4.0,4.0,4.0,4.0,2.0,2.0,3.0,2.0,2.0,3.0,4.0,4.0,3.0,3.0,3.0,3.0,3.0,3.0,5.0,5.0,4.0,4.0,2.0,3.0,3.0,2.0,2.0,1.0,1973.0,9.0,2.0,공공,2.0,,4.0,2.2,3.5,3.0,4.5,2.4
3.0,3.0,4.0,3.0,3.0,4.0,1.0,1.0,2.0,3.0,3.0,3.0,4.0,5.0,5.0,3.0,3.0,2.0,2.0,2.0,4.0,4.0,4.0,4.0,2.0,2.0,2.0,2.0,2.0,1.0,1973.0,9.0,2.0,공공,1.0,,3.3333333333333335,2.0,4.25,2.4,4.0,2.0
4.0,5.0,3.0,3.0,4.0,5.0,3.0,3.0,3.0,5.0,4.0,4.0,5.0,3.0,5.0,5.0,5.0,5.0,5.0,5.0,5.0,5.0,5.0,5.0,2.0,3.0,4.0,5.0,2.0,2.0,1987.0,8.0,2.0,공공,1.0,,4.0,3.6,4.25,5.0,5.0,3.2
5.0,3.0,5.0,5.0,5.0,5.0,1.0,1.0,1.0,2.0,1.0,3.0,3.0,3.0,3.0,4.0,3.0,3.0,3.0,3.0,4.0,4.0,5.0,5.0,1.0,2.0,4.0,1.0,1.0,1.0,1977.0,17.0,2.0,공공,2.0,,4.666666666666667,1.2,3.0,3.2,4.5,1.8
3.0,4.0,3.0,3.0,3.0,4.0,1.0,1.0,1.0,2.0,2.0,2.0,3.0,3.0,3.0,3.0,3.0,3.0,3.0,3.0,3.0,3.0,3.0,3.0,3.0,3.0,3.0,3.0,3.0,1.0,1979.0,13.0,2.0,공공,2.0,,3.3333333333333335,1.4,2.75,3.0,3.0,3.0
2.0,3.0,2.0,5.0,5.0,5.0,2.0,3.0,4.0,4.0,5.0,4.0,3.0,3.0,4.0,4.0,4.0,4.0,5.0,5.0,4.0,4.0,3.0,4.0,2.0,2.0,2.0,3.0,1.0,1.0,1977.0,9.0,2.0,공공,2.0,,3.6666666666666665,3.6,3.5,4.4,3.75,2.0
2.0,4.0,5.0,3.0,3.0,4.0,3.0,3.0,3.0,3.0,1.0,2.0,2.0,3.0,3.0,4.0,4.0,4.0,4.0,4.0,3.0,4.0,3.0,3.0,5.0,5.0,5.0,5.0,5.0,1.0,1987.0,9.0,2.0,공공,1.0,,3.5,2.6,2.5,4.0,3.25,5.0
3.0,2.0,2.0,2.0,2.0,3.0,1.0,3.0,1.0,1.0,1.0,3.0,4.0,4.0,3.0,4.0,4.0,3.0,4.0,3.0,5.0,4.0,4.0,4.0,3.0,3.0,3.0,5.0,3.0,1.0,1988.0,13.0,2.0,공공,2.0,,2.3333333333333335,1.4,3.5,3.6,4.25,3.4
4.0,4.0,4.0,3.0,3.0,4.0,3.0,3.0,3.0,4.0,2.0,4.0,4.0,2.0,2.0,4.0,3.0,2.0,3.0,3.0,3.0,3.0,3.0,3.0,1.0,1.0,1.0,1.0,1.0,1.0,1988.0,12.0,2.0,공공,2.0,,3.6666666666666665,3.0,3.0,3.0,3.0,1.0
4.0,4.0,4.0,4.0,4.0,5.0,2.0,4.0,4.0,4.0,4.0,4.0,4.0,4.0,4.0,4.0,4.0,4.0,3.0,4.0,4.0,4.0,5.0,5.0,2.0,2.0,1.0,4.0,2.0,1.0,1978.0,13.0,2.0,공공,2.0,,4.166666666666667,3.6,4.0,3.8,4.5,2.2
5.0,4.0,3.0,2.0,3.0,5.0,3.0,1.0,1.0,1.0,2.0,2.0,4.0,3.0,3.0,1.0,1.0,1.0,1.0,1.0,5.0,5.0,4.0,5.0,5.0,5.0,5.0,5.0,5.0,1.0,1988.0,15.0,2.0,공공,2.0,,3.6666666666666665,1.6,3.0,1.0,4.75,5.0
1.0,3.0,3.0,1.0,1.0,2.0,1.0,1.0,3.0,3.0,1.0,1.0,5.0,4.0,4.0,3.0,4.0,2.0,2.0,2.0,2.0,1.0,4.0,4.0,4.0,4.0,5.0,5.0,4.0,1.0,1988.0,1.0,2.0,공공,1.0,,1.8333333333333333,1.8,3.5,2.6,2.75,4.4
2.0,3.0,2.0,2.0,2.0,2.0,3.0,3.0,2.0,3.0,3.0,2.0,3.0,3.0,2.0,2.0,3.0,3.0,3.0,3.0,3.0,2.0,3.0,3.0,3.0,3.0,3.0,3.0,3.0,1.0,1985.0,16.0,2.0,공공,2.0,,2.1666666666666665,2.8,2.5,2.8,2.75,3.0
4.0,4.0,4.0,4.0,4.0,4.0,3.0,3.0,2.0,3.0,2.0,2.0,3.0,2.0,2.0,3.0,3.0,3.0,2.0,2.0,1.0,4.0,4.0,4.0,3.0,3.0,4.0,3.0,3.0,2.0,1973.0,1.0,2.0,공공,2.0,,4.0,2.6,2.25,2.6,3.25,3.2
4.0,4.0,2.0,3.0,3.0,3.0,4.0,4.0,4.0,4.0,2.0,4.0,4.0,3.0,4.0,4.0,5.0,4.0,4.0,4.0,5.0,5.0,3.0,4.0,2.0,2.0,3.0,5.0,2.0,1.0,1989.0,9.0,2.0,공공,2.0,,3.1666666666666665,3.6,3.75,4.2,4.25,2.8
5.0,2.0,5.0,5.0,5.0,4.0,1.0,1.0,3.0,4.0,4.0,3.0,4.0,4.0,4.0,4.0,4.0,4.0,4.0,3.0,5.0,5.0,5.0,5.0,1.0,1.0,1.0,1.0,1.0,1.0,1983.0,11.0,2.0,공공,2.0,,4.333333333333333,2.6,3.75,3.8,5.0,1.0
4.0,3.0,3.0,3.0,3.0,4.0,2.0,2.0,1.0,5.0,3.0,3.0,3.0,3.0,2.0,3.0,4.0,4.0,4.0,4.0,4.0,3.0,3.0,3.0,4.0,4.0,4.0,3.0,3.0,1.0,1980.0,2.0,2.0,공공,1.0,,3.3333333333333335,2.6,2.75,3.8,3.25,3.6
4.0,4.0,3.0,5.0,5.0,4.0,1.0,3.0,3.0,3.0,3.0,4.0,4.0,4.0,4.0,4.0,4.0,4.0,4.0,3.0,4.0,4.0,4.0,4.0,2.0,2.0,2.0,3.0,1.0,1.0,1976.0,9.0,2.0,공공,2.0,,4.166666666666667,2.6,4.0,3.8,4.0,2.0
2.0,3.0,4.0,2.0,4.0,2.0,2.0,3.0,2.0,4.0,4.0,4.0,5.0,5.0,5.0,5.0,5.0,5.0,5.0,5.0,5.0,5.0,4.0,4.0,2.0,2.0,2.0,1.0,2.0,1.0,1970.0,2.0,2.0,공공,1.0,,2.8333333333333335,3.0,4.75,5.0,4.5,1.8
2.0,2.0,2.0,4.0,3.0,4.0,2.0,2.0,4.0,2.0,3.0,4.0,3.0,2.0,3.0,3.0,1.0,1.0,2.0,1.0,3.0,4.0,4.0,4.0,2.0,2.0,3.0,4.0,2.0,2.0,1987.0,2.0,2.0,공공,1.0,,2.8333333333333335,2.6,3.0,1.6,3.75,2.6
4.0,4.0,4.0,5.0,4.0,5.0,3.0,4.0,3.0,3.0,4.0,2.0,3.0,3.0,3.0,4.0,5.0,5.0,4.0,5.0,4.0,4.0,4.0,4.0,4.0,4.0,4.0,4.0,4.0,1.0,1980.0,11.0,2.0,공공,2.0,,4.333333333333333,3.4,2.75,4.6,4.0,4.0
5.0,4.0,2.0,4.0,5.0,5.0,2.0,4.0,2.0,2.0,4.0,4.0,4.0,3.0,4.0,4.0,5.0,4.0,5.0,5.0,4.0,4.0,4.0,3.0,5.0,3.0,5.0,2.0,3.0,1.0,1991.0,2.0,2.0,공공,1.0,,4.166666666666667,2.8,3.75,4.6,3.75,3.6
3.0,3.0,4.0,2.0,2.0,3.0,1.0,1.0,1.0,1.0,1.0,4.0,4.0,4.0,4.0,1.0,1.0,1.0,1.0,1.0,4.0,5.0,5.0,5.0,2.0,2.0,3.0,3.0,3.0,2.0,1969.0,1.0,2.0,공공,2.0,,2.8333333333333335,1.0,4.0,1.0,4.75,2.6
4.0,3.0,4.0,5.0,5.0,5.0,3.0,4.0,5.0,4.0,4.0,5.0,5.0,4.0,5.0,5.0,5.0,5.0,5.0,5.0,5.0,5.0,5.0,5.0,1.0,5.0,3.0,1.0,1.0,1.0,1990.0,8.0,2.0,공공,1.0,,4.333333333333333,4.0,4.75,5.0,5.0,2.2
4.0,3.0,2.0,2.0,3.0,4.0,3.0,3.0,3.0,3.0,3.0,3.0,3.0,4.0,3.0,3.0,3.0,3.0,3.0,3.0,4.0,4.0,4.0,4.0,2.0,2.0,2.0,3.0,2.0,1.0,1979.0,3.0,2.0,공공,2.0,,3.0,3.0,3.25,3.0,4.0,2.2
5.0,4.0,5.0,5.0,4.0,4.0,3.0,3.0,5.0,4.0,3.0,3.0,5.0,4.0,5.0,5.0,5.0,5.0,4.0,5.0,4.0,5.0,3.0,5.0,2.0,2.0,5.0,4.0,1.0,1.0,1969.0,3.0,2.0,공공,2.0,,4.5,3.6,4.25,4.8,4.25,2.8
5.0,5.0,5.0,4.0,4.0,5.0,3.0,3.0,3.0,4.0,4.0,4.0,5.0,4.0,4.0,4.0,3.0,4.0,3.0,5.0,4.0,4.0,5.0,4.0,1.0,2.0,4.0,4.0,2.0,1.0,1969.0,1.0,2.0,공공,2.0,,4.666666666666667,3.4,4.25,3.8,4.25,2.6
3.0,3.0,3.0,3.0,3.0,4.0,3.0,2.0,1.0,1.0,1.0,2.0,3.0,4.0,1.0,3.0,2.0,1.0,5.0,3.0,2.0,1.0,4.0,3.0,2.0,2.0,4.0,5.0,4.0,1.0,1980.0,8.0,2.0,공공,1.0,,3.1666666666666665,1.6,2.5,2.8,2.5,3.4
3.0,4.0,4.0,4.0,3.0,4.0,1.0,1.0,3.0,3.0,3.0,4.0,4.0,4.0,3.0,3.0,3.0,3.0,3.0,3.0,3.0,3.0,3.0,3.0,3.0,4.0,4.0,3.0,3.0,1.0,1980.0,2.0,2.0,공공,1.0,,3.6666666666666665,2.2,3.75,3.0,3.0,3.4
5.0,5.0,4.0,3.0,4.0,5.0,2.0,2.0,4.0,4.0,4.0,4.0,5.0,5.0,4.0,3.0,3.0,3.0,3.0,3.0,4.0,4.0,5.0,5.0,3.0,2.0,2.0,1.0,4.0,1.0,1989.0,9.0,2.0,공공,1.0,,4.333333333333333,3.2,4.5,3.0,4.5,2.4
4.0,3.0,3.0,3.0,3.0,4.0,4.0,3.0,3.0,3.0,3.0,4.0,4.0,4.0,3.0,3.0,3.0,3.0,3.0,3.0,4.0,4.0,4.0,3.0,3.0,2.0,2.0,3.0,2.0,2.0,1975.0,9.0,2.0,공공,1.0,,3.3333333333333335,3.2,3.75,3.0,3.75,2.4
4.0,2.0,1.0,3.0,2.0,4.0,1.0,2.0,2.0,2.0,1.0,1.0,4.0,1.0,3.0,2.0,3.0,3.0,5.0,4.0,1.0,4.0,2.0,1.0,1.0,1.0,4.0,2.0,5.0,2.0,1991.0,16.0,2.0,공공,2.0,,2.6666666666666665,1.6,2.25,3.4,2.0,2.6
2.0,2.0,2.0,2.0,2.0,2.0,1.0,2.0,2.0,2.0,2.0,2.0,3.0,2.0,2.0,1.0,2.0,2.0,2.0,2.0,3.0,4.0,4.0,4.0,2.0,3.0,2.0,2.0,3.0,2.0,1972.0,4.0,2.0,공공,2.0,,2.0,1.8,2.25,1.8,3.75,2.4
4.0,4.0,4.0,4.0,4.0,5.0,3.0,4.0,4.0,4.0,4.0,4.0,5.0,5.0,4.0,3.0,4.0,4.0,4.0,3.0,5.0,5.0,4.0,4.0,2.0,2.0,3.0,2.0,2.0,2.0,1984.0,15.0,2.0,공공,1.0,,4.166666666666667,3.8,4.5,3.6,4.5,2.2
2.0,2.0,1.0,1.0,2.0,2.0,1.0,2.0,2.0,2.0,2.0,1.0,2.0,1.0,2.0,2.0,2.0,2.0,1.0,2.0,3.0,3.0,3.0,2.0,3.0,3.0,4.0,5.0,4.0,1.0,1985.0,1.0,2.0,공공,2.0,,1.6666666666666667,1.8,1.5,1.8,2.75,3.8
2.0,3.0,4.0,3.0,4.0,5.0,3.0,3.0,1.0,3.0,2.0,3.0,4.0,4.0,3.0,4.0,3.0,3.0,4.0,3.0,3.0,3.0,3.0,3.0,2.0,2.0,2.0,4.0,2.0,1.0,1976.0,2.0,2.0,공공,2.0,,3.5,2.4,3.5,3.4,3.0,2.4
3.0,2.0,3.0,3.0,4.0,4.0,2.0,2.0,3.0,3.0,3.0,3.0,3.0,4.0,3.0,3.0,4.0,3.0,4.0,4.0,4.0,4.0,4.0,4.0,4.0,4.0,4.0,3.0,4.0,2.0,1993.0,13.0,2.0,공공,1.0,,3.1666666666666665,2.6,3.25,3.6,4.0,3.8
4.0,5.0,4.0,5.0,5.0,5.0,4.0,5.0,4.0,4.0,4.0,4.0,4.0,4.0,4.0,5.0,5.0,5.0,5.0,5.0,4.0,4.0,4.0,4.0,2.0,2.0,4.0,2.0,2.0,1.0,1983.0,13.0,2.0,공공,1.0,,4.666666666666667,4.2,4.0,5.0,4.0,2.4
2.0,4.0,3.0,4.0,4.0,4.0,3.0,4.0,3.0,4.0,4.0,4.0,4.0,3.0,3.0,4.0,5.0,4.0,5.0,4.0,4.0,4.0,5.0,4.0,3.0,2.0,3.0,3.0,2.0,2.0,1979.0,14.0,2.0,공공,2.0,,3.5,3.6,3.5,4.4,4.25,2.6
3.0,2.0,1.0,1.0,4.0,4.0,3.0,3.0,3.0,3.0,3.0,3.0,3.0,3.0,5.0,2.0,2.0,2.0,2.0,2.0,4.0,4.0,4.0,4.0,4.0,4.0,3.0,3.0,2.0,2.0,1988.0,10.0,2.0,공공,2.0,,2.5,3.0,3.5,2.0,4.0,3.2
2.0,2.0,2.0,2.0,2.0,2.0,3.0,3.0,3.0,3.0,3.0,3.0,3.0,3.0,3.0,3.0,3.0,3.0,3.0,3.0,3.0,3.0,3.0,3.0,3.0,3.0,3.0,3.0,3.0,1.0,1990.0,9.0,2.0,공공,2.0,,2.0,3.0,3.0,3.0,3.0,3.0
3.0,3.0,3.0,3.0,4.0,4.0,2.0,2.0,3.0,2.0,2.0,3.0,4.0,3.0,3.0,2.0,2.0,1.0,2.0,2.0,3.0,3.0,4.0,3.0,3.0,3.0,3.0,2.0,1.0,1.0,1986.0,8.0,2.0,공공,1.0,,3.3333333333333335,2.2,3.25,1.8,3.25,2.4
5.0,5.0,5.0,5.0,5.0,5.0,5.0,4.0,5.0,5.0,4.0,5.0,5.0,5.0,5.0,5.0,5.0,5.0,5.0,5.0,5.0,5.0,5.0,5.0,4.0,4.0,4.0,4.0,2.0,1.0,1966.0,14.0,2.0,공공,2.0,,5.0,4.6,5.0,5.0,5.0,3.6
4.0,2.0,5.0,3.0,2.0,4.0,2.0,3.0,3.0,3.0,4.0,3.0,4.0,3.0,3.0,3.0,3.0,2.0,3.0,2.0,5.0,4.0,4.0,4.0,2.0,2.0,2.0,1.0,2.0,2.0,1982.0,12.0,2.0,공공,2.0,,3.3333333333333335,3.0,3.25,2.6,4.25,1.8
4.0,3.0,1.0,4.0,4.0,3.0,2.0,2.0,1.0,2.0,3.0,3.0,4.0,3.0,4.0,4.0,4.0,5.0,4.0,4.0,4.0,4.0,4.0,4.0,1.0,1.0,1.0,5.0,4.0,1.0,1971.0,10.0,2.0,공공,2.0,,3.1666666666666665,2.0,3.5,4.2,4.0,2.4
4.0,2.0,2.0,5.0,4.0,4.0,4.0,4.0,4.0,3.0,3.0,4.0,3.0,4.0,2.0,3.0,4.0,3.0,4.0,4.0,2.0,4.0,4.0,4.0,3.0,4.0,4.0,4.0,2.0,1.0,1978.0,5.0,2.0,공공,2.0,,3.5,3.6,3.25,3.6,3.5,3.4
3.0,4.0,3.0,4.0,4.0,3.0,4.0,3.0,4.0,4.0,3.0,3.0,4.0,4.0,4.0,4.0,4.0,4.0,3.0,4.0,3.0,4.0,3.0,3.0,2.0,2.0,3.0,4.0,2.0,1.0,1988.0,8.0,2.0,공공,1.0,,3.5,3.6,3.75,3.8,3.25,2.6
3.0,2.0,1.0,1.0,3.0,2.0,2.0,2.0,3.0,3.0,3.0,3.0,4.0,2.0,3.0,3.0,3.0,3.0,3.0,3.0,2.0,2.0,2.0,2.0,2.0,2.0,2.0,2.0,2.0,1.0,1987.0,1.0,2.0,공공,1.0,,2.0,2.6,3.0,3.0,2.0,2.0
4.0,3.0,4.0,4.0,4.0,5.0,3.0,4.0,3.0,3.0,3.0,3.0,4.0,4.0,4.0,3.0,4.0,4.0,4.0,5.0,4.0,3.0,4.0,4.0,1.0,2.0,2.0,2.0,3.0,1.0,1974.0,9.0,2.0,공공,2.0,,4.0,3.2,3.75,4.0,3.75,2.0
3.0,2.0,2.0,2.0,3.0,4.0,3.0,2.0,2.0,3.0,4.0,5.0,5.0,5.0,4.0,2.0,2.0,2.0,2.0,2.0,4.0,4.0,4.0,4.0,2.0,2.0,1.0,3.0,1.0,2.0,1980.0,1.0,2.0,공공,2.0,,2.6666666666666665,2.8,4.75,2.0,4.0,1.8
3.0,4.0,3.0,3.0,4.0,3.0,3.0,2.0,2.0,4.0,3.0,2.0,4.0,4.0,4.0,4.0,4.0,4.0,3.0,4.0,4.0,3.0,3.0,3.0,3.0,3.0,3.0,3.0,3.0,1.0,1972.0,2.0,2.0,공공,2.0,,3.3333333333333335,2.8,3.5,3.8,3.25,3.0
3.0,3.0,2.0,4.0,3.0,4.0,2.0,2.0,3.0,3.0,3.0,2.0,4.0,4.0,3.0,3.0,3.0,3.0,3.0,3.0,4.0,4.0,4.0,4.0,3.0,3.0,3.0,2.0,3.0,2.0,1978.0,14.0,2.0,공공,2.0,,3.1666666666666665,2.6,3.25,3.0,4.0,2.8
4.0,3.0,1.0,2.0,1.0,5.0,1.0,1.0,3.0,1.0,1.0,3.0,1.0,1.0,3.0,3.0,1.0,3.0,3.0,3.0,3.0,3.0,3.0,1.0,1.0,1.0,1.0,1.0,1.0,1.0,1985.0,15.0,2.0,공공,2.0,,2.6666666666666665,1.4,2.0,2.6,2.5,1.0
3.0,4.0,4.0,4.0,4.0,5.0,5.0,5.0,4.0,4.0,4.0,2.0,4.0,4.0,3.0,4.0,4.0,4.0,3.0,3.0,4.0,4.0,3.0,4.0,4.0,3.0,3.0,4.0,4.0,1.0,1987.0,9.0,2.0,공공,2.0,,4.0,4.4,3.25,3.6,3.75,3.6
2.0,2.0,3.0,4.0,3.0,4.0,3.0,4.0,4.0,4.0,4.0,4.0,5.0,2.0,4.0,4.0,4.0,4.0,4.0,4.0,4.0,4.0,4.0,4.0,2.0,3.0,3.0,3.0,3.0,1.0,1978.0,11.0,2.0,공공,1.0,,3.0,3.8,3.75,4.0,4.0,2.8
3.0,4.0,3.0,4.0,3.0,3.0,3.0,4.0,4.0,3.0,4.0,3.0,3.0,4.0,4.0,3.0,3.0,4.0,4.0,3.0,4.0,4.0,3.0,4.0,3.0,4.0,4.0,3.0,4.0,1.0,1983.0,1.0,2.0,공공,2.0,,3.3333333333333335,3.6,3.5,3.4,3.75,3.6
5.0,5.0,4.0,4.0,4.0,4.0,3.0,4.0,3.0,3.0,3.0,3.0,4.0,4.0,4.0,4.0,4.0,3.0,2.0,3.0,2.0,3.0,3.0,2.0,3.0,3.0,3.0,3.0,4.0,1.0,1985.0,11.0,2.0,공공,2.0,,4.333333333333333,3.2,3.75,3.2,2.5,3.2
4.0,5.0,2.0,4.0,4.0,4.0,2.0,5.0,4.0,5.0,5.0,5.0,5.0,5.0,5.0,5.0,5.0,4.0,4.0,5.0,5.0,4.0,3.0,4.0,1.0,2.0,1.0,5.0,1.0,1.0,1991.0,14.0,2.0,공공,2.0,,3.8333333333333335,4.2,5.0,4.6,4.0,2.0
4.0,3.0,2.0,4.0,3.0,5.0,1.0,2.0,2.0,2.0,2.0,1.0,1.0,1.0,1.0,2.0,2.0,2.0,2.0,3.0,5.0,4.0,4.0,4.0,1.0,4.0,4.0,3.0,3.0,2.0,1975.0,10.0,2.0,공공,2.0,,3.5,1.8,1.0,2.2,4.25,3.0
4.0,3.0,4.0,4.0,3.0,2.0,1.0,2.0,3.0,3.0,1.0,4.0,5.0,5.0,4.0,4.0,4.0,4.0,4.0,4.0,3.0,4.0,4.0,4.0,5.0,4.0,4.0,1.0,1.0,2.0,1990.0,9.0,2.0,공공,1.0,,3.3333333333333335,2.0,4.5,4.0,3.75,3.0
4.0,4.0,2.0,3.0,4.0,4.0,4.0,2.0,2.0,2.0,1.0,4.0,4.0,4.0,2.0,2.0,1.0,2.0,1.0,1.0,5.0,4.0,3.0,4.0,4.0,4.0,4.0,4.0,2.0,2.0,1981.0,9.0,2.0,공공,2.0,,3.5,2.2,3.5,1.4,4.0,3.6
4.0,4.0,4.0,4.0,4.0,3.0,3.0,2.0,3.0,2.0,2.0,3.0,3.0,3.0,3.0,3.0,4.0,2.0,2.0,3.0,3.0,3.0,4.0,4.0,4.0,3.0,4.0,3.0,3.0,1.0,1975.0,1.0,2.0,공공,2.0,,3.8333333333333335,2.4,3.0,2.8,3.5,3.4
3.0,2.0,3.0,4.0,3.0,4.0,1.0,1.0,3.0,2.0,1.0,3.0,4.0,2.0,3.0,2.0,1.0,1.0,1.0,1.0,1.0,4.0,4.0,4.0,3.0,3.0,3.0,3.0,3.0,1.0,1993.0,14.0,2.0,공공,2.0,,3.1666666666666665,1.6,3.0,1.2,3.25,3.0
4.0,5.0,2.0,4.0,3.0,5.0,4.0,4.0,3.0,5.0,5.0,3.0,4.0,3.0,4.0,3.0,3.0,2.0,2.0,4.0,4.0,4.0,5.0,4.0,1.0,1.0,2.0,4.0,1.0,1.0,1977.0,15.0,2.0,공공,2.0,,3.8333333333333335,4.2,3.5,2.8,4.25,1.8
3.0,2.0,1.0,4.0,3.0,4.0,2.0,2.0,1.0,2.0,2.0,2.0,3.0,2.0,3.0,2.0,2.0,2.0,2.0,2.0,4.0,4.0,4.0,5.0,2.0,2.0,2.0,4.0,2.0,1.0,1984.0,12.0,2.0,공공,2.0,,2.8333333333333335,1.8,2.5,2.0,4.25,2.4
3.0,4.0,4.0,4.0,5.0,3.0,3.0,3.0,3.0,3.0,3.0,4.0,3.0,3.0,4.0,3.0,4.0,4.0,4.0,4.0,4.0,4.0,3.0,4.0,3.0,4.0,3.0,4.0,3.0,2.0,1986.0,9.0,2.0,공공,2.0,,3.8333333333333335,3.0,3.5,3.8,3.75,3.4
4.0,4.0,2.0,2.0,4.0,5.0,3.0,3.0,3.0,3.0,3.0,3.0,3.0,3.0,3.0,3.0,4.0,4.0,3.0,4.0,3.0,4.0,3.0,4.0,3.0,4.0,4.0,3.0,3.0,1.0,1993.0,5.0,2.0,공공,2.0,,3.5,3.0,3.0,3.6,3.5,3.4
4.0,3.0,3.0,4.0,5.0,3.0,4.0,4.0,3.0,4.0,4.0,4.0,4.0,3.0,4.0,5.0,5.0,5.0,5.0,5.0,3.0,3.0,4.0,4.0,4.0,3.0,3.0,4.0,2.0,1.0,1985.0,2.0,2.0,공공,1.0,,3.6666666666666665,3.8,3.75,5.0,3.5,3.2
5.0,5.0,4.0,5.0,5.0,4.0,2.0,2.0,3.0,1.0,1.0,5.0,5.0,5.0,5.0,4.0,5.0,5.0,5.0,4.0,5.0,5.0,4.0,4.0,4.0,4.0,5.0,5.0,5.0,1.0,1984.0,9.0,2.0,공공,1.0,,4.666666666666667,1.8,5.0,4.6,4.5,4.6
3.0,3.0,2.0,3.0,2.0,3.0,2.0,2.0,2.0,2.0,2.0,2.0,2.0,2.0,2.0,3.0,3.0,2.0,2.0,3.0,4.0,4.0,4.0,4.0,2.0,3.0,3.0,2.0,3.0,2.0,1984.0,3.0,2.0,공공,2.0,,2.6666666666666665,2.0,2.0,2.6,4.0,2.6
5.0,3.0,4.0,5.0,5.0,5.0,3.0,3.0,3.0,3.0,3.0,3.0,3.0,2.0,2.0,3.0,3.0,3.0,4.0,4.0,4.0,4.0,4.0,4.0,4.0,4.0,4.0,4.0,4.0,1.0,1979.0,14.0,2.0,공공,2.0,,4.5,3.0,2.5,3.4,4.0,4.0
1.0,4.0,4.0,5.0,5.0,5.0,5.0,5.0,5.0,5.0,5.0,5.0,5.0,5.0,4.0,4.0,5.0,4.0,5.0,5.0,5.0,5.0,5.0,5.0,3.0,4.0,4.0,4.0,3.0,1.0,1985.0,11.0,2.0,공공,2.0,,4.0,5.0,4.75,4.6,5.0,3.6
3.0,3.0,1.0,3.0,2.0,4.0,3.0,3.0,4.0,3.0,3.0,3.0,3.0,4.0,3.0,2.0,3.0,2.0,1.0,2.0,4.0,4.0,4.0,4.0,4.0,4.0,4.0,4.0,4.0,1.0,1979.0,10.0,2.0,공공,2.0,,2.6666666666666665,3.2,3.25,2.0,4.0,4.0
4.0,5.0,5.0,5.0,4.0,4.0,4.0,4.0,4.0,4.0,4.0,4.0,4.0,4.0,4.0,4.0,4.0,4.0,4.0,4.0,5.0,4.0,5.0,4.0,4.0,5.0,4.0,4.0,4.0,1.0,1975.0,17.0,2.0,공공,2.0,,4.5,4.0,4.0,4.0,4.5,4.2
1.0,2.0,1.0,5.0,3.0,2.0,3.0,3.0,3.0,3.0,4.0,2.0,3.0,3.0,3.0,3.0,3.0,3.0,3.0,3.0,3.0,3.0,3.0,3.0,3.0,3.0,3.0,3.0,3.0,1.0,1973.0,4.0,2.0,공공,2.0,,2.3333333333333335,3.2,2.75,3.0,3.0,3.0
3.0,2.0,2.0,4.0,3.0,4.0,3.0,2.0,2.0,2.0,2.0,3.0,4.0,2.0,4.0,4.0,3.0,4.0,2.0,2.0,4.0,4.0,4.0,4.0,2.0,2.0,3.0,2.0,2.0,1.0,1982.0,2.0,2.0,공공,2.0,,3.0,2.2,3.25,3.0,4.0,2.2
5.0,1.0,4.0,1.0,1.0,5.0,2.0,2.0,4.0,2.0,2.0,4.0,5.0,4.0,3.0,3.0,4.0,4.0,4.0,4.0,4.0,2.0,2.0,3.0,4.0,4.0,4.0,4.0,4.0,2.0,1986.0,9.0,2.0,공공,2.0,,2.8333333333333335,2.4,4.0,3.8,2.75,4.0
4.0,4.0,2.0,2.0,4.0,4.0,1.0,1.0,1.0,1.0,1.0,2.0,3.0,2.0,1.0,2.0,2.0,1.0,1.0,2.0,3.0,3.0,3.0,3.0,4.0,4.0,4.0,4.0,2.0,1.0,1975.0,12.0,2.0,공공,2.0,,3.3333333333333335,1.0,2.0,1.6,3.0,3.6
4.0,5.0,3.0,5.0,5.0,5.0,3.0,3.0,1.0,3.0,2.0,3.0,4.0,3.0,3.0,4.0,4.0,4.0,4.0,4.0,4.0,4.0,4.0,4.0,2.0,2.0,2.0,3.0,2.0,1.0,1969.0,9.0,2.0,공공,2.0,,4.5,2.4,3.25,4.0,4.0,2.2
2.0,2.0,4.0,4.0,3.0,5.0,1.0,1.0,1.0,1.0,1.0,1.0,3.0,3.0,1.0,1.0,2.0,2.0,1.0,1.0,3.0,3.0,4.0,4.0,1.0,4.0,3.0,3.0,3.0,1.0,1979.0,1.0,2.0,공공,1.0,,3.3333333333333335,1.0,2.0,1.4,3.5,2.8
5.0,4.0,4.0,4.0,5.0,5.0,3.0,3.0,4.0,3.0,4.0,5.0,5.0,5.0,4.0,3.0,3.0,3.0,4.0,3.0,4.0,5.0,5.0,5.0,1.0,2.0,1.0,2.0,1.0,1.0,1977.0,10.0,2.0,공공,2.0,,4.5,3.4,4.75,3.2,4.75,1.4
5.0,3.0,5.0,4.0,4.0,5.0,2.0,2.0,2.0,2.0,1.0,4.0,3.0,4.0,3.0,2.0,2.0,2.0,2.0,2.0,4.0,3.0,3.0,2.0,4.0,4.0,3.0,3.0,4.0,2.0,1979.0,9.0,2.0,공공,2.0,,4.333333333333333,1.8,3.5,2.0,3.0,3.6
4.0,2.0,4.0,1.0,3.0,2.0,1.0,4.0,2.0,4.0,3.0,3.0,2.0,2.0,3.0,3.0,4.0,4.0,4.0,3.0,4.0,4.0,4.0,3.0,2.0,2.0,3.0,2.0,4.0,1.0,1974.0,9.0,2.0,공공,2.0,,2.6666666666666665,2.8,2.5,3.6,3.75,2.6
4.0,4.0,4.0,5.0,4.0,4.0,2.0,2.0,3.0,3.0,2.0,4.0,4.0,4.0,2.0,3.0,4.0,4.0,4.0,4.0,4.0,4.0,4.0,4.0,2.0,3.0,4.0,2.0,2.0,1.0,1979.0,13.0,2.0,공공,2.0,,4.166666666666667,2.4,3.5,3.8,4.0,2.6
2.0,2.0,4.0,4.0,3.0,2.0,2.0,2.0,3.0,3.0,3.0,3.0,3.0,3.0,3.0,3.0,3.0,3.0,3.0,3.0,3.0,3.0,3.0,3.0,3.0,3.0,3.0,3.0,3.0,1.0,1972.0,1.0,2.0,공공,2.0,,2.8333333333333335,2.6,3.0,3.0,3.0,3.0
4.0,4.0,3.0,5.0,5.0,5.0,2.0,2.0,2.0,3.0,2.0,3.0,4.0,5.0,3.0,3.0,3.0,3.0,4.0,4.0,4.0,5.0,5.0,5.0,1.0,1.0,1.0,3.0,1.0,1.0,1977.0,4.0,2.0,공공,2.0,,4.333333333333333,2.2,3.75,3.4,4.75,1.4
4.0,4.0,3.0,4.0,4.0,4.0,3.0,3.0,4.0,4.0,4.0,4.0,4.0,4.0,4.0,4.0,5.0,5.0,5.0,5.0,5.0,5.0,5.0,5.0,1.0,1.0,1.0,1.0,1.0,1.0,1979.0,11.0,2.0,공공,2.0,,3.8333333333333335,3.6,4.0,4.8,5.0,1.0
4.0,4.0,5.0,4.0,4.0,5.0,3.0,3.0,4.0,4.0,2.0,2.0,4.0,3.0,3.0,4.0,4.0,3.0,3.0,4.0,4.0,4.0,4.0,4.0,4.0,4.0,5.0,4.0,4.0,1.0,1982.0,5.0,2.0,공공,1.0,,4.333333333333333,3.2,3.0,3.6,4.0,4.2
3.0,3.0,3.0,3.0,3.0,3.0,2.0,2.0,2.0,2.0,2.0,3.0,3.0,3.0,3.0,4.0,4.0,4.0,4.0,4.0,4.0,4.0,4.0,4.0,4.0,4.0,3.0,3.0,4.0,1.0,1977.0,8.0,2.0,공공,1.0,,3.0,2.0,3.0,4.0,4.0,3.6
4.0,4.0,4.0,3.0,2.0,3.0,2.0,3.0,3.0,3.0,3.0,4.0,4.0,3.0,3.0,3.0,3.0,2.0,2.0,4.0,3.0,3.0,3.0,3.0,3.0,3.0,4.0,3.0,2.0,1.0,1974.0,7.0,2.0,공공,2.0,,3.3333333333333335,2.8,3.5,2.8,3.0,3.0
5.0,5.0,5.0,5.0,5.0,4.0,3.0,4.0,4.0,3.0,4.0,4.0,4.0,4.0,4.0,4.0,4.0,4.0,4.0,4.0,4.0,4.0,4.0,4.0,4.0,4.0,4.0,3.0,2.0,2.0,1979.0,10.0,2.0,공공,2.0,,4.833333333333333,3.6,4.0,4.0,4.0,3.4
4.0,3.0,3.0,4.0,4.0,4.0,2.0,3.0,4.0,4.0,4.0,3.0,3.0,3.0,4.0,4.0,4.0,4.0,4.0,3.0,4.0,4.0,3.0,4.0,3.0,3.0,3.0,3.0,1.0,1.0,1982.0,13.0,2.0,공공,2.0,,3.6666666666666665,3.4,3.25,3.8,3.75,2.6
5.0,1.0,2.0,3.0,3.0,5.0,1.0,5.0,5.0,5.0,2.0,3.0,4.0,2.0,2.0,5.0,4.0,4.0,3.0,3.0,5.0,5.0,3.0,4.0,1.0,1.0,4.0,2.0,1.0,1.0,1976.0,1.0,2.0,공공,2.0,,3.1666666666666665,3.6,2.75,3.8,4.25,1.8
3.0,3.0,2.0,3.0,2.0,4.0,2.0,3.0,3.0,3.0,3.0,4.0,4.0,2.0,3.0,3.0,4.0,3.0,3.0,3.0,4.0,4.0,4.0,4.0,3.0,3.0,4.0,1.0,1.0,2.0,1980.0,16.0,2.0,공공,2.0,,2.8333333333333335,2.8,3.25,3.2,4.0,2.4
2.0,3.0,2.0,3.0,2.0,2.0,2.0,3.0,2.0,3.0,3.0,2.0,3.0,2.0,3.0,3.0,4.0,3.0,4.0,3.0,3.0,4.0,3.0,3.0,2.0,3.0,4.0,3.0,2.0,2.0,1985.0,9.0,2.0,공공,2.0,,2.3333333333333335,2.6,2.5,3.4,3.25,2.8
3.0,3.0,2.0,2.0,3.0,4.0,3.0,3.0,4.0,4.0,3.0,3.0,4.0,3.0,4.0,3.0,4.0,4.0,4.0,4.0,4.0,4.0,4.0,4.0,3.0,4.0,4.0,4.0,3.0,1.0,1978.0,8.0,2.0,공공,1.0,,2.8333333333333335,3.4,3.5,3.8,4.0,3.6
2.0,3.0,3.0,4.0,4.0,2.0,3.0,3.0,3.0,3.0,3.0,4.0,4.0,4.0,3.0,4.0,4.0,4.0,4.0,5.0,5.0,4.0,4.0,4.0,3.0,2.0,3.0,3.0,3.0,2.0,1969.0,15.0,2.0,공공,1.0,,3.0,3.0,3.75,4.2,4.25,2.8
3.0,3.0,4.0,5.0,4.0,4.0,3.0,3.0,4.0,4.0,4.0,5.0,5.0,5.0,4.0,4.0,4.0,4.0,4.0,4.0,4.0,4.0,4.0,4.0,3.0,4.0,4.0,3.0,3.0,1.0,1974.0,16.0,2.0,공공,1.0,,3.8333333333333335,3.6,4.75,4.0,4.0,3.4
3.0,3.0,3.0,3.0,4.0,3.0,1.0,1.0,1.0,1.0,2.0,4.0,4.0,4.0,4.0,3.0,4.0,3.0,3.0,3.0,4.0,4.0,4.0,4.0,4.0,4.0,4.0,4.0,4.0,1.0,1981.0,8.0,2.0,공공,1.0,,3.1666666666666665,1.2,4.0,3.2,4.0,4.0
4.0,4.0,3.0,4.0,5.0,3.0,3.0,4.0,3.0,3.0,4.0,5.0,5.0,5.0,4.0,4.0,5.0,5.0,4.0,4.0,3.0,4.0,5.0,5.0,1.0,3.0,4.0,3.0,3.0,1.0,1995.0,9.0,2.0,공공,2.0,,3.8333333333333335,3.4,4.75,4.4,4.25,2.8
3.0,4.0,4.0,4.0,4.0,3.0,3.0,4.0,4.0,4.0,4.0,4.0,5.0,4.0,4.0,4.0,4.0,4.0,3.0,4.0,3.0,4.0,4.0,4.0,2.0,2.0,2.0,2.0,2.0,1.0,1978.0,8.0,2.0,공공,1.0,,3.6666666666666665,3.8,4.25,3.8,3.75,2.0
2.0,2.0,1.0,4.0,2.0,4.0,1.0,1.0,2.0,2.0,2.0,3.0,4.0,2.0,2.0,2.0,3.0,3.0,3.0,3.0,3.0,4.0,4.0,3.0,2.0,1.0,2.0,2.0,2.0,1.0,1992.0,11.0,2.0,공공,1.0,,2.5,1.6,2.75,2.8,3.5,1.8
4.0,4.0,3.0,5.0,5.0,4.0,4.0,3.0,4.0,4.0,3.0,3.0,4.0,3.0,3.0,4.0,4.0,4.0,4.0,4.0,3.0,4.0,4.0,4.0,2.0,2.0,2.0,2.0,2.0,1.0,1978.0,8.0,2.0,공공,1.0,,4.166666666666667,3.6,3.25,4.0,3.75,2.0
4.0,4.0,5.0,4.0,5.0,4.0,2.0,2.0,2.0,3.0,2.0,3.0,4.0,3.0,3.0,3.0,3.0,3.0,3.0,3.0,4.0,4.0,4.0,4.0,4.0,5.0,5.0,4.0,4.0,2.0,1972.0,8.0,2.0,공공,1.0,,4.333333333333333,2.2,3.25,3.0,4.0,4.4
4.0,3.0,3.0,4.0,5.0,5.0,3.0,4.0,4.0,4.0,3.0,3.0,3.0,5.0,5.0,5.0,5.0,5.0,5.0,5.0,4.0,4.0,4.0,4.0,3.0,3.0,3.0,1.0,1.0,1.0,1986.0,8.0,2.0,공공,1.0,,4.0,3.6,4.0,5.0,4.0,2.2
3.0,3.0,2.0,3.0,4.0,4.0,3.0,3.0,4.0,3.0,3.0,3.0,3.0,3.0,3.0,3.0,3.0,3.0,2.0,2.0,3.0,4.0,4.0,2.0,4.0,4.0,3.0,2.0,3.0,1.0,1992.0,8.0,2.0,공공,1.0,,3.1666666666666665,3.2,3.0,2.6,3.25,3.2
3.0,3.0,2.0,3.0,4.0,4.0,2.0,2.0,2.0,2.0,2.0,3.0,3.0,4.0,2.0,1.0,1.0,1.0,1.0,1.0,3.0,3.0,3.0,3.0,2.0,4.0,2.0,3.0,2.0,1.0,1988.0,8.0,2.0,공공,1.0,,3.1666666666666665,2.0,3.0,1.0,3.0,2.6
4.0,4.0,2.0,3.0,4.0,1.0,2.0,2.0,4.0,4.0,4.0,4.0,5.0,5.0,5.0,4.0,4.0,3.0,4.0,3.0,2.0,2.0,2.0,3.0,1.0,2.0,2.0,4.0,2.0,1.0,1991.0,8.0,2.0,공공,1.0,,3.0,3.2,4.75,3.6,2.25,2.2
4.0,4.0,1.0,3.0,3.0,5.0,2.0,2.0,2.0,2.0,3.0,3.0,4.0,5.0,4.0,3.0,3.0,2.0,3.0,2.0,5.0,4.0,3.0,4.0,1.0,2.0,4.0,5.0,2.0,1.0,1986.0,17.0,2.0,공공,2.0,,3.3333333333333335,2.2,4.0,2.6,4.0,2.8
2.0,2.0,2.0,1.0,1.0,1.0,1.0,1.0,1.0,1.0,1.0,1.0,3.0,3.0,3.0,2.0,1.0,1.0,1.0,1.0,4.0,3.0,4.0,4.0,2.0,2.0,2.0,4.0,5.0,1.0,1988.0,11.0,2.0,공공,1.0,,1.5,1.0,2.5,1.2,3.75,3.0
3.0,4.0,2.0,2.0,2.0,4.0,2.0,1.0,2.0,3.0,2.0,2.0,3.0,3.0,2.0,1.0,2.0,2.0,2.0,2.0,4.0,4.0,3.0,3.0,2.0,2.0,4.0,5.0,2.0,1.0,1982.0,14.0,2.0,공공,2.0,,2.8333333333333335,2.0,2.5,1.8,3.5,3.0
2.0,2.0,3.0,4.0,3.0,5.0,3.0,2.0,3.0,2.0,4.0,4.0,5.0,4.0,4.0,3.0,4.0,4.0,4.0,4.0,2.0,3.0,2.0,2.0,3.0,4.0,4.0,2.0,2.0,2.0,1978.0,1.0,2.0,공공,2.0,,3.1666666666666665,2.8,4.25,3.8,2.25,3.0
3.0,3.0,2.0,4.0,4.0,3.0,2.0,2.0,3.0,3.0,3.0,3.0,4.0,3.0,3.0,3.0,4.0,4.0,3.0,2.0,3.0,4.0,4.0,2.0,2.0,3.0,4.0,4.0,3.0,1.0,1977.0,9.0,2.0,공공,2.0,,3.1666666666666665,2.6,3.25,3.2,3.25,3.2
3.0,4.0,4.0,4.0,4.0,4.0,3.0,3.0,2.0,2.0,2.0,4.0,4.0,3.0,3.0,3.0,3.0,3.0,3.0,3.0,3.0,4.0,4.0,4.0,2.0,2.0,3.0,3.0,3.0,1.0,1971.0,11.0,2.0,공공,2.0,,3.8333333333333335,2.4,3.5,3.0,3.75,2.6
4.0,3.0,2.0,2.0,4.0,4.0,2.0,2.0,3.0,2.0,3.0,2.0,4.0,3.0,3.0,2.0,1.0,2.0,1.0,1.0,4.0,4.0,4.0,4.0,1.0,1.0,2.0,1.0,2.0,1.0,1991.0,1.0,2.0,공공,1.0,,3.1666666666666665,2.4,3.0,1.4,4.0,1.4
2.0,3.0,1.0,4.0,4.0,4.0,1.0,1.0,2.0,1.0,2.0,1.0,2.0,1.0,1.0,1.0,2.0,1.0,1.0,2.0,4.0,4.0,4.0,4.0,1.0,1.0,1.0,5.0,1.0,2.0,1990.0,16.0,2.0,공공,1.0,,3.0,1.4,1.25,1.4,4.0,1.8
4.0,3.0,3.0,4.0,4.0,4.0,2.0,3.0,2.0,3.0,3.0,3.0,4.0,3.0,4.0,2.0,3.0,3.0,3.0,3.0,4.0,4.0,4.0,4.0,4.0,4.0,4.0,4.0,4.0,1.0,1990.0,10.0,2.0,공공,2.0,,3.6666666666666665,2.6,3.5,2.8,4.0,4.0
3.0,3.0,2.0,2.0,4.0,3.0,2.0,4.0,4.0,4.0,3.0,4.0,4.0,4.0,4.0,5.0,5.0,5.0,4.0,4.0,4.0,4.0,4.0,3.0,2.0,2.0,2.0,2.0,2.0,1.0,1972.0,1.0,2.0,공공,1.0,,2.8333333333333335,3.4,4.0,4.6,3.75,2.0
4.0,4.0,5.0,5.0,5.0,4.0,2.0,2.0,4.0,4.0,3.0,4.0,5.0,4.0,4.0,4.0,4.0,4.0,4.0,4.0,4.0,4.0,4.0,4.0,3.0,2.0,4.0,4.0,4.0,2.0,1979.0,1.0,2.0,공공,2.0,,4.5,3.0,4.25,4.0,4.0,3.4
1.0,1.0,1.0,1.0,1.0,1.0,1.0,1.0,1.0,1.0,1.0,1.0,5.0,1.0,5.0,1.0,1.0,1.0,1.0,1.0,1.0,1.0,1.0,1.0,1.0,1.0,1.0,1.0,1.0,1.0,1987.0,3.0,2.0,공공,2.0,,1.0,1.0,3.0,1.0,1.0,1.0
4.0,5.0,5.0,4.0,5.0,5.0,2.0,2.0,2.0,2.0,2.0,4.0,3.0,2.0,3.0,3.0,4.0,3.0,2.0,4.0,4.0,4.0,1.0,4.0,3.0,3.0,4.0,1.0,1.0,2.0,1988.0,9.0,2.0,공공,2.0,,4.666666666666667,2.0,3.0,3.2,3.25,2.4
3.0,2.0,3.0,3.0,2.0,4.0,3.0,3.0,3.0,3.0,3.0,3.0,3.0,3.0,4.0,3.0,3.0,4.0,4.0,4.0,3.0,4.0,4.0,4.0,2.0,2.0,3.0,3.0,3.0,1.0,1969.0,1.0,2.0,공공,1.0,,2.8333333333333335,3.0,3.25,3.6,3.75,2.6
3.0,1.0,3.0,1.0,1.0,5.0,1.0,1.0,2.0,1.0,1.0,1.0,3.0,3.0,2.0,1.0,1.0,1.0,1.0,1.0,4.0,5.0,4.0,4.0,1.0,1.0,3.0,5.0,1.0,2.0,1983.0,9.0,2.0,공공,2.0,,2.3333333333333335,1.2,2.25,1.0,4.25,2.2
2.0,4.0,2.0,4.0,3.0,4.0,4.0,3.0,2.0,2.0,1.0,2.0,4.0,2.0,4.0,3.0,3.0,4.0,3.0,4.0,4.0,4.0,2.0,4.0,2.0,4.0,4.0,5.0,2.0,1.0,1992.0,9.0,2.0,공공,2.0,,3.1666666666666665,2.4,3.0,3.4,3.5,3.4
3.0,2.0,3.0,2.0,2.0,4.0,1.0,1.0,1.0,1.0,1.0,1.0,1.0,1.0,1.0,1.0,2.0,2.0,3.0,2.0,3.0,3.0,3.0,4.0,4.0,5.0,5.0,4.0,3.0,1.0,1990.0,11.0,2.0,공공,2.0,,2.6666666666666665,1.0,1.0,2.0,3.25,4.2
4.0,2.0,2.0,4.0,4.0,5.0,3.0,3.0,3.0,4.0,4.0,2.0,5.0,2.0,4.0,4.0,5.0,3.0,4.0,3.0,4.0,4.0,4.0,4.0,4.0,4.0,4.0,2.0,3.0,1.0,1995.0,9.0,2.0,공공,2.0,,3.5,3.4,3.25,3.8,4.0,3.4
4.0,4.0,2.0,4.0,3.0,5.0,1.0,2.0,1.0,3.0,2.0,3.0,1.0,2.0,2.0,4.0,4.0,4.0,4.0,4.0,3.0,3.0,4.0,4.0,2.0,4.0,4.0,5.0,2.0,1.0,1987.0,10.0,2.0,공공,2.0,,3.6666666666666665,1.8,2.0,4.0,3.5,3.4
3.0,3.0,2.0,3.0,3.0,4.0,2.0,3.0,2.0,2.0,2.0,3.0,2.0,2.0,2.0,4.0,4.0,4.0,4.0,5.0,4.0,5.0,4.0,4.0,2.0,3.0,4.0,3.0,2.0,1.0,1989.0,8.0,2.0,공공,1.0,,3.0,2.2,2.25,4.2,4.25,2.8
1.0,2.0,1.0,1.0,1.0,3.0,1.0,1.0,1.0,1.0,1.0,1.0,2.0,5.0,3.0,1.0,1.0,1.0,1.0,1.0,4.0,4.0,4.0,1.0,1.0,1.0,1.0,3.0,1.0,1.0,1982.0,9.0,2.0,공공,2.0,,1.5,1.0,2.75,1.0,3.25,1.4
4.0,5.0,2.0,5.0,5.0,5.0,3.0,4.0,3.0,4.0,3.0,4.0,4.0,4.0,4.0,2.0,2.0,2.0,2.0,3.0,4.0,3.0,4.0,3.0,4.0,4.0,5.0,2.0,3.0,1.0,1990.0,10.0,2.0,공공,2.0,,4.333333333333333,3.4,4.0,2.2,3.5,3.6
3.0,2.0,1.0,2.0,2.0,3.0,1.0,1.0,1.0,1.0,1.0,2.0,2.0,2.0,1.0,2.0,1.0,3.0,2.0,2.0,2.0,1.0,3.0,2.0,1.0,2.0,1.0,3.0,2.0,1.0,1981.0,5.0,2.0,공공,1.0,,2.1666666666666665,1.0,1.75,2.0,2.0,1.8
4.0,4.0,4.0,4.0,4.0,4.0,2.0,2.0,3.0,4.0,3.0,3.0,3.0,4.0,4.0,4.0,4.0,4.0,4.0,5.0,5.0,5.0,4.0,4.0,4.0,4.0,4.0,1.0,2.0,2.0,1993.0,9.0,2.0,공공,2.0,,4.0,2.8,3.5,4.2,4.5,3.0
2.0,2.0,2.0,4.0,3.0,3.0,3.0,2.0,2.0,2.0,2.0,4.0,4.0,4.0,3.0,2.0,2.0,2.0,4.0,2.0,4.0,4.0,4.0,4.0,2.0,4.0,4.0,2.0,2.0,2.0,1982.0,12.0,2.0,공공,2.0,,2.6666666666666665,2.2,3.75,2.4,4.0,2.8
4.0,4.0,2.0,4.0,4.0,5.0,1.0,1.0,5.0,4.0,3.0,1.0,5.0,5.0,5.0,4.0,4.0,4.0,5.0,4.0,2.0,2.0,2.0,1.0,3.0,3.0,4.0,4.0,5.0,2.0,1985.0,1.0,2.0,공공,1.0,,3.8333333333333335,2.8,4.0,4.2,1.75,3.8
4.0,5.0,4.0,5.0,4.0,5.0,3.0,3.0,3.0,3.0,3.0,3.0,4.0,3.0,3.0,4.0,4.0,4.0,4.0,4.0,4.0,4.0,4.0,4.0,3.0,2.0,3.0,2.0,2.0,1.0,1977.0,13.0,2.0,공공,2.0,,4.5,3.0,3.25,4.0,4.0,2.4
2.0,4.0,4.0,4.0,2.0,4.0,2.0,2.0,2.0,2.0,2.0,2.0,2.0,2.0,2.0,4.0,4.0,4.0,4.0,4.0,4.0,4.0,4.0,4.0,2.0,2.0,3.0,1.0,1.0,1.0,1988.0,13.0,2.0,공공,2.0,,3.3333333333333335,2.0,2.0,4.0,4.0,1.8
1.0,3.0,1.0,4.0,4.0,4.0,2.0,2.0,2.0,2.0,2.0,2.0,3.0,3.0,3.0,3.0,3.0,3.0,3.0,3.0,4.0,3.0,4.0,4.0,3.0,3.0,3.0,3.0,3.0,2.0,1993.0,1.0,2.0,공공,1.0,,2.8333333333333335,2.0,2.75,3.0,3.75,3.0
4.0,4.0,4.0,4.0,4.0,4.0,3.0,3.0,4.0,4.0,4.0,3.0,5.0,4.0,4.0,4.0,4.0,5.0,5.0,5.0,5.0,5.0,5.0,5.0,3.0,3.0,1.0,3.0,1.0,1.0,1980.0,9.0,2.0,공공,1.0,,4.0,3.6,4.0,4.6,5.0,2.2
3.0,4.0,5.0,4.0,3.0,4.0,3.0,3.0,4.0,3.0,3.0,4.0,4.0,4.0,3.0,4.0,4.0,4.0,4.0,4.0,4.0,4.0,4.0,4.0,2.0,2.0,2.0,2.0,2.0,1.0,1974.0,6.0,2.0,공공,1.0,,3.8333333333333335,3.2,3.75,4.0,4.0,2.0
3.0,4.0,2.0,4.0,2.0,4.0,1.0,2.0,3.0,4.0,3.0,2.0,4.0,3.0,3.0,4.0,4.0,4.0,3.0,4.0,4.0,3.0,3.0,3.0,2.0,3.0,3.0,3.0,3.0,1.0,1988.0,9.0,2.0,공공,1.0,,3.1666666666666665,2.6,3.0,3.8,3.25,2.8
1.0,3.0,2.0,1.0,1.0,2.0,1.0,4.0,1.0,4.0,4.0,4.0,5.0,5.0,5.0,5.0,5.0,4.0,4.0,4.0,4.0,4.0,3.0,3.0,1.0,3.0,3.0,5.0,1.0,1.0,1985.0,8.0,2.0,공공,1.0,,1.6666666666666667,2.8,4.75,4.4,3.5,2.6
1.0,1.0,1.0,1.0,1.0,5.0,1.0,1.0,1.0,1.0,1.0,3.0,3.0,3.0,3.0,1.0,1.0,1.0,1.0,1.0,1.0,4.0,3.0,3.0,1.0,1.0,1.0,1.0,1.0,1.0,1984.0,9.0,2.0,공공,1.0,,1.6666666666666667,1.0,3.0,1.0,2.75,1.0
5.0,5.0,5.0,5.0,5.0,5.0,2.0,4.0,5.0,5.0,5.0,5.0,5.0,5.0,5.0,5.0,5.0,5.0,5.0,5.0,5.0,5.0,5.0,5.0,2.0,3.0,3.0,2.0,1.0,1.0,1988.0,9.0,2.0,공공,2.0,,5.0,4.2,5.0,5.0,5.0,2.2
2.0,4.0,4.0,2.0,3.0,3.0,3.0,3.0,3.0,3.0,3.0,3.0,3.0,3.0,3.0,2.0,3.0,4.0,4.0,5.0,4.0,5.0,4.0,4.0,3.0,4.0,4.0,3.0,4.0,2.0,1992.0,1.0,2.0,공공,1.0,,3.0,3.0,3.0,3.6,4.25,3.6
5.0,5.0,5.0,5.0,5.0,3.0,5.0,5.0,4.0,5.0,5.0,4.0,4.0,5.0,5.0,5.0,5.0,4.0,5.0,5.0,5.0,5.0,5.0,5.0,5.0,5.0,5.0,5.0,5.0,1.0,1983.0,1.0,2.0,공공,1.0,,4.666666666666667,4.8,4.5,4.8,5.0,5.0
3.0,5.0,4.0,5.0,5.0,4.0,4.0,4.0,2.0,4.0,3.0,5.0,5.0,5.0,5.0,5.0,5.0,5.0,4.0,4.0,5.0,3.0,5.0,5.0,4.0,5.0,4.0,5.0,5.0,1.0,1992.0,10.0,2.0,공공,2.0,,4.333333333333333,3.4,5.0,4.6,4.5,4.6
2.0,4.0,4.0,3.0,4.0,2.0,2.0,1.0,1.0,2.0,2.0,4.0,5.0,3.0,4.0,2.0,2.0,3.0,3.0,3.0,4.0,4.0,4.0,4.0,3.0,3.0,3.0,3.0,3.0,1.0,1971.0,10.0,2.0,공공,1.0,,3.1666666666666665,1.6,4.0,2.6,4.0,3.0
4.0,3.0,3.0,4.0,4.0,4.0,2.0,2.0,3.0,3.0,4.0,4.0,4.0,4.0,4.0,2.0,2.0,2.0,3.0,2.0,4.0,4.0,3.0,3.0,2.0,3.0,4.0,4.0,4.0,1.0,1991.0,9.0,2.0,공공,1.0,,3.6666666666666665,2.8,4.0,2.2,3.5,3.4
3.0,4.0,2.0,4.0,3.0,4.0,2.0,4.0,3.0,3.0,3.0,4.0,4.0,4.0,3.0,5.0,4.0,4.0,4.0,4.0,4.0,4.0,5.0,4.0,1.0,2.0,3.0,4.0,2.0,1.0,1989.0,8.0,2.0,공공,1.0,,3.3333333333333335,3.0,3.75,4.2,4.25,2.4
2.0,2.0,3.0,4.0,4.0,3.0,3.0,3.0,3.0,3.0,3.0,4.0,3.0,3.0,3.0,3.0,4.0,3.0,4.0,3.0,4.0,4.0,4.0,3.0,3.0,3.0,3.0,3.0,3.0,1.0,1991.0,1.0,2.0,공공,1.0,,3.0,3.0,3.25,3.4,3.75,3.0
2.0,3.0,2.0,2.0,2.0,3.0,1.0,1.0,1.0,1.0,1.0,1.0,3.0,3.0,3.0,3.0,3.0,3.0,3.0,3.0,4.0,4.0,4.0,4.0,3.0,3.0,2.0,2.0,2.0,1.0,1967.0,7.0,2.0,공공,2.0,,2.3333333333333335,1.0,2.5,3.0,4.0,2.4
3.0,5.0,3.0,4.0,4.0,4.0,3.0,2.0,3.0,3.0,2.0,4.0,5.0,4.0,4.0,4.0,5.0,4.0,5.0,5.0,4.0,3.0,3.0,3.0,3.0,4.0,4.0,3.0,3.0,2.0,1985.0,8.0,2.0,공공,1.0,,3.8333333333333335,2.6,4.25,4.6,3.25,3.4
2.0,4.0,1.0,3.0,2.0,2.0,4.0,3.0,4.0,3.0,4.0,5.0,5.0,4.0,5.0,4.0,5.0,4.0,4.0,5.0,4.0,4.0,3.0,4.0,2.0,1.0,5.0,4.0,1.0,1.0,1994.0,1.0,2.0,공공,1.0,,2.3333333333333335,3.6,4.75,4.4,3.75,2.6
3.0,3.0,2.0,2.0,3.0,2.0,2.0,2.0,2.0,2.0,2.0,2.0,4.0,4.0,4.0,2.0,2.0,2.0,2.0,2.0,3.0,3.0,3.0,3.0,3.0,3.0,4.0,4.0,4.0,1.0,1987.0,13.0,2.0,공공,2.0,,2.5,2.0,3.5,2.0,3.0,3.6
4.0,4.0,3.0,5.0,5.0,5.0,2.0,2.0,3.0,4.0,4.0,3.0,4.0,3.0,3.0,3.0,4.0,4.0,4.0,4.0,4.0,5.0,5.0,5.0,3.0,3.0,2.0,3.0,2.0,1.0,1976.0,6.0,2.0,공공,1.0,,4.333333333333333,3.0,3.25,3.8,4.75,2.6
4.0,4.0,4.0,5.0,2.0,4.0,3.0,3.0,4.0,4.0,3.0,4.0,4.0,4.0,4.0,4.0,4.0,4.0,4.0,4.0,4.0,4.0,4.0,4.0,2.0,2.0,2.0,2.0,2.0,2.0,1977.0,14.0,2.0,공공,1.0,,3.8333333333333335,3.4,4.0,4.0,4.0,2.0
4.0,2.0,2.0,1.0,2.0,4.0,2.0,2.0,3.0,3.0,3.0,3.0,4.0,2.0,3.0,3.0,3.0,3.0,3.0,2.0,5.0,4.0,4.0,4.0,1.0,1.0,4.0,5.0,1.0,1.0,1985.0,8.0,2.0,공공,1.0,,2.5,2.6,3.0,2.8,4.25,2.4
4.0,4.0,4.0,4.0,4.0,4.0,4.0,3.0,5.0,4.0,4.0,4.0,5.0,4.0,4.0,3.0,3.0,3.0,2.0,3.0,4.0,4.0,4.0,4.0,1.0,2.0,4.0,3.0,2.0,1.0,1974.0,3.0,2.0,공공,1.0,,4.0,4.0,4.25,2.8,4.0,2.4
4.0,3.0,3.0,4.0,4.0,4.0,5.0,5.0,5.0,5.0,5.0,5.0,5.0,5.0,5.0,5.0,5.0,5.0,5.0,5.0,3.0,3.0,3.0,3.0,3.0,3.0,3.0,3.0,3.0,1.0,1977.0,13.0,2.0,공공,2.0,,3.6666666666666665,5.0,5.0,5.0,3.0,3.0
2.0,2.0,1.0,2.0,3.0,4.0,1.0,1.0,1.0,1.0,1.0,2.0,3.0,2.0,1.0,1.0,1.0,1.0,1.0,1.0,4.0,3.0,3.0,3.0,3.0,4.0,4.0,3.0,3.0,2.0,1990.0,1.0,2.0,공공,1.0,,2.3333333333333335,1.0,2.0,1.0,3.25,3.4
2.0,4.0,3.0,4.0,4.0,4.0,2.0,1.0,2.0,3.0,3.0,4.0,4.0,4.0,3.0,4.0,5.0,4.0,4.0,4.0,3.0,3.0,3.0,3.0,3.0,3.0,3.0,3.0,3.0,2.0,1979.0,16.0,2.0,공공,1.0,,3.5,2.2,3.75,4.2,3.0,3.0
5.0,4.0,4.0,4.0,4.0,5.0,3.0,2.0,2.0,2.0,2.0,2.0,3.0,4.0,3.0,4.0,3.0,3.0,4.0,4.0,3.0,4.0,4.0,3.0,3.0,3.0,3.0,3.0,3.0,1.0,1983.0,16.0,2.0,공공,2.0,,4.333333333333333,2.2,3.0,3.6,3.5,3.0
4.0,5.0,5.0,4.0,4.0,4.0,3.0,4.0,4.0,4.0,4.0,5.0,5.0,5.0,5.0,5.0,4.0,4.0,4.0,4.0,5.0,5.0,5.0,5.0,3.0,3.0,3.0,2.0,2.0,1.0,1979.0,2.0,2.0,공공,1.0,,4.333333333333333,3.8,5.0,4.2,5.0,2.6
2.0,2.0,1.0,2.0,3.0,2.0,1.0,1.0,1.0,3.0,3.0,3.0,4.0,4.0,1.0,1.0,1.0,4.0,1.0,4.0,4.0,4.0,4.0,3.0,2.0,1.0,1.0,5.0,2.0,1.0,1984.0,17.0,2.0,공공,1.0,,2.0,1.8,3.0,2.2,3.75,2.2
4.0,5.0,4.0,3.0,3.0,4.0,3.0,2.0,4.0,3.0,3.0,2.0,4.0,4.0,4.0,2.0,2.0,2.0,4.0,2.0,3.0,4.0,4.0,4.0,3.0,4.0,4.0,3.0,3.0,1.0,1989.0,6.0,2.0,공공,1.0,,3.8333333333333335,3.0,3.5,2.4,3.75,3.4
1.0,2.0,3.0,2.0,2.0,2.0,3.0,4.0,3.0,3.0,3.0,2.0,3.0,3.0,2.0,2.0,3.0,3.0,4.0,4.0,2.0,3.0,4.0,2.0,3.0,3.0,2.0,3.0,3.0,1.0,1980.0,8.0,2.0,공공,1.0,,2.0,3.2,2.5,3.2,2.75,2.8
2.0,2.0,3.0,3.0,2.0,4.0,2.0,4.0,3.0,4.0,3.0,3.0,4.0,4.0,4.0,4.0,4.0,4.0,4.0,4.0,4.0,4.0,4.0,4.0,3.0,3.0,4.0,4.0,4.0,1.0,1992.0,15.0,2.0,공공,1.0,,2.6666666666666665,3.2,3.75,4.0,4.0,3.6
3.0,3.0,3.0,4.0,3.0,2.0,1.0,3.0,3.0,3.0,3.0,3.0,3.0,4.0,3.0,4.0,4.0,4.0,4.0,4.0,5.0,5.0,4.0,4.0,2.0,2.0,2.0,4.0,2.0,1.0,1976.0,1.0,2.0,공공,1.0,,3.0,2.6,3.25,4.0,4.5,2.4
4.0,3.0,3.0,3.0,3.0,3.0,4.0,4.0,3.0,3.0,3.0,3.0,4.0,3.0,3.0,4.0,4.0,4.0,4.0,4.0,3.0,3.0,3.0,3.0,3.0,3.0,4.0,4.0,3.0,1.0,1976.0,8.0,2.0,공공,1.0,,3.1666666666666665,3.4,3.25,4.0,3.0,3.4
4.0,3.0,3.0,2.0,2.0,3.0,2.0,2.0,4.0,2.0,2.0,2.0,3.0,3.0,2.0,3.0,3.0,4.0,2.0,3.0,4.0,4.0,3.0,3.0,4.0,2.0,4.0,4.0,5.0,1.0,1991.0,1.0,2.0,공공,1.0,,2.8333333333333335,2.4,2.5,3.0,3.5,3.8
4.0,4.0,1.0,3.0,4.0,4.0,2.0,2.0,3.0,2.0,2.0,3.0,3.0,3.0,2.0,2.0,2.0,2.0,3.0,3.0,2.0,3.0,3.0,3.0,2.0,2.0,3.0,4.0,3.0,2.0,1980.0,1.0,2.0,공공,1.0,,3.3333333333333335,2.2,2.75,2.4,2.75,2.8
2.0,3.0,4.0,5.0,2.0,4.0,1.0,3.0,4.0,4.0,2.0,4.0,5.0,5.0,5.0,3.0,4.0,5.0,4.0,5.0,5.0,4.0,4.0,4.0,2.0,2.0,2.0,2.0,1.0,2.0,1979.0,9.0,2.0,공공,2.0,,3.3333333333333335,2.8,4.75,4.2,4.25,1.8
1.0,3.0,1.0,1.0,1.0,4.0,1.0,1.0,1.0,1.0,2.0,3.0,3.0,3.0,2.0,3.0,3.0,3.0,3.0,3.0,3.0,3.0,3.0,3.0,1.0,1.0,1.0,1.0,1.0,2.0,1990.0,1.0,2.0,공공,2.0,,1.8333333333333333,1.2,2.75,3.0,3.0,1.0
4.0,2.0,4.0,3.0,2.0,4.0,1.0,1.0,1.0,1.0,1.0,1.0,4.0,3.0,4.0,3.0,2.0,2.0,1.0,1.0,4.0,3.0,3.0,3.0,2.0,1.0,1.0,2.0,2.0,1.0,1983.0,9.0,2.0,공공,1.0,,3.1666666666666665,1.0,3.0,1.8,3.25,1.6
2.0,2.0,2.0,1.0,2.0,2.0,2.0,2.0,4.0,2.0,2.0,2.0,4.0,3.0,3.0,2.0,2.0,2.0,2.0,2.0,4.0,3.0,3.0,3.0,2.0,2.0,3.0,3.0,4.0,1.0,1993.0,1.0,2.0,공공,1.0,,1.8333333333333333,2.4,3.0,2.0,3.25,2.8
4.0,4.0,4.0,5.0,5.0,5.0,4.0,3.0,4.0,4.0,5.0,5.0,5.0,4.0,4.0,5.0,5.0,5.0,4.0,5.0,5.0,5.0,5.0,5.0,2.0,2.0,2.0,3.0,1.0,1.0,1977.0,13.0,2.0,공공,1.0,,4.5,4.0,4.5,4.8,5.0,2.0
3.0,3.0,2.0,4.0,4.0,4.0,3.0,3.0,3.0,3.0,3.0,2.0,3.0,3.0,3.0,3.0,3.0,3.0,3.0,3.0,4.0,4.0,4.0,4.0,4.0,4.0,4.0,3.0,3.0,1.0,1984.0,13.0,2.0,공공,1.0,,3.3333333333333335,3.0,2.75,3.0,4.0,3.6
5.0,4.0,5.0,4.0,5.0,5.0,3.0,3.0,3.0,3.0,4.0,3.0,3.0,3.0,4.0,3.0,3.0,2.0,2.0,3.0,5.0,5.0,5.0,5.0,3.0,2.0,2.0,4.0,2.0,1.0,1978.0,8.0,2.0,공공,1.0,,4.666666666666667,3.2,3.25,2.6,5.0,2.6
3.0,1.0,1.0,3.0,4.0,3.0,1.0,1.0,1.0,1.0,1.0,4.0,5.0,5.0,4.0,4.0,3.0,4.0,4.0,4.0,2.0,2.0,4.0,4.0,1.0,1.0,1.0,1.0,1.0,1.0,1986.0,13.0,2.0,공공,2.0,,2.5,1.0,4.5,3.8,3.0,1.0
3.0,2.0,3.0,1.0,2.0,3.0,1.0,1.0,2.0,2.0,1.0,3.0,3.0,2.0,2.0,3.0,3.0,3.0,3.0,3.0,4.0,4.0,3.0,3.0,3.0,3.0,3.0,3.0,3.0,1.0,1991.0,8.0,2.0,공공,1.0,,2.3333333333333335,1.4,2.5,3.0,3.5,3.0
2.0,2.0,2.0,3.0,3.0,2.0,3.0,3.0,3.0,3.0,3.0,4.0,4.0,4.0,4.0,4.0,5.0,5.0,5.0,4.0,4.0,4.0,3.0,4.0,2.0,2.0,2.0,2.0,2.0,2.0,1990.0,1.0,2.0,공공,1.0,,2.3333333333333335,3.0,4.0,4.6,3.75,2.0
4.0,2.0,4.0,4.0,4.0,5.0,3.0,3.0,3.0,3.0,3.0,5.0,5.0,2.0,5.0,4.0,4.0,5.0,5.0,5.0,4.0,4.0,5.0,4.0,4.0,4.0,4.0,4.0,2.0,2.0,1995.0,8.0,2.0,공공,1.0,,3.8333333333333335,3.0,4.25,4.6,4.25,3.6
3.0,3.0,3.0,3.0,3.0,3.0,4.0,4.0,4.0,4.0,4.0,4.0,5.0,5.0,5.0,4.0,4.0,4.0,4.0,4.0,4.0,4.0,4.0,4.0,4.0,4.0,4.0,3.0,3.0,1.0,1975.0,6.0,2.0,공공,2.0,,3.0,4.0,4.75,4.0,4.0,3.6
5.0,2.0,4.0,5.0,5.0,5.0,5.0,5.0,5.0,5.0,5.0,5.0,5.0,5.0,5.0,5.0,5.0,4.0,5.0,5.0,5.0,5.0,4.0,5.0,1.0,1.0,3.0,4.0,5.0,1.0,1995.0,9.0,2.0,공공,1.0,,4.333333333333333,5.0,5.0,4.8,4.75,2.8
3.0,3.0,4.0,4.0,4.0,4.0,3.0,4.0,4.0,4.0,4.0,4.0,4.0,4.0,4.0,4.0,4.0,5.0,4.0,4.0,4.0,4.0,4.0,4.0,4.0,4.0,4.0,4.0,4.0,1.0,1976.0,15.0,2.0,공공,1.0,,3.6666666666666665,3.8,4.0,4.2,4.0,4.0
4.0,3.0,2.0,3.0,3.0,4.0,2.0,2.0,2.0,2.0,2.0,3.0,4.0,4.0,3.0,3.0,2.0,2.0,3.0,2.0,4.0,4.0,4.0,4.0,1.0,1.0,1.0,2.0,1.0,1.0,1972.0,4.0,2.0,공공,2.0,,3.1666666666666665,2.0,3.5,2.4,4.0,1.2
4.0,4.0,1.0,2.0,2.0,3.0,2.0,2.0,2.0,2.0,2.0,2.0,4.0,3.0,3.0,3.0,3.0,3.0,3.0,3.0,4.0,3.0,3.0,3.0,3.0,4.0,4.0,4.0,3.0,1.0,1982.0,8.0,2.0,공공,1.0,,2.6666666666666665,2.0,3.0,3.0,3.25,3.6
2.0,2.0,3.0,2.0,3.0,3.0,3.0,3.0,4.0,3.0,2.0,3.0,4.0,2.0,3.0,3.0,3.0,3.0,3.0,4.0,4.0,4.0,4.0,4.0,1.0,1.0,1.0,2.0,1.0,1.0,1990.0,1.0,2.0,공공,1.0,,2.5,3.0,3.0,3.2,4.0,1.2
4.0,4.0,4.0,4.0,5.0,4.0,3.0,3.0,4.0,4.0,3.0,4.0,4.0,4.0,4.0,3.0,3.0,4.0,4.0,4.0,4.0,4.0,4.0,4.0,2.0,2.0,4.0,2.0,3.0,1.0,1967.0,10.0,2.0,공공,2.0,,4.166666666666667,3.4,4.0,3.6,4.0,2.6
3.0,2.0,4.0,1.0,2.0,2.0,2.0,2.0,1.0,2.0,1.0,3.0,3.0,3.0,4.0,4.0,4.0,4.0,3.0,4.0,5.0,5.0,5.0,5.0,3.0,4.0,4.0,3.0,3.0,2.0,1977.0,1.0,2.0,공공,1.0,,2.3333333333333335,1.6,3.25,3.8,5.0,3.4
4.0,2.0,3.0,3.0,3.0,3.0,3.0,3.0,3.0,3.0,3.0,3.0,3.0,3.0,3.0,2.0,3.0,2.0,4.0,3.0,2.0,2.0,4.0,3.0,2.0,2.0,4.0,3.0,3.0,1.0,1976.0,5.0,2.0,공공,1.0,,3.0,3.0,3.0,2.8,2.75,2.8
4.0,5.0,4.0,5.0,5.0,5.0,2.0,4.0,4.0,4.0,5.0,4.0,5.0,5.0,4.0,4.0,5.0,4.0,5.0,4.0,3.0,4.0,4.0,5.0,2.0,2.0,3.0,3.0,1.0,1.0,1979.0,11.0,2.0,공공,1.0,,4.666666666666667,3.8,4.5,4.4,4.0,2.2
3.0,3.0,3.0,3.0,3.0,4.0,3.0,3.0,2.0,3.0,3.0,3.0,3.0,3.0,3.0,3.0,4.0,2.0,3.0,3.0,3.0,4.0,2.0,3.0,3.0,3.0,2.0,4.0,3.0,1.0,1986.0,8.0,2.0,공공,1.0,,3.1666666666666665,2.8,3.0,3.0,3.0,3.0
2.0,4.0,4.0,5.0,3.0,4.0,3.0,3.0,4.0,3.0,3.0,3.0,4.0,4.0,4.0,4.0,4.0,4.0,4.0,5.0,5.0,5.0,4.0,2.0,2.0,2.0,4.0,2.0,3.0,1.0,1980.0,1.0,2.0,공공,1.0,,3.6666666666666665,3.2,3.75,4.2,4.0,2.6
2.0,2.0,1.0,1.0,1.0,3.0,1.0,1.0,1.0,1.0,1.0,1.0,3.0,3.0,1.0,1.0,1.0,1.0,1.0,1.0,3.0,3.0,4.0,3.0,1.0,1.0,1.0,1.0,1.0,2.0,1985.0,12.0,2.0,공공,2.0,,1.6666666666666667,1.0,2.0,1.0,3.25,1.0
3.0,4.0,2.0,1.0,2.0,4.0,1.0,3.0,1.0,3.0,1.0,3.0,3.0,4.0,2.0,3.0,3.0,3.0,3.0,3.0,4.0,4.0,4.0,4.0,2.0,2.0,1.0,2.0,3.0,2.0,1982.0,8.0,2.0,공공,1.0,,2.6666666666666665,1.8,3.0,3.0,4.0,2.0
4.0,2.0,2.0,2.0,2.0,3.0,2.0,3.0,2.0,3.0,2.0,3.0,4.0,3.0,4.0,4.0,4.0,3.0,4.0,5.0,4.0,4.0,3.0,4.0,3.0,3.0,4.0,4.0,3.0,1.0,1973.0,2.0,2.0,공공,2.0,,2.5,2.4,3.5,4.0,3.75,3.4
4.0,4.0,3.0,3.0,3.0,3.0,3.0,3.0,3.0,3.0,3.0,3.0,3.0,3.0,3.0,4.0,4.0,4.0,3.0,3.0,4.0,4.0,4.0,4.0,1.0,1.0,1.0,1.0,1.0,1.0,1979.0,1.0,2.0,공공,1.0,,3.3333333333333335,3.0,3.0,3.6,4.0,1.0
4.0,5.0,4.0,2.0,2.0,1.0,2.0,4.0,4.0,4.0,2.0,4.0,5.0,3.0,3.0,4.0,5.0,4.0,4.0,4.0,5.0,4.0,2.0,3.0,3.0,4.0,2.0,4.0,2.0,1.0,1994.0,9.0,2.0,공공,1.0,,3.0,3.2,3.75,4.2,3.5,3.0
2.0,4.0,2.0,2.0,2.0,3.0,2.0,2.0,1.0,1.0,2.0,4.0,4.0,3.0,3.0,1.0,1.0,1.0,1.0,1.0,3.0,3.0,4.0,3.0,5.0,5.0,5.0,5.0,5.0,1.0,1983.0,1.0,2.0,공공,1.0,,2.5,1.6,3.5,1.0,3.25,5.0
4.0,2.0,3.0,5.0,5.0,4.0,3.0,4.0,3.0,5.0,4.0,5.0,5.0,5.0,5.0,4.0,5.0,4.0,4.0,4.0,5.0,5.0,5.0,4.0,2.0,2.0,3.0,1.0,2.0,1.0,1986.0,9.0,2.0,공공,1.0,,3.8333333333333335,3.8,5.0,4.2,4.75,2.0
3.0,4.0,2.0,2.0,3.0,3.0,2.0,3.0,2.0,2.0,2.0,3.0,3.0,4.0,3.0,3.0,3.0,3.0,3.0,3.0,3.0,3.0,3.0,3.0,2.0,2.0,2.0,2.0,2.0,1.0,1992.0,8.0,2.0,공공,1.0,,2.8333333333333335,2.2,3.25,3.0,3.0,2.0
4.0,3.0,3.0,5.0,5.0,4.0,3.0,3.0,3.0,3.0,3.0,3.0,3.0,3.0,3.0,5.0,5.0,5.0,5.0,5.0,5.0,3.0,3.0,3.0,1.0,1.0,1.0,1.0,1.0,1.0,1996.0,1.0,2.0,공공,1.0,,4.0,3.0,3.0,5.0,3.5,1.0
4.0,3.0,2.0,3.0,3.0,4.0,3.0,2.0,2.0,3.0,3.0,3.0,4.0,4.0,3.0,3.0,4.0,4.0,4.0,3.0,4.0,4.0,3.0,4.0,2.0,3.0,4.0,4.0,2.0,1.0,1987.0,13.0,2.0,공공,1.0,,3.1666666666666665,2.6,3.5,3.6,3.75,3.0
4.0,4.0,5.0,5.0,4.0,4.0,2.0,1.0,2.0,1.0,1.0,3.0,4.0,4.0,3.0,1.0,2.0,1.0,1.0,1.0,1.0,4.0,5.0,4.0,3.0,3.0,4.0,5.0,1.0,2.0,1972.0,12.0,2.0,공공,1.0,,4.333333333333333,1.4,3.5,1.2,3.5,3.2
3.0,4.0,3.0,4.0,4.0,4.0,3.0,3.0,3.0,3.0,2.0,3.0,4.0,3.0,4.0,3.0,4.0,3.0,3.0,3.0,3.0,4.0,4.0,4.0,4.0,4.0,4.0,4.0,4.0,1.0,1982.0,8.0,2.0,공공,1.0,,3.6666666666666665,2.8,3.5,3.2,3.75,4.0
4.0,4.0,4.0,4.0,4.0,4.0,4.0,3.0,4.0,4.0,5.0,4.0,5.0,4.0,4.0,4.0,5.0,4.0,4.0,4.0,4.0,4.0,4.0,4.0,4.0,4.0,4.0,2.0,3.0,1.0,1980.0,1.0,2.0,공공,1.0,,4.0,4.0,4.25,4.2,4.0,3.4
4.0,3.0,5.0,4.0,4.0,5.0,5.0,5.0,5.0,5.0,5.0,5.0,5.0,5.0,5.0,4.0,5.0,3.0,5.0,5.0,5.0,5.0,5.0,3.0,5.0,5.0,5.0,5.0,5.0,1.0,1984.0,8.0,2.0,공공,1.0,,4.166666666666667,5.0,5.0,4.4,4.5,5.0
3.0,2.0,1.0,2.0,2.0,2.0,3.0,3.0,3.0,3.0,3.0,3.0,3.0,3.0,3.0,4.0,5.0,4.0,5.0,4.0,4.0,4.0,4.0,3.0,1.0,2.0,3.0,4.0,2.0,1.0,1987.0,8.0,2.0,공공,1.0,,2.0,3.0,3.0,4.4,3.75,2.4
4.0,5.0,4.0,1.0,4.0,4.0,2.0,1.0,3.0,3.0,3.0,5.0,4.0,5.0,4.0,4.0,4.0,4.0,3.0,4.0,4.0,4.0,4.0,4.0,1.0,1.0,1.0,1.0,1.0,1.0,1992.0,4.0,2.0,공공,1.0,,3.6666666666666665,2.4,4.5,3.8,4.0,1.0
4.0,4.0,4.0,5.0,4.0,5.0,2.0,2.0,2.0,3.0,2.0,1.0,3.0,3.0,3.0,3.0,3.0,3.0,3.0,3.0,4.0,4.0,4.0,4.0,4.0,4.0,4.0,4.0,4.0,2.0,1979.0,8.0,2.0,공공,1.0,,4.333333333333333,2.2,2.5,3.0,4.0,4.0
4.0,4.0,3.0,4.0,5.0,4.0,3.0,3.0,3.0,3.0,4.0,3.0,3.0,4.0,3.0,3.0,4.0,3.0,3.0,4.0,3.0,4.0,3.0,4.0,3.0,3.0,3.0,4.0,3.0,1.0,1968.0,15.0,2.0,공공,1.0,,4.0,3.2,3.25,3.4,3.5,3.2
4.0,2.0,2.0,2.0,2.0,3.0,2.0,2.0,3.0,3.0,3.0,4.0,4.0,4.0,3.0,3.0,4.0,4.0,3.0,4.0,4.0,4.0,4.0,3.0,4.0,4.0,3.0,4.0,3.0,1.0,1987.0,1.0,2.0,공공,1.0,,2.5,2.6,3.75,3.6,3.75,3.6
2.0,2.0,2.0,2.0,2.0,4.0,2.0,2.0,3.0,2.0,1.0,2.0,5.0,2.0,2.0,2.0,3.0,2.0,2.0,2.0,4.0,4.0,2.0,2.0,4.0,4.0,4.0,2.0,2.0,2.0,1986.0,8.0,2.0,공공,1.0,,2.3333333333333335,2.0,2.75,2.2,3.0,3.2
3.0,4.0,4.0,3.0,5.0,4.0,3.0,3.0,3.0,3.0,3.0,5.0,5.0,3.0,4.0,3.0,4.0,4.0,4.0,4.0,4.0,5.0,5.0,4.0,5.0,5.0,4.0,5.0,2.0,1.0,1989.0,1.0,2.0,공공,1.0,,3.8333333333333335,3.0,4.25,3.8,4.5,4.2
4.0,4.0,5.0,5.0,5.0,4.0,3.0,3.0,3.0,3.0,3.0,2.0,3.0,3.0,3.0,3.0,3.0,3.0,3.0,2.0,4.0,5.0,5.0,3.0,2.0,3.0,3.0,3.0,3.0,2.0,1982.0,4.0,2.0,공공,1.0,,4.5,3.0,2.75,2.8,4.25,2.8
3.0,2.0,2.0,4.0,3.0,4.0,2.0,2.0,4.0,3.0,3.0,2.0,5.0,4.0,4.0,4.0,4.0,4.0,3.0,3.0,4.0,3.0,2.0,3.0,2.0,4.0,4.0,3.0,1.0,1.0,1985.0,8.0,2.0,공공,1.0,,3.0,2.8,3.75,3.6,3.0,2.8
2.0,3.0,3.0,4.0,4.0,4.0,2.0,2.0,4.0,3.0,3.0,3.0,3.0,3.0,3.0,3.0,3.0,2.0,3.0,3.0,3.0,3.0,3.0,3.0,2.0,3.0,3.0,3.0,3.0,1.0,1985.0,8.0,2.0,공공,1.0,,3.3333333333333335,2.8,3.0,2.8,3.0,2.8
1.0,1.0,1.0,1.0,1.0,1.0,3.0,3.0,3.0,4.0,3.0,3.0,4.0,4.0,4.0,5.0,5.0,5.0,5.0,5.0,4.0,4.0,4.0,4.0,1.0,1.0,1.0,5.0,4.0,1.0,1992.0,9.0,2.0,공공,1.0,,1.0,3.2,3.75,5.0,4.0,2.4
4.0,2.0,4.0,4.0,4.0,4.0,2.0,2.0,2.0,2.0,2.0,2.0,4.0,2.0,2.0,2.0,1.0,2.0,2.0,2.0,4.0,4.0,4.0,4.0,1.0,1.0,1.0,1.0,1.0,2.0,1975.0,16.0,2.0,공공,2.0,,3.6666666666666665,2.0,2.5,1.8,4.0,1.0
4.0,3.0,5.0,4.0,5.0,4.0,3.0,3.0,3.0,3.0,3.0,3.0,3.0,4.0,4.0,4.0,4.0,4.0,4.0,4.0,4.0,4.0,3.0,4.0,4.0,4.0,3.0,4.0,4.0,2.0,1970.0,16.0,2.0,공공,2.0,,4.166666666666667,3.0,3.5,4.0,3.75,3.8
4.0,4.0,2.0,1.0,3.0,4.0,1.0,1.0,2.0,2.0,1.0,2.0,3.0,4.0,2.0,3.0,4.0,4.0,4.0,4.0,4.0,4.0,4.0,4.0,2.0,2.0,3.0,3.0,2.0,1.0,1975.0,9.0,2.0,공공,1.0,,3.0,1.4,2.75,3.8,4.0,2.4
4.0,3.0,3.0,3.0,4.0,4.0,1.0,1.0,1.0,1.0,1.0,3.0,2.0,2.0,2.0,2.0,3.0,2.0,2.0,2.0,4.0,4.0,4.0,4.0,1.0,1.0,1.0,3.0,1.0,2.0,1997.0,1.0,2.0,공공,2.0,,3.5,1.0,2.25,2.2,4.0,1.4
1.0,2.0,1.0,2.0,2.0,1.0,2.0,2.0,2.0,2.0,5.0,1.0,5.0,5.0,4.0,2.0,3.0,3.0,5.0,3.0,1.0,1.0,1.0,1.0,5.0,5.0,5.0,5.0,5.0,1.0,1989.0,5.0,2.0,공공,1.0,,1.5,2.6,3.75,3.2,1.0,5.0
4.0,4.0,2.0,4.0,2.0,4.0,2.0,2.0,3.0,3.0,2.0,3.0,3.0,2.0,4.0,3.0,2.0,2.0,2.0,2.0,4.0,4.0,4.0,4.0,2.0,2.0,4.0,4.0,2.0,1.0,1993.0,6.0,2.0,공공,1.0,,3.3333333333333335,2.4,3.0,2.2,4.0,2.8
4.0,5.0,1.0,5.0,4.0,5.0,1.0,1.0,1.0,5.0,4.0,4.0,5.0,4.0,4.0,4.0,5.0,5.0,5.0,5.0,2.0,4.0,5.0,4.0,1.0,1.0,1.0,2.0,1.0,1.0,1990.0,1.0,2.0,공공,1.0,,4.0,2.4,4.25,4.8,3.75,1.2
3.0,4.0,3.0,4.0,5.0,5.0,2.0,3.0,3.0,4.0,4.0,5.0,5.0,5.0,5.0,4.0,5.0,4.0,5.0,5.0,5.0,5.0,5.0,5.0,1.0,1.0,1.0,3.0,1.0,1.0,1981.0,2.0,2.0,공공,1.0,,4.0,3.2,5.0,4.6,5.0,1.4
4.0,4.0,3.0,4.0,4.0,5.0,4.0,3.0,2.0,3.0,3.0,3.0,4.0,3.0,2.0,4.0,4.0,3.0,3.0,4.0,4.0,3.0,4.0,3.0,3.0,4.0,3.0,4.0,3.0,1.0,1974.0,9.0,2.0,공공,1.0,,4.0,3.0,3.0,3.6,3.5,3.4
3.0,2.0,1.0,3.0,3.0,3.0,2.0,4.0,3.0,2.0,3.0,3.0,5.0,4.0,4.0,5.0,4.0,4.0,4.0,5.0,4.0,4.0,4.0,4.0,2.0,2.0,4.0,5.0,1.0,1.0,1989.0,2.0,2.0,공공,1.0,,2.5,2.8,4.0,4.4,4.0,2.8
3.0,3.0,2.0,5.0,4.0,4.0,4.0,4.0,4.0,4.0,4.0,4.0,4.0,4.0,4.0,4.0,4.0,4.0,4.0,4.0,4.0,4.0,4.0,4.0,4.0,4.0,4.0,4.0,4.0,1.0,1972.0,4.0,2.0,공공,1.0,,3.5,4.0,4.0,4.0,4.0,4.0
3.0,4.0,4.0,5.0,4.0,4.0,1.0,1.0,3.0,3.0,2.0,2.0,4.0,3.0,2.0,2.0,3.0,3.0,4.0,4.0,4.0,4.0,5.0,5.0,3.0,4.0,4.0,5.0,3.0,2.0,1986.0,2.0,2.0,공공,2.0,,4.0,2.0,2.75,3.2,4.5,3.8
5.0,3.0,5.0,4.0,3.0,3.0,1.0,2.0,1.0,1.0,2.0,1.0,4.0,2.0,3.0,3.0,1.0,3.0,3.0,2.0,4.0,3.0,3.0,3.0,4.0,2.0,2.0,4.0,4.0,1.0,1986.0,11.0,2.0,공공,1.0,,3.8333333333333335,1.4,2.5,2.4,3.25,3.2
2.0,4.0,4.0,4.0,4.0,4.0,3.0,3.0,3.0,3.0,4.0,3.0,4.0,3.0,4.0,3.0,3.0,3.0,4.0,4.0,4.0,4.0,5.0,4.0,4.0,3.0,4.0,4.0,3.0,2.0,1996.0,1.0,2.0,공공,1.0,,3.6666666666666665,3.2,3.5,3.4,4.25,3.6
4.0,3.0,4.0,3.0,4.0,4.0,4.0,4.0,4.0,4.0,4.0,3.0,3.0,4.0,3.0,4.0,4.0,4.0,4.0,4.0,3.0,4.0,4.0,4.0,4.0,3.0,3.0,4.0,4.0,1.0,1991.0,1.0,2.0,공공,1.0,,3.6666666666666665,4.0,3.25,4.0,3.75,3.6
1.0,4.0,4.0,5.0,5.0,5.0,5.0,5.0,5.0,5.0,5.0,3.0,4.0,5.0,2.0,5.0,4.0,5.0,2.0,1.0,5.0,4.0,5.0,2.0,5.0,4.0,4.0,5.0,3.0,1.0,1989.0,1.0,2.0,공공,1.0,,4.0,5.0,3.5,3.4,4.0,4.2
2.0,2.0,1.0,2.0,3.0,4.0,1.0,1.0,2.0,1.0,1.0,2.0,2.0,1.0,2.0,1.0,1.0,1.0,1.0,1.0,4.0,4.0,2.0,2.0,3.0,2.0,3.0,2.0,2.0,2.0,1991.0,3.0,2.0,공공,2.0,,2.3333333333333335,1.2,1.75,1.0,3.0,2.4
2.0,2.0,1.0,4.0,3.0,4.0,2.0,2.0,2.0,3.0,1.0,2.0,4.0,4.0,2.0,4.0,4.0,4.0,4.0,3.0,4.0,4.0,4.0,4.0,1.0,1.0,3.0,4.0,2.0,1.0,1978.0,17.0,2.0,공공,1.0,,2.6666666666666665,2.0,3.0,3.8,4.0,2.2
3.0,2.0,2.0,4.0,3.0,2.0,3.0,4.0,4.0,5.0,4.0,3.0,5.0,5.0,4.0,4.0,4.0,3.0,2.0,2.0,4.0,4.0,3.0,4.0,2.0,4.0,4.0,4.0,2.0,2.0,1998.0,13.0,2.0,공공,1.0,,2.6666666666666665,4.0,4.25,3.0,3.75,3.2
3.0,3.0,2.0,2.0,3.0,4.0,2.0,3.0,3.0,3.0,3.0,3.0,3.0,3.0,3.0,3.0,3.0,3.0,3.0,3.0,3.0,3.0,3.0,3.0,3.0,3.0,3.0,3.0,3.0,1.0,1982.0,8.0,2.0,공공,1.0,,2.8333333333333335,2.8,3.0,3.0,3.0,3.0
4.0,2.0,2.0,3.0,3.0,4.0,1.0,1.0,1.0,1.0,1.0,3.0,3.0,1.0,1.0,3.0,2.0,2.0,2.0,2.0,1.0,3.0,3.0,3.0,2.0,2.0,2.0,4.0,2.0,2.0,1985.0,1.0,2.0,공공,2.0,,3.0,1.0,2.0,2.2,2.5,2.4
2.0,3.0,2.0,2.0,2.0,4.0,1.0,1.0,2.0,1.0,1.0,1.0,4.0,2.0,1.0,1.0,1.0,1.0,1.0,1.0,4.0,4.0,4.0,4.0,2.0,4.0,4.0,4.0,3.0,2.0,1983.0,7.0,2.0,공공,2.0,,2.5,1.2,2.0,1.0,4.0,3.4
3.0,3.0,2.0,3.0,3.0,2.0,3.0,2.0,4.0,4.0,4.0,4.0,3.0,4.0,4.0,4.0,4.0,4.0,3.0,4.0,3.0,2.0,4.0,4.0,4.0,2.0,2.0,4.0,2.0,1.0,1980.0,13.0,2.0,공공,1.0,,2.6666666666666665,3.4,3.75,3.8,3.25,2.8
2.0,2.0,3.0,2.0,2.0,4.0,3.0,3.0,3.0,3.0,4.0,3.0,3.0,3.0,3.0,4.0,4.0,4.0,4.0,4.0,3.0,4.0,3.0,3.0,2.0,2.0,3.0,4.0,2.0,2.0,1991.0,3.0,2.0,공공,2.0,,2.5,3.2,3.0,4.0,3.25,2.6
2.0,4.0,2.0,2.0,1.0,4.0,4.0,4.0,5.0,4.0,4.0,5.0,5.0,4.0,4.0,5.0,4.0,2.0,5.0,3.0,5.0,4.0,4.0,4.0,4.0,5.0,2.0,5.0,2.0,1.0,1997.0,14.0,2.0,공공,1.0,,2.5,4.2,4.5,3.8,4.25,3.6
4.0,2.0,2.0,4.0,4.0,4.0,2.0,2.0,2.0,2.0,2.0,2.0,4.0,3.0,3.0,2.0,3.0,3.0,3.0,2.0,3.0,3.0,3.0,3.0,2.0,2.0,2.0,2.0,2.0,1.0,1983.0,13.0,2.0,공공,1.0,,3.3333333333333335,2.0,3.0,2.6,3.0,2.0
2.0,4.0,3.0,4.0,3.0,1.0,2.0,4.0,3.0,3.0,2.0,4.0,5.0,4.0,2.0,2.0,3.0,3.0,4.0,1.0,5.0,4.0,2.0,4.0,5.0,5.0,5.0,5.0,5.0,1.0,1990.0,9.0,2.0,공공,1.0,,2.8333333333333335,2.8,3.75,2.6,3.75,5.0
4.0,5.0,3.0,4.0,4.0,5.0,3.0,1.0,2.0,1.0,1.0,1.0,5.0,5.0,4.0,1.0,1.0,1.0,1.0,1.0,5.0,5.0,5.0,5.0,4.0,4.0,4.0,5.0,4.0,2.0,1972.0,3.0,2.0,공공,1.0,,4.166666666666667,1.6,3.75,1.0,5.0,4.2
1.0,4.0,1.0,1.0,1.0,1.0,2.0,2.0,4.0,2.0,2.0,3.0,5.0,4.0,5.0,5.0,5.0,3.0,5.0,4.0,5.0,5.0,5.0,5.0,1.0,3.0,3.0,5.0,1.0,2.0,1998.0,11.0,2.0,공공,1.0,,1.5,2.4,4.25,4.4,5.0,2.6
4.0,4.0,2.0,3.0,3.0,4.0,1.0,1.0,3.0,1.0,1.0,4.0,4.0,3.0,4.0,2.0,1.0,1.0,1.0,1.0,2.0,4.0,5.0,4.0,1.0,1.0,1.0,2.0,1.0,2.0,1982.0,9.0,2.0,공공,1.0,,3.3333333333333335,1.4,3.75,1.2,3.75,1.2
2.0,4.0,2.0,3.0,3.0,4.0,4.0,4.0,3.0,5.0,4.0,4.0,5.0,5.0,5.0,3.0,3.0,4.0,4.0,3.0,4.0,5.0,5.0,5.0,2.0,2.0,4.0,3.0,2.0,2.0,1996.0,9.0,2.0,공공,2.0,,3.0,4.0,4.75,3.4,4.75,2.6
2.0,2.0,2.0,4.0,4.0,4.0,2.0,2.0,2.0,3.0,3.0,3.0,4.0,3.0,4.0,3.0,3.0,3.0,3.0,3.0,4.0,4.0,4.0,4.0,2.0,2.0,3.0,3.0,2.0,2.0,1990.0,6.0,2.0,공공,1.0,,3.0,2.4,3.5,3.0,4.0,2.4
3.0,2.0,3.0,3.0,3.0,4.0,3.0,2.0,4.0,2.0,2.0,3.0,4.0,2.0,3.0,2.0,2.0,2.0,2.0,2.0,4.0,4.0,2.0,3.0,3.0,2.0,3.0,2.0,2.0,2.0,1983.0,9.0,2.0,공공,2.0,,3.0,2.6,3.0,2.0,3.25,2.4
4.0,4.0,3.0,5.0,4.0,4.0,3.0,3.0,4.0,3.0,4.0,3.0,4.0,4.0,4.0,3.0,3.0,3.0,3.0,3.0,3.0,3.0,4.0,4.0,4.0,4.0,4.0,3.0,2.0,2.0,1975.0,16.0,2.0,공공,2.0,,4.0,3.4,3.75,3.0,3.5,3.4
2.0,3.0,2.0,3.0,3.0,3.0,3.0,3.0,3.0,3.0,3.0,3.0,3.0,3.0,3.0,3.0,3.0,3.0,4.0,2.0,4.0,4.0,3.0,4.0,2.0,3.0,4.0,4.0,3.0,1.0,1978.0,1.0,2.0,공공,1.0,,2.6666666666666665,3.0,3.0,3.0,3.75,3.2
3.0,2.0,1.0,3.0,1.0,3.0,3.0,3.0,2.0,3.0,3.0,3.0,3.0,3.0,3.0,3.0,4.0,4.0,4.0,4.0,4.0,4.0,4.0,3.0,2.0,2.0,4.0,2.0,1.0,1.0,1981.0,2.0,2.0,공공,1.0,,2.1666666666666665,2.8,3.0,3.8,3.75,2.2
1.0,1.0,1.0,1.0,1.0,2.0,1.0,1.0,1.0,1.0,1.0,1.0,3.0,3.0,2.0,1.0,1.0,1.0,1.0,1.0,4.0,2.0,1.0,3.0,1.0,1.0,1.0,1.0,1.0,2.0,1992.0,14.0,2.0,공공,2.0,,1.1666666666666667,1.0,2.25,1.0,2.5,1.0
2.0,3.0,2.0,1.0,2.0,3.0,1.0,1.0,2.0,1.0,1.0,1.0,1.0,1.0,1.0,1.0,1.0,1.0,1.0,1.0,4.0,4.0,3.0,3.0,1.0,4.0,4.0,5.0,3.0,2.0,1987.0,16.0,2.0,공공,2.0,,2.1666666666666665,1.2,1.0,1.0,3.5,3.4
4.0,4.0,2.0,5.0,4.0,3.0,3.0,3.0,3.0,4.0,2.0,4.0,5.0,2.0,3.0,4.0,5.0,5.0,5.0,5.0,4.0,4.0,4.0,3.0,2.0,3.0,4.0,2.0,2.0,2.0,1991.0,1.0,2.0,공공,1.0,,3.6666666666666665,3.0,3.5,4.8,3.75,2.6
1.0,1.0,1.0,1.0,3.0,2.0,1.0,2.0,2.0,2.0,2.0,2.0,3.0,1.0,2.0,2.0,1.0,1.0,2.0,2.0,4.0,4.0,4.0,3.0,4.0,4.0,3.0,3.0,3.0,1.0,1972.0,6.0,2.0,공공,1.0,,1.5,1.8,2.0,1.6,3.75,3.4
2.0,2.0,4.0,2.0,4.0,4.0,1.0,4.0,1.0,1.0,3.0,3.0,3.0,2.0,3.0,4.0,4.0,4.0,4.0,4.0,5.0,5.0,4.0,5.0,1.0,2.0,4.0,2.0,2.0,2.0,1972.0,1.0,2.0,공공,2.0,,3.0,2.0,2.75,4.0,4.75,2.2
2.0,2.0,2.0,2.0,2.0,4.0,1.0,3.0,4.0,4.0,3.0,4.0,4.0,4.0,3.0,3.0,2.0,4.0,4.0,3.0,4.0,3.0,3.0,4.0,1.0,1.0,4.0,3.0,2.0,2.0,1985.0,8.0,2.0,공공,1.0,,2.3333333333333335,3.0,3.75,3.2,3.5,2.2
4.0,4.0,4.0,4.0,4.0,4.0,3.0,3.0,3.0,3.0,3.0,4.0,5.0,3.0,3.0,3.0,4.0,3.0,3.0,3.0,3.0,4.0,3.0,3.0,3.0,3.0,3.0,3.0,3.0,1.0,1986.0,8.0,2.0,공공,1.0,,4.0,3.0,3.75,3.2,3.25,3.0
5.0,5.0,5.0,5.0,5.0,5.0,4.0,5.0,4.0,5.0,5.0,4.0,5.0,5.0,5.0,5.0,5.0,5.0,5.0,5.0,5.0,5.0,5.0,5.0,3.0,3.0,3.0,1.0,1.0,2.0,1980.0,3.0,2.0,공공,2.0,,5.0,4.6,4.75,5.0,5.0,2.2
2.0,2.0,4.0,3.0,4.0,4.0,2.0,2.0,4.0,2.0,2.0,4.0,4.0,4.0,4.0,2.0,1.0,1.0,2.0,4.0,4.0,4.0,2.0,2.0,2.0,2.0,4.0,2.0,2.0,2.0,1989.0,1.0,2.0,공공,2.0,,3.1666666666666665,2.4,4.0,2.0,3.0,2.4
4.0,4.0,3.0,4.0,4.0,4.0,4.0,3.0,3.0,3.0,3.0,4.0,4.0,4.0,4.0,4.0,4.0,4.0,4.0,4.0,3.0,5.0,4.0,4.0,1.0,1.0,1.0,1.0,1.0,1.0,1970.0,16.0,2.0,공공,1.0,,3.8333333333333335,3.2,4.0,4.0,4.0,1.0
4.0,4.0,4.0,3.0,3.0,4.0,1.0,2.0,4.0,2.0,2.0,4.0,4.0,4.0,4.0,1.0,2.0,2.0,2.0,2.0,5.0,5.0,4.0,4.0,1.0,1.0,1.0,4.0,1.0,2.0,1985.0,17.0,2.0,공공,2.0,,3.6666666666666665,2.2,4.0,1.8,4.5,1.6
4.0,3.0,4.0,4.0,4.0,5.0,3.0,3.0,3.0,3.0,4.0,4.0,4.0,4.0,4.0,4.0,4.0,4.0,5.0,4.0,2.0,4.0,4.0,4.0,4.0,4.0,3.0,3.0,3.0,2.0,1975.0,1.0,2.0,공공,1.0,,4.0,3.2,4.0,4.2,3.5,3.4
4.0,4.0,2.0,3.0,2.0,5.0,1.0,1.0,2.0,1.0,1.0,5.0,4.0,2.0,4.0,4.0,4.0,3.0,5.0,2.0,5.0,5.0,5.0,5.0,2.0,1.0,4.0,5.0,1.0,2.0,1987.0,7.0,2.0,공공,2.0,,3.3333333333333335,1.2,3.75,3.6,5.0,2.6
1.0,2.0,2.0,2.0,2.0,5.0,1.0,1.0,1.0,1.0,1.0,1.0,1.0,1.0,1.0,1.0,1.0,1.0,1.0,1.0,5.0,5.0,5.0,5.0,5.0,5.0,5.0,1.0,1.0,2.0,1968.0,1.0,2.0,공공,2.0,,2.3333333333333335,1.0,1.0,1.0,5.0,3.4
3.0,3.0,3.0,3.0,3.0,2.0,3.0,4.0,3.0,4.0,3.0,4.0,3.0,4.0,3.0,3.0,4.0,4.0,4.0,3.0,4.0,4.0,4.0,3.0,4.0,4.0,3.0,4.0,4.0,2.0,1977.0,6.0,2.0,공공,2.0,,2.8333333333333335,3.4,3.5,3.6,3.75,3.8
4.0,2.0,2.0,2.0,2.0,2.0,3.0,3.0,3.0,3.0,3.0,3.0,3.0,3.0,3.0,3.0,3.0,3.0,3.0,3.0,2.0,2.0,4.0,4.0,3.0,3.0,3.0,3.0,3.0,1.0,1976.0,1.0,2.0,공공,1.0,,2.3333333333333335,3.0,3.0,3.0,3.0,3.0
4.0,4.0,2.0,4.0,4.0,4.0,2.0,2.0,4.0,4.0,4.0,3.0,4.0,3.0,4.0,3.0,3.0,3.0,3.0,3.0,3.0,3.0,3.0,3.0,3.0,4.0,4.0,3.0,2.0,2.0,1995.0,8.0,2.0,공공,1.0,,3.6666666666666665,3.2,3.5,3.0,3.0,3.2
2.0,2.0,5.0,4.0,2.0,2.0,3.0,3.0,4.0,4.0,4.0,4.0,4.0,4.0,4.0,4.0,4.0,4.0,4.0,4.0,3.0,4.0,4.0,4.0,4.0,3.0,4.0,3.0,3.0,2.0,1997.0,1.0,2.0,공공,2.0,,2.8333333333333335,3.6,4.0,4.0,3.75,3.4
2.0,1.0,1.0,2.0,2.0,3.0,2.0,2.0,4.0,3.0,2.0,3.0,4.0,4.0,3.0,1.0,1.0,1.0,2.0,1.0,5.0,5.0,4.0,5.0,4.0,4.0,4.0,4.0,1.0,2.0,1985.0,3.0,2.0,공공,2.0,,1.8333333333333333,2.6,3.5,1.2,4.75,3.4
2.0,2.0,1.0,4.0,3.0,4.0,1.0,2.0,3.0,4.0,3.0,3.0,3.0,3.0,4.0,3.0,3.0,3.0,3.0,3.0,4.0,3.0,3.0,3.0,2.0,2.0,3.0,4.0,3.0,1.0,1986.0,1.0,2.0,공공,1.0,,2.6666666666666665,2.6,3.25,3.0,3.25,2.8
2.0,4.0,3.0,5.0,5.0,3.0,3.0,3.0,4.0,3.0,4.0,5.0,4.0,4.0,3.0,4.0,4.0,5.0,4.0,5.0,5.0,5.0,4.0,5.0,2.0,2.0,4.0,1.0,1.0,1.0,1971.0,4.0,2.0,공공,1.0,,3.6666666666666665,3.4,4.0,4.4,4.75,2.0
4.0,4.0,4.0,5.0,4.0,5.0,4.0,4.0,4.0,4.0,4.0,4.0,4.0,4.0,4.0,4.0,5.0,4.0,4.0,4.0,4.0,4.0,5.0,4.0,2.0,4.0,3.0,2.0,2.0,1.0,1987.0,1.0,2.0,공공,1.0,,4.333333333333333,4.0,4.0,4.2,4.25,2.6
2.0,3.0,4.0,4.0,3.0,2.0,3.0,3.0,3.0,3.0,3.0,3.0,4.0,4.0,4.0,3.0,3.0,2.0,2.0,2.0,4.0,4.0,4.0,4.0,2.0,3.0,3.0,3.0,4.0,2.0,1987.0,6.0,2.0,공공,1.0,,3.0,3.0,3.75,2.4,4.0,3.0
3.0,3.0,2.0,2.0,2.0,3.0,1.0,3.0,2.0,3.0,3.0,2.0,3.0,2.0,3.0,3.0,3.0,3.0,3.0,3.0,2.0,3.0,3.0,3.0,4.0,3.0,3.0,4.0,3.0,1.0,1975.0,13.0,2.0,공공,1.0,,2.5,2.4,2.5,3.0,2.75,3.4
4.0,2.0,5.0,1.0,4.0,4.0,2.0,2.0,4.0,2.0,2.0,5.0,5.0,3.0,4.0,4.0,3.0,3.0,3.0,3.0,5.0,4.0,2.0,4.0,4.0,3.0,4.0,3.0,2.0,2.0,1998.0,8.0,2.0,공공,1.0,,3.3333333333333335,2.4,4.25,3.2,3.75,3.2
3.0,2.0,1.0,2.0,2.0,4.0,3.0,4.0,3.0,4.0,4.0,3.0,4.0,2.0,2.0,4.0,4.0,4.0,4.0,4.0,3.0,2.0,2.0,3.0,2.0,2.0,2.0,4.0,2.0,1.0,1992.0,8.0,2.0,공공,1.0,,2.3333333333333335,3.6,2.75,4.0,2.5,2.4
3.0,4.0,3.0,4.0,4.0,4.0,2.0,3.0,3.0,3.0,4.0,3.0,4.0,4.0,4.0,4.0,4.0,3.0,4.0,3.0,4.0,4.0,4.0,4.0,4.0,4.0,4.0,3.0,4.0,1.0,1976.0,9.0,2.0,공공,1.0,,3.6666666666666665,3.0,3.75,3.6,4.0,3.8
3.0,4.0,4.0,5.0,5.0,4.0,2.0,3.0,3.0,3.0,3.0,4.0,4.0,4.0,4.0,4.0,4.0,4.0,4.0,4.0,4.0,4.0,4.0,3.0,2.0,1.0,2.0,2.0,1.0,1.0,1974.0,9.0,2.0,공공,1.0,,4.166666666666667,2.8,4.0,4.0,3.75,1.6
4.0,4.0,5.0,3.0,4.0,5.0,2.0,2.0,5.0,2.0,2.0,4.0,4.0,4.0,3.0,4.0,4.0,4.0,2.0,5.0,5.0,4.0,4.0,4.0,3.0,4.0,4.0,4.0,4.0,2.0,1984.0,9.0,2.0,공공,2.0,,4.166666666666667,2.6,3.75,3.8,4.25,3.8
4.0,3.0,4.0,4.0,4.0,5.0,1.0,2.0,3.0,3.0,3.0,5.0,5.0,5.0,5.0,3.0,4.0,3.0,2.0,4.0,4.0,4.0,4.0,3.0,1.0,1.0,1.0,1.0,1.0,1.0,1991.0,8.0,2.0,공공,1.0,,4.0,2.4,5.0,3.2,3.75,1.0
4.0,4.0,2.0,3.0,4.0,4.0,2.0,3.0,2.0,3.0,3.0,3.0,4.0,3.0,3.0,3.0,3.0,3.0,3.0,3.0,4.0,4.0,3.0,3.0,2.0,2.0,2.0,3.0,3.0,1.0,1976.0,8.0,2.0,공공,1.0,,3.5,2.6,3.25,3.0,3.5,2.4
4.0,4.0,4.0,4.0,4.0,4.0,3.0,4.0,3.0,3.0,4.0,4.0,4.0,4.0,4.0,4.0,4.0,4.0,4.0,4.0,4.0,4.0,4.0,5.0,4.0,4.0,4.0,4.0,4.0,1.0,1969.0,14.0,2.0,공공,1.0,,4.0,3.4,4.0,4.0,4.25,4.0
5.0,5.0,4.0,5.0,5.0,5.0,1.0,1.0,1.0,1.0,1.0,5.0,5.0,4.0,4.0,5.0,5.0,5.0,5.0,5.0,5.0,4.0,4.0,4.0,2.0,2.0,3.0,5.0,2.0,1.0,1975.0,9.0,2.0,공공,1.0,,4.833333333333333,1.0,4.5,5.0,4.25,2.8
2.0,2.0,2.0,4.0,2.0,2.0,1.0,2.0,1.0,1.0,2.0,2.0,4.0,4.0,2.0,3.0,4.0,4.0,2.0,3.0,2.0,2.0,2.0,2.0,2.0,2.0,2.0,3.0,3.0,1.0,1979.0,8.0,2.0,공공,1.0,,2.3333333333333335,1.4,3.0,3.2,2.0,2.4
4.0,3.0,4.0,4.0,4.0,5.0,1.0,1.0,1.0,1.0,1.0,4.0,5.0,4.0,5.0,2.0,2.0,2.0,3.0,3.0,5.0,5.0,5.0,5.0,4.0,4.0,2.0,2.0,2.0,2.0,1986.0,12.0,2.0,공공,2.0,,4.0,1.0,4.5,2.4,5.0,2.8
3.0,3.0,4.0,5.0,4.0,3.0,4.0,5.0,1.0,3.0,3.0,5.0,4.0,5.0,5.0,3.0,3.0,3.0,4.0,3.0,4.0,4.0,5.0,4.0,3.0,3.0,3.0,3.0,3.0,1.0,1981.0,10.0,2.0,공공,1.0,,3.6666666666666665,3.2,4.75,3.2,4.25,3.0
1.0,4.0,1.0,3.0,1.0,4.0,2.0,3.0,4.0,3.0,1.0,3.0,4.0,3.0,4.0,4.0,4.0,4.0,4.0,4.0,5.0,5.0,3.0,5.0,3.0,4.0,4.0,5.0,2.0,2.0,1985.0,8.0,2.0,공공,1.0,,2.3333333333333335,2.6,3.5,4.0,4.5,3.6
4.0,4.0,4.0,4.0,4.0,3.0,3.0,4.0,3.0,3.0,3.0,3.0,3.0,3.0,4.0,4.0,4.0,4.0,4.0,4.0,4.0,4.0,4.0,4.0,2.0,2.0,2.0,4.0,3.0,1.0,1970.0,5.0,2.0,공공,1.0,,3.8333333333333335,3.2,3.25,4.0,4.0,2.6
4.0,2.0,3.0,5.0,4.0,3.0,3.0,3.0,3.0,3.0,4.0,4.0,3.0,2.0,3.0,3.0,4.0,4.0,4.0,4.0,1.0,3.0,3.0,4.0,1.0,1.0,3.0,1.0,2.0,1.0,1984.0,1.0,2.0,공공,1.0,,3.5,3.2,3.0,3.8,2.75,1.6
3.0,3.0,4.0,4.0,3.0,4.0,3.0,4.0,3.0,4.0,3.0,3.0,4.0,3.0,4.0,3.0,4.0,3.0,3.0,3.0,3.0,3.0,3.0,3.0,4.0,4.0,4.0,3.0,3.0,2.0,1990.0,10.0,2.0,공공,2.0,,3.5,3.4,3.5,3.2,3.0,3.6
3.0,4.0,4.0,4.0,4.0,4.0,3.0,3.0,3.0,3.0,3.0,4.0,4.0,3.0,3.0,3.0,3.0,3.0,3.0,3.0,4.0,4.0,4.0,4.0,3.0,4.0,3.0,4.0,3.0,2.0,1976.0,1.0,2.0,공공,1.0,,3.8333333333333335,3.0,3.5,3.0,4.0,3.4
4.0,5.0,2.0,2.0,4.0,2.0,1.0,2.0,1.0,2.0,2.0,3.0,4.0,4.0,4.0,4.0,4.0,3.0,4.0,4.0,2.0,4.0,3.0,4.0,4.0,5.0,5.0,4.0,3.0,2.0,1991.0,8.0,2.0,공공,1.0,,3.1666666666666665,1.6,3.75,3.8,3.25,4.2
1.0,3.0,4.0,4.0,4.0,4.0,4.0,4.0,4.0,5.0,4.0,4.0,5.0,4.0,3.0,4.0,4.0,4.0,5.0,5.0,5.0,4.0,5.0,4.0,4.0,4.0,4.0,4.0,5.0,1.0,1987.0,2.0,2.0,공공,1.0,,3.3333333333333335,4.2,4.0,4.4,4.5,4.2
1.0,2.0,1.0,1.0,1.0,3.0,5.0,1.0,3.0,3.0,1.0,1.0,3.0,1.0,3.0,1.0,1.0,1.0,1.0,1.0,3.0,3.0,3.0,3.0,1.0,1.0,1.0,1.0,1.0,2.0,1994.0,1.0,2.0,공공,1.0,,1.5,2.6,2.0,1.0,3.0,1.0
1.0,5.0,4.0,5.0,5.0,1.0,2.0,2.0,1.0,2.0,1.0,3.0,3.0,3.0,3.0,5.0,4.0,4.0,5.0,5.0,5.0,5.0,5.0,5.0,1.0,1.0,1.0,1.0,1.0,2.0,1977.0,1.0,2.0,공공,1.0,,3.5,1.6,3.0,4.6,5.0,1.0
2.0,2.0,4.0,2.0,2.0,3.0,2.0,3.0,2.0,1.0,1.0,3.0,4.0,4.0,4.0,4.0,4.0,3.0,3.0,3.0,4.0,4.0,3.0,2.0,2.0,3.0,3.0,2.0,2.0,2.0,1993.0,8.0,2.0,공공,1.0,,2.5,1.8,3.75,3.4,3.25,2.4
2.0,2.0,3.0,1.0,1.0,3.0,1.0,2.0,2.0,2.0,2.0,2.0,2.0,2.0,2.0,2.0,2.0,2.0,3.0,3.0,4.0,4.0,4.0,4.0,2.0,2.0,2.0,2.0,2.0,2.0,1996.0,9.0,2.0,공공,2.0,,2.0,1.8,2.0,2.4,4.0,2.0
3.0,3.0,4.0,5.0,4.0,4.0,3.0,3.0,3.0,3.0,4.0,4.0,4.0,4.0,4.0,3.0,4.0,4.0,4.0,4.0,3.0,3.0,3.0,3.0,4.0,4.0,4.0,4.0,4.0,2.0,1982.0,2.0,2.0,공공,2.0,,3.8333333333333335,3.2,4.0,3.8,3.0,4.0
3.0,2.0,2.0,2.0,4.0,3.0,3.0,1.0,3.0,3.0,3.0,1.0,2.0,1.0,2.0,1.0,1.0,1.0,1.0,1.0,2.0,2.0,4.0,2.0,2.0,2.0,3.0,3.0,2.0,2.0,1992.0,8.0,2.0,공공,1.0,,2.6666666666666665,2.6,1.5,1.0,2.5,2.4
3.0,2.0,2.0,2.0,3.0,4.0,2.0,2.0,2.0,2.0,2.0,3.0,3.0,3.0,3.0,3.0,3.0,3.0,3.0,3.0,4.0,4.0,4.0,4.0,2.0,2.0,3.0,2.0,3.0,2.0,1978.0,9.0,2.0,공공,1.0,,2.6666666666666665,2.0,3.0,3.0,4.0,2.4
4.0,2.0,3.0,2.0,4.0,4.0,1.0,1.0,1.0,3.0,1.0,3.0,4.0,4.0,4.0,3.0,2.0,2.0,3.0,3.0,4.0,4.0,4.0,4.0,3.0,3.0,3.0,3.0,2.0,2.0,1969.0,10.0,2.0,공공,1.0,,3.1666666666666665,1.4,3.75,2.6,4.0,2.8
4.0,3.0,5.0,5.0,5.0,1.0,4.0,3.0,4.0,4.0,3.0,4.0,4.0,4.0,4.0,4.0,5.0,4.0,4.0,4.0,4.0,4.0,4.0,4.0,2.0,3.0,4.0,3.0,1.0,2.0,1991.0,11.0,2.0,공공,1.0,,3.8333333333333335,3.6,4.0,4.2,4.0,2.6
4.0,4.0,2.0,4.0,4.0,4.0,2.0,2.0,2.0,3.0,2.0,5.0,5.0,5.0,5.0,2.0,2.0,2.0,2.0,1.0,4.0,4.0,3.0,4.0,4.0,4.0,4.0,4.0,2.0,1.0,1985.0,4.0,2.0,공공,2.0,,3.6666666666666665,2.2,5.0,1.8,3.75,3.6
4.0,2.0,3.0,3.0,2.0,3.0,2.0,2.0,2.0,2.0,2.0,2.0,2.0,2.0,2.0,2.0,2.0,1.0,2.0,2.0,4.0,3.0,2.0,2.0,3.0,3.0,3.0,2.0,2.0,2.0,1990.0,5.0,2.0,공공,2.0,,2.8333333333333335,2.0,2.0,1.8,2.75,2.6
2.0,3.0,1.0,1.0,3.0,3.0,3.0,3.0,3.0,1.0,1.0,1.0,3.0,3.0,1.0,3.0,3.0,3.0,3.0,3.0,3.0,3.0,3.0,3.0,3.0,4.0,4.0,4.0,4.0,2.0,1984.0,1.0,2.0,공공,1.0,,2.1666666666666665,2.2,2.0,3.0,3.0,3.8
1.0,2.0,5.0,5.0,5.0,5.0,3.0,3.0,3.0,3.0,3.0,3.0,3.0,2.0,3.0,3.0,4.0,2.0,3.0,4.0,1.0,2.0,3.0,4.0,4.0,1.0,2.0,3.0,2.0,2.0,1994.0,6.0,2.0,공공,1.0,,3.8333333333333335,3.0,2.75,3.2,2.5,2.4
3.0,4.0,2.0,4.0,4.0,5.0,3.0,2.0,3.0,3.0,2.0,3.0,3.0,3.0,3.0,3.0,2.0,2.0,2.0,2.0,4.0,4.0,4.0,2.0,2.0,3.0,2.0,4.0,1.0,2.0,1988.0,1.0,2.0,공공,2.0,,3.6666666666666665,2.6,3.0,2.2,3.5,2.4
4.0,2.0,4.0,4.0,3.0,3.0,2.0,3.0,4.0,4.0,4.0,4.0,4.0,4.0,4.0,4.0,4.0,4.0,4.0,4.0,4.0,4.0,4.0,4.0,3.0,2.0,4.0,4.0,2.0,2.0,1997.0,8.0,2.0,공공,1.0,,3.3333333333333335,3.4,4.0,4.0,4.0,3.0
2.0,4.0,2.0,3.0,3.0,2.0,2.0,1.0,1.0,1.0,1.0,1.0,3.0,3.0,1.0,2.0,2.0,2.0,2.0,2.0,1.0,1.0,2.0,2.0,2.0,2.0,2.0,2.0,2.0,2.0,1994.0,9.0,2.0,공공,2.0,,2.6666666666666665,1.2,2.0,2.0,1.5,2.0
4.0,3.0,3.0,4.0,4.0,5.0,4.0,4.0,2.0,4.0,4.0,3.0,5.0,4.0,4.0,4.0,3.0,3.0,4.0,3.0,3.0,4.0,4.0,3.0,3.0,3.0,3.0,3.0,3.0,2.0,1979.0,7.0,2.0,공공,2.0,,3.8333333333333335,3.6,4.0,3.4,3.5,3.0
4.0,3.0,2.0,2.0,3.0,3.0,5.0,5.0,3.0,2.0,1.0,1.0,1.0,2.0,1.0,3.0,4.0,4.0,4.0,4.0,4.0,3.0,3.0,3.0,3.0,3.0,3.0,3.0,3.0,2.0,1983.0,9.0,2.0,공공,1.0,,2.8333333333333335,3.2,1.25,3.8,3.25,3.0
2.0,4.0,2.0,4.0,4.0,3.0,4.0,2.0,3.0,3.0,4.0,5.0,5.0,5.0,5.0,4.0,4.0,4.0,4.0,4.0,4.0,4.0,4.0,4.0,4.0,4.0,4.0,2.0,3.0,2.0,1981.0,9.0,2.0,공공,1.0,,3.1666666666666665,3.2,5.0,4.0,4.0,3.4
4.0,3.0,5.0,4.0,3.0,4.0,4.0,5.0,3.0,1.0,1.0,2.0,3.0,2.0,2.0,5.0,5.0,5.0,5.0,5.0,2.0,4.0,4.0,5.0,2.0,2.0,2.0,4.0,4.0,2.0,1985.0,3.0,2.0,공공,1.0,,3.8333333333333335,2.8,2.25,5.0,3.75,2.8
4.0,3.0,4.0,2.0,3.0,4.0,1.0,1.0,1.0,2.0,3.0,3.0,4.0,4.0,2.0,2.0,1.0,1.0,1.0,1.0,3.0,3.0,3.0,3.0,4.0,4.0,3.0,4.0,3.0,2.0,1986.0,8.0,2.0,공공,1.0,,3.3333333333333335,1.6,3.25,1.2,3.0,3.6
4.0,3.0,4.0,5.0,4.0,4.0,2.0,2.0,3.0,2.0,3.0,4.0,4.0,4.0,4.0,2.0,2.0,3.0,2.0,3.0,2.0,3.0,2.0,4.0,2.0,2.0,3.0,5.0,4.0,2.0,1993.0,9.0,2.0,공공,1.0,,4.0,2.4,4.0,2.4,2.75,3.2
4.0,3.0,4.0,3.0,3.0,4.0,1.0,1.0,1.0,1.0,1.0,1.0,1.0,1.0,1.0,1.0,1.0,1.0,1.0,1.0,5.0,5.0,4.0,4.0,1.0,1.0,1.0,1.0,1.0,2.0,1979.0,12.0,2.0,공공,1.0,,3.5,1.0,1.0,1.0,4.5,1.0
4.0,4.0,4.0,5.0,5.0,4.0,1.0,1.0,1.0,1.0,1.0,2.0,4.0,3.0,3.0,2.0,3.0,2.0,2.0,2.0,2.0,3.0,2.0,2.0,1.0,1.0,3.0,4.0,1.0,2.0,1990.0,9.0,2.0,공공,2.0,,4.333333333333333,1.0,3.0,2.2,2.25,2.0
1.0,2.0,1.0,2.0,2.0,2.0,2.0,2.0,4.0,3.0,2.0,3.0,3.0,3.0,4.0,1.0,1.0,1.0,3.0,2.0,3.0,4.0,2.0,2.0,2.0,4.0,4.0,4.0,2.0,2.0,1995.0,9.0,2.0,공공,1.0,,1.6666666666666667,2.6,3.25,1.6,2.75,3.2
4.0,4.0,4.0,2.0,5.0,5.0,4.0,2.0,4.0,4.0,3.0,2.0,3.0,2.0,4.0,3.0,4.0,4.0,4.0,4.0,3.0,3.0,3.0,3.0,2.0,2.0,4.0,2.0,1.0,2.0,1987.0,5.0,2.0,공공,2.0,,4.0,3.4,2.75,3.8,3.0,2.2
4.0,1.0,2.0,3.0,4.0,4.0,2.0,2.0,2.0,2.0,3.0,4.0,4.0,4.0,4.0,3.0,4.0,3.0,4.0,4.0,2.0,4.0,4.0,4.0,4.0,4.0,2.0,3.0,2.0,2.0,1993.0,1.0,2.0,공공,1.0,,3.0,2.2,4.0,3.6,3.5,3.0
2.0,2.0,1.0,2.0,1.0,2.0,2.0,2.0,3.0,3.0,3.0,2.0,3.0,3.0,3.0,3.0,3.0,3.0,3.0,3.0,4.0,3.0,3.0,3.0,2.0,2.0,2.0,3.0,2.0,2.0,1993.0,1.0,2.0,공공,1.0,,1.6666666666666667,2.6,2.75,3.0,3.25,2.2
3.0,4.0,4.0,3.0,4.0,4.0,2.0,2.0,1.0,3.0,3.0,4.0,4.0,5.0,5.0,2.0,2.0,2.0,3.0,3.0,4.0,4.0,3.0,4.0,4.0,4.0,4.0,3.0,2.0,2.0,1991.0,5.0,2.0,공공,1.0,,3.6666666666666665,2.2,4.5,2.4,3.75,3.4
1.0,2.0,2.0,1.0,1.0,2.0,2.0,2.0,4.0,2.0,3.0,3.0,4.0,3.0,4.0,2.0,2.0,2.0,3.0,3.0,3.0,3.0,3.0,3.0,2.0,2.0,2.0,3.0,2.0,2.0,1990.0,8.0,2.0,공공,1.0,,1.5,2.6,3.5,2.4,3.0,2.2
4.0,4.0,5.0,4.0,5.0,5.0,2.0,2.0,2.0,3.0,3.0,4.0,4.0,3.0,3.0,4.0,3.0,3.0,4.0,4.0,4.0,4.0,4.0,4.0,2.0,2.0,2.0,2.0,2.0,2.0,1979.0,1.0,2.0,공공,2.0,,4.5,2.4,3.5,3.6,4.0,2.0
2.0,3.0,3.0,4.0,3.0,4.0,3.0,3.0,3.0,1.0,2.0,4.0,3.0,3.0,4.0,4.0,4.0,4.0,5.0,5.0,3.0,3.0,3.0,4.0,3.0,3.0,4.0,2.0,3.0,2.0,1992.0,1.0,2.0,공공,1.0,,3.1666666666666665,2.4,3.5,4.4,3.25,3.0
4.0,4.0,2.0,3.0,4.0,3.0,1.0,3.0,3.0,3.0,2.0,4.0,4.0,3.0,3.0,3.0,4.0,3.0,2.0,4.0,3.0,3.0,3.0,3.0,2.0,2.0,4.0,3.0,2.0,2.0,1977.0,1.0,2.0,공공,1.0,,3.3333333333333335,2.4,3.5,3.2,3.0,2.6
3.0,2.0,4.0,3.0,2.0,4.0,2.0,2.0,4.0,2.0,4.0,2.0,4.0,4.0,4.0,4.0,2.0,3.0,2.0,4.0,4.0,4.0,5.0,4.0,2.0,2.0,4.0,4.0,3.0,2.0,1991.0,9.0,2.0,공공,2.0,,3.0,2.8,3.5,3.0,4.25,3.0
4.0,3.0,3.0,3.0,3.0,4.0,3.0,3.0,3.0,3.0,3.0,3.0,4.0,4.0,3.0,3.0,4.0,4.0,4.0,4.0,4.0,4.0,4.0,4.0,4.0,4.0,4.0,4.0,4.0,2.0,1991.0,1.0,2.0,공공,2.0,,3.3333333333333335,3.0,3.5,3.8,4.0,4.0
2.0,3.0,2.0,3.0,4.0,4.0,2.0,2.0,4.0,4.0,5.0,5.0,5.0,5.0,4.0,4.0,4.0,4.0,3.0,4.0,4.0,4.0,4.0,4.0,4.0,4.0,3.0,4.0,2.0,2.0,1993.0,16.0,2.0,공공,1.0,,3.0,3.4,4.75,3.8,4.0,3.4
4.0,4.0,4.0,3.0,4.0,4.0,3.0,3.0,4.0,4.0,4.0,4.0,4.0,3.0,3.0,4.0,4.0,4.0,4.0,4.0,4.0,4.0,4.0,4.0,4.0,4.0,4.0,4.0,4.0,2.0,1979.0,3.0,2.0,공공,2.0,,3.8333333333333335,3.6,3.5,4.0,4.0,4.0
2.0,4.0,4.0,5.0,4.0,4.0,4.0,4.0,4.0,4.0,4.0,4.0,4.0,4.0,4.0,4.0,4.0,4.0,3.0,4.0,4.0,4.0,4.0,4.0,2.0,2.0,2.0,2.0,1.0,2.0,1983.0,2.0,2.0,공공,2.0,,3.8333333333333335,4.0,4.0,3.8,4.0,1.8
2.0,2.0,4.0,1.0,2.0,4.0,2.0,2.0,2.0,2.0,2.0,2.0,4.0,4.0,4.0,4.0,1.0,1.0,4.0,1.0,5.0,4.0,3.0,3.0,5.0,5.0,5.0,1.0,4.0,2.0,1988.0,1.0,2.0,공공,1.0,,2.5,2.0,3.5,2.2,3.75,4.0
2.0,2.0,4.0,2.0,3.0,4.0,2.0,2.0,3.0,2.0,2.0,2.0,4.0,4.0,4.0,2.0,2.0,2.0,2.0,3.0,4.0,4.0,3.0,3.0,4.0,4.0,4.0,3.0,2.0,2.0,1987.0,9.0,2.0,공공,2.0,,2.8333333333333335,2.2,3.5,2.2,3.5,3.4
3.0,4.0,2.0,3.0,1.0,2.0,3.0,2.0,3.0,4.0,3.0,2.0,3.0,4.0,3.0,2.0,3.0,4.0,3.0,2.0,2.0,3.0,4.0,3.0,2.0,3.0,4.0,2.0,3.0,2.0,1995.0,1.0,2.0,공공,1.0,,2.5,3.0,3.0,2.8,3.0,2.8
4.0,3.0,1.0,2.0,2.0,4.0,1.0,1.0,3.0,2.0,1.0,2.0,4.0,4.0,3.0,1.0,1.0,1.0,1.0,1.0,4.0,4.0,4.0,4.0,1.0,4.0,4.0,1.0,2.0,2.0,1980.0,8.0,2.0,공공,1.0,,2.6666666666666665,1.6,3.25,1.0,4.0,2.4
3.0,2.0,2.0,3.0,3.0,3.0,3.0,3.0,3.0,3.0,3.0,3.0,3.0,3.0,3.0,2.0,1.0,1.0,2.0,2.0,2.0,2.0,1.0,2.0,2.0,2.0,3.0,3.0,1.0,2.0,1993.0,3.0,2.0,공공,2.0,,2.6666666666666665,3.0,3.0,1.6,1.75,2.2
5.0,2.0,4.0,4.0,4.0,5.0,2.0,2.0,2.0,2.0,2.0,4.0,3.0,4.0,3.0,3.0,2.0,2.0,2.0,2.0,3.0,3.0,3.0,3.0,2.0,2.0,2.0,2.0,2.0,2.0,1993.0,11.0,2.0,공공,2.0,,4.0,2.0,3.5,2.2,3.0,2.0
5.0,4.0,2.0,4.0,4.0,3.0,3.0,4.0,4.0,4.0,2.0,4.0,5.0,4.0,5.0,4.0,5.0,4.0,4.0,4.0,5.0,5.0,5.0,5.0,3.0,5.0,5.0,5.0,5.0,2.0,1979.0,8.0,2.0,공공,1.0,,3.6666666666666665,3.4,4.5,4.2,5.0,4.6
3.0,4.0,3.0,4.0,4.0,3.0,2.0,2.0,3.0,3.0,3.0,3.0,4.0,3.0,3.0,3.0,3.0,4.0,3.0,3.0,3.0,3.0,3.0,3.0,2.0,2.0,4.0,3.0,3.0,2.0,1981.0,8.0,2.0,공공,2.0,,3.5,2.6,3.25,3.2,3.0,2.8
5.0,4.0,5.0,5.0,5.0,5.0,3.0,4.0,2.0,2.0,3.0,2.0,3.0,3.0,3.0,3.0,3.0,3.0,3.0,3.0,4.0,4.0,4.0,4.0,4.0,4.0,4.0,3.0,2.0,2.0,1976.0,1.0,2.0,공공,2.0,,4.833333333333333,2.8,2.75,3.0,4.0,3.4
3.0,2.0,2.0,3.0,2.0,2.0,1.0,1.0,2.0,1.0,1.0,2.0,4.0,3.0,2.0,2.0,1.0,1.0,2.0,1.0,4.0,4.0,4.0,4.0,5.0,5.0,5.0,4.0,3.0,2.0,1974.0,10.0,2.0,공공,2.0,,2.3333333333333335,1.2,2.75,1.4,4.0,4.4
4.0,4.0,4.0,4.0,4.0,4.0,3.0,4.0,3.0,4.0,3.0,3.0,4.0,4.0,4.0,4.0,4.0,4.0,4.0,4.0,3.0,4.0,4.0,4.0,4.0,4.0,4.0,4.0,4.0,2.0,1978.0,13.0,2.0,공공,2.0,,4.0,3.4,3.75,4.0,3.75,4.0
3.0,3.0,2.0,4.0,4.0,4.0,2.0,2.0,3.0,3.0,2.0,2.0,2.0,2.0,2.0,3.0,3.0,3.0,3.0,3.0,2.0,2.0,2.0,3.0,3.0,2.0,3.0,2.0,3.0,2.0,1994.0,16.0,2.0,공공,2.0,,3.3333333333333335,2.4,2.0,3.0,2.25,2.6
5.0,5.0,5.0,5.0,5.0,5.0,1.0,1.0,1.0,1.0,1.0,2.0,5.0,5.0,4.0,2.0,4.0,4.0,1.0,5.0,5.0,5.0,5.0,5.0,1.0,1.0,1.0,3.0,1.0,2.0,1979.0,1.0,2.0,공공,2.0,,5.0,1.0,4.0,3.2,5.0,1.4
4.0,4.0,5.0,4.0,4.0,4.0,3.0,2.0,3.0,3.0,3.0,3.0,3.0,3.0,3.0,3.0,3.0,3.0,3.0,2.0,2.0,2.0,3.0,3.0,2.0,2.0,2.0,4.0,2.0,2.0,1988.0,9.0,2.0,공공,2.0,,4.166666666666667,2.8,3.0,2.8,2.5,2.4
3.0,3.0,2.0,4.0,4.0,4.0,2.0,2.0,2.0,2.0,2.0,4.0,4.0,2.0,2.0,2.0,1.0,1.0,2.0,1.0,5.0,5.0,5.0,5.0,1.0,1.0,3.0,1.0,1.0,2.0,1978.0,4.0,2.0,공공,2.0,,3.3333333333333335,2.0,3.0,1.4,5.0,1.4
4.0,2.0,3.0,4.0,4.0,4.0,3.0,2.0,3.0,2.0,2.0,3.0,4.0,3.0,3.0,2.0,2.0,4.0,4.0,2.0,4.0,4.0,4.0,4.0,3.0,3.0,3.0,3.0,2.0,2.0,1969.0,9.0,2.0,공공,2.0,,3.5,2.4,3.25,2.8,4.0,2.8
4.0,3.0,2.0,3.0,4.0,4.0,1.0,3.0,2.0,3.0,2.0,4.0,5.0,4.0,4.0,4.0,4.0,4.0,4.0,4.0,4.0,4.0,4.0,4.0,3.0,3.0,3.0,2.0,2.0,2.0,1977.0,7.0,2.0,공공,2.0,,3.3333333333333335,2.2,4.25,4.0,4.0,2.6
3.0,2.0,3.0,5.0,2.0,3.0,3.0,3.0,3.0,3.0,3.0,3.0,5.0,4.0,4.0,3.0,4.0,4.0,3.0,4.0,3.0,4.0,4.0,4.0,4.0,4.0,5.0,1.0,2.0,2.0,1990.0,1.0,2.0,공공,1.0,,3.0,3.0,4.0,3.6,3.75,3.2
2.0,2.0,2.0,2.0,2.0,4.0,2.0,2.0,2.0,2.0,2.0,4.0,4.0,4.0,2.0,2.0,2.0,2.0,2.0,2.0,4.0,4.0,4.0,4.0,2.0,2.0,1.0,4.0,2.0,2.0,1975.0,9.0,2.0,공공,2.0,,2.3333333333333335,2.0,3.5,2.0,4.0,2.2
4.0,4.0,4.0,2.0,4.0,4.0,2.0,1.0,3.0,3.0,3.0,3.0,1.0,4.0,4.0,2.0,2.0,2.0,3.0,1.0,4.0,3.0,4.0,4.0,5.0,4.0,3.0,4.0,1.0,2.0,1991.0,11.0,2.0,공공,1.0,,3.6666666666666665,2.4,3.0,2.0,3.75,3.4
2.0,3.0,3.0,4.0,4.0,2.0,4.0,3.0,3.0,4.0,3.0,4.0,4.0,4.0,4.0,4.0,3.0,3.0,4.0,4.0,4.0,4.0,4.0,4.0,4.0,4.0,4.0,4.0,3.0,1.0,1984.0,17.0,2.0,공공,1.0,,3.0,3.4,4.0,3.6,4.0,3.8
3.0,4.0,2.0,3.0,3.0,3.0,2.0,2.0,2.0,2.0,2.0,3.0,3.0,3.0,3.0,3.0,2.0,3.0,3.0,3.0,3.0,3.0,3.0,3.0,4.0,4.0,3.0,2.0,4.0,2.0,1979.0,13.0,2.0,공공,2.0,,3.0,2.0,3.0,2.8,3.0,3.4
4.0,4.0,4.0,3.0,4.0,4.0,2.0,2.0,2.0,3.0,2.0,3.0,4.0,4.0,3.0,3.0,3.0,4.0,4.0,3.0,5.0,4.0,4.0,4.0,3.0,2.0,4.0,3.0,3.0,2.0,1989.0,10.0,2.0,공공,2.0,,3.8333333333333335,2.2,3.5,3.4,4.25,3.0
5.0,5.0,5.0,4.0,5.0,5.0,3.0,3.0,2.0,2.0,2.0,2.0,5.0,3.0,5.0,5.0,5.0,5.0,5.0,5.0,5.0,5.0,5.0,5.0,3.0,3.0,3.0,3.0,3.0,2.0,1978.0,16.0,2.0,공공,2.0,,4.833333333333333,2.4,3.75,5.0,5.0,3.0
4.0,3.0,4.0,4.0,4.0,4.0,1.0,1.0,1.0,1.0,1.0,1.0,3.0,2.0,3.0,1.0,1.0,2.0,2.0,3.0,4.0,4.0,4.0,3.0,2.0,4.0,3.0,4.0,1.0,2.0,1990.0,10.0,2.0,공공,2.0,,3.8333333333333335,1.0,2.25,1.8,3.75,2.8
4.0,3.0,4.0,2.0,3.0,2.0,1.0,3.0,3.0,3.0,3.0,3.0,4.0,5.0,3.0,5.0,4.0,1.0,2.0,2.0,5.0,5.0,4.0,4.0,4.0,5.0,3.0,4.0,5.0,2.0,1978.0,15.0,2.0,공공,2.0,,3.0,2.6,3.75,2.8,4.5,4.2
4.0,3.0,2.0,2.0,4.0,3.0,4.0,3.0,4.0,3.0,4.0,4.0,2.0,3.0,3.0,4.0,3.0,4.0,3.0,4.0,3.0,4.0,4.0,4.0,2.0,3.0,3.0,2.0,2.0,2.0,1983.0,1.0,2.0,공공,2.0,,3.0,3.6,3.0,3.6,3.75,2.4
4.0,2.0,1.0,1.0,4.0,5.0,1.0,1.0,1.0,1.0,1.0,4.0,5.0,4.0,4.0,3.0,3.0,2.0,1.0,2.0,3.0,3.0,3.0,2.0,1.0,1.0,4.0,1.0,1.0,2.0,1986.0,10.0,2.0,공공,2.0,,2.8333333333333335,1.0,4.25,2.2,2.75,1.6
3.0,3.0,4.0,3.0,2.0,5.0,3.0,3.0,3.0,1.0,1.0,3.0,3.0,3.0,3.0,3.0,3.0,3.0,4.0,3.0,4.0,4.0,4.0,4.0,1.0,1.0,4.0,4.0,3.0,2.0,1986.0,9.0,2.0,공공,1.0,,3.3333333333333335,2.2,3.0,3.2,4.0,2.6
2.0,4.0,1.0,3.0,4.0,4.0,1.0,1.0,3.0,3.0,1.0,2.0,5.0,4.0,5.0,4.0,2.0,4.0,2.0,4.0,4.0,5.0,4.0,5.0,1.0,2.0,3.0,5.0,1.0,2.0,1994.0,1.0,2.0,공공,1.0,,3.0,1.8,4.0,3.2,4.5,2.4
2.0,4.0,2.0,3.0,4.0,4.0,3.0,3.0,3.0,2.0,2.0,4.0,4.0,4.0,4.0,4.0,4.0,4.0,3.0,4.0,5.0,4.0,5.0,4.0,4.0,5.0,3.0,2.0,2.0,2.0,1991.0,1.0,2.0,공공,1.0,,3.1666666666666665,2.6,4.0,3.8,4.5,3.2
2.0,2.0,4.0,3.0,3.0,5.0,2.0,2.0,3.0,4.0,2.0,3.0,4.0,3.0,3.0,3.0,2.0,2.0,2.0,2.0,4.0,4.0,3.0,3.0,2.0,2.0,4.0,4.0,2.0,2.0,1978.0,9.0,2.0,공공,1.0,,3.1666666666666665,2.6,3.25,2.2,3.5,2.8
2.0,2.0,2.0,1.0,3.0,2.0,3.0,3.0,4.0,3.0,3.0,3.0,3.0,3.0,3.0,4.0,4.0,4.0,4.0,4.0,5.0,4.0,3.0,4.0,2.0,3.0,2.0,4.0,2.0,2.0,1988.0,9.0,2.0,공공,1.0,,2.0,3.2,3.0,4.0,4.0,2.6
2.0,2.0,1.0,3.0,2.0,2.0,1.0,1.0,2.0,1.0,1.0,1.0,3.0,3.0,2.0,2.0,1.0,1.0,1.0,1.0,4.0,2.0,3.0,3.0,1.0,1.0,5.0,2.0,2.0,2.0,1978.0,8.0,2.0,공공,1.0,,2.0,1.2,2.25,1.2,3.0,2.2
4.0,4.0,2.0,2.0,4.0,2.0,2.0,2.0,4.0,4.0,2.0,4.0,4.0,2.0,4.0,4.0,2.0,4.0,2.0,2.0,4.0,4.0,4.0,4.0,2.0,4.0,4.0,4.0,4.0,2.0,1994.0,8.0,2.0,공공,1.0,,3.0,2.8,3.5,2.8,4.0,3.6
3.0,5.0,2.0,4.0,4.0,5.0,2.0,3.0,3.0,3.0,4.0,2.0,3.0,2.0,2.0,3.0,4.0,4.0,2.0,3.0,2.0,2.0,2.0,3.0,4.0,4.0,5.0,1.0,1.0,2.0,1991.0,1.0,2.0,공공,1.0,,3.8333333333333335,3.0,2.25,3.2,2.25,3.0
2.0,2.0,2.0,2.0,2.0,3.0,2.0,2.0,4.0,3.0,3.0,3.0,4.0,4.0,3.0,3.0,3.0,3.0,3.0,3.0,4.0,4.0,4.0,4.0,3.0,3.0,4.0,4.0,3.0,2.0,1989.0,9.0,2.0,공공,1.0,,2.1666666666666665,2.8,3.5,3.0,4.0,3.4
2.0,2.0,2.0,3.0,1.0,4.0,2.0,2.0,4.0,2.0,2.0,2.0,4.0,5.0,4.0,2.0,2.0,1.0,4.0,1.0,5.0,5.0,5.0,5.0,4.0,4.0,4.0,4.0,2.0,2.0,1991.0,1.0,2.0,공공,1.0,,2.3333333333333335,2.4,3.75,2.0,5.0,3.6
2.0,4.0,4.0,3.0,3.0,4.0,2.0,3.0,4.0,4.0,3.0,3.0,4.0,4.0,4.0,3.0,4.0,4.0,4.0,4.0,4.0,4.0,5.0,5.0,2.0,2.0,4.0,2.0,2.0,2.0,1975.0,1.0,2.0,공공,1.0,,3.3333333333333335,3.2,3.75,3.8,4.5,2.4
4.0,3.0,2.0,3.0,4.0,4.0,3.0,3.0,4.0,4.0,3.0,4.0,4.0,4.0,4.0,4.0,4.0,4.0,4.0,4.0,4.0,4.0,4.0,4.0,2.0,2.0,4.0,2.0,2.0,2.0,1990.0,9.0,2.0,공공,2.0,,3.3333333333333335,3.4,4.0,4.0,4.0,2.4
4.0,4.0,4.0,4.0,3.0,4.0,3.0,3.0,2.0,3.0,4.0,2.0,3.0,4.0,4.0,4.0,4.0,4.0,4.0,4.0,4.0,4.0,4.0,4.0,2.0,2.0,4.0,3.0,2.0,2.0,1983.0,9.0,2.0,공공,1.0,,3.8333333333333335,3.0,3.25,4.0,4.0,2.6
5.0,5.0,5.0,5.0,5.0,5.0,5.0,5.0,4.0,4.0,5.0,4.0,4.0,5.0,4.0,5.0,1.0,3.0,3.0,3.0,4.0,3.0,4.0,2.0,4.0,4.0,4.0,2.0,3.0,2.0,1987.0,1.0,2.0,공공,1.0,,5.0,4.6,4.25,3.0,3.25,3.4
5.0,5.0,5.0,5.0,5.0,5.0,2.0,2.0,2.0,3.0,2.0,2.0,5.0,5.0,4.0,2.0,2.0,2.0,2.0,2.0,5.0,5.0,4.0,4.0,1.0,3.0,5.0,3.0,1.0,2.0,1975.0,4.0,2.0,공공,1.0,,5.0,2.2,4.0,2.0,4.5,2.6
4.0,4.0,4.0,4.0,2.0,4.0,2.0,4.0,2.0,3.0,3.0,4.0,4.0,5.0,4.0,4.0,4.0,4.0,5.0,4.0,4.0,5.0,5.0,5.0,3.0,2.0,3.0,2.0,2.0,2.0,1978.0,16.0,2.0,공공,1.0,,3.6666666666666665,2.8,4.25,4.2,4.75,2.4
4.0,3.0,4.0,5.0,4.0,1.0,3.0,3.0,4.0,2.0,2.0,3.0,4.0,4.0,3.0,4.0,5.0,4.0,4.0,4.0,5.0,4.0,4.0,4.0,3.0,2.0,2.0,4.0,3.0,2.0,1972.0,1.0,2.0,공공,1.0,,3.5,2.8,3.5,4.2,4.25,2.8
5.0,3.0,5.0,4.0,4.0,5.0,3.0,4.0,3.0,4.0,4.0,4.0,4.0,4.0,4.0,4.0,4.0,4.0,4.0,4.0,5.0,5.0,5.0,5.0,2.0,2.0,4.0,2.0,2.0,2.0,1979.0,10.0,2.0,공공,1.0,,4.333333333333333,3.6,4.0,4.0,5.0,2.4
3.0,3.0,2.0,3.0,4.0,2.0,2.0,4.0,4.0,3.0,4.0,4.0,4.0,2.0,4.0,2.0,2.0,2.0,3.0,3.0,3.0,3.0,3.0,3.0,4.0,4.0,4.0,4.0,4.0,1.0,1986.0,1.0,2.0,공공,2.0,,2.8333333333333335,3.4,3.5,2.4,3.0,4.0
5.0,5.0,5.0,5.0,5.0,5.0,3.0,4.0,4.0,3.0,4.0,3.0,4.0,4.0,4.0,4.0,4.0,4.0,4.0,5.0,5.0,4.0,4.0,4.0,2.0,2.0,3.0,4.0,2.0,2.0,1972.0,9.0,2.0,공공,1.0,,5.0,3.6,3.75,4.2,4.25,2.6
4.0,5.0,4.0,4.0,4.0,5.0,4.0,4.0,3.0,3.0,4.0,3.0,3.0,4.0,3.0,4.0,5.0,4.0,3.0,4.0,4.0,5.0,4.0,4.0,5.0,4.0,4.0,4.0,3.0,2.0,1997.0,12.0,2.0,공공,1.0,,4.333333333333333,3.6,3.25,4.0,4.25,4.0
4.0,4.0,4.0,3.0,3.0,4.0,4.0,4.0,4.0,3.0,3.0,4.0,4.0,3.0,4.0,4.0,4.0,4.0,4.0,4.0,4.0,4.0,4.0,4.0,3.0,4.0,4.0,4.0,4.0,1.0,1978.0,11.0,2.0,공공,1.0,,3.6666666666666665,3.6,3.75,4.0,4.0,3.8
4.0,3.0,4.0,4.0,4.0,4.0,3.0,3.0,3.0,4.0,3.0,2.0,2.0,3.0,2.0,4.0,4.0,4.0,4.0,4.0,4.0,4.0,4.0,4.0,2.0,3.0,4.0,3.0,3.0,2.0,1973.0,16.0,2.0,공공,2.0,,3.8333333333333335,3.2,2.25,4.0,4.0,3.0
2.0,3.0,2.0,2.0,4.0,3.0,2.0,2.0,4.0,2.0,2.0,2.0,4.0,4.0,2.0,4.0,2.0,2.0,2.0,2.0,4.0,2.0,4.0,4.0,3.0,3.0,3.0,3.0,3.0,2.0,1987.0,1.0,2.0,공공,2.0,,2.6666666666666665,2.4,3.0,2.4,3.5,3.0
3.0,3.0,2.0,2.0,3.0,4.0,2.0,3.0,2.0,3.0,3.0,3.0,3.0,2.0,3.0,3.0,3.0,3.0,3.0,3.0,3.0,3.0,2.0,3.0,2.0,2.0,2.0,3.0,2.0,1.0,1971.0,1.0,2.0,공공,2.0,,2.8333333333333335,2.6,2.75,3.0,2.75,2.2
3.0,3.0,4.0,3.0,3.0,3.0,3.0,2.0,2.0,2.0,2.0,2.0,3.0,2.0,3.0,2.0,1.0,2.0,2.0,2.0,4.0,4.0,4.0,4.0,2.0,3.0,3.0,3.0,3.0,2.0,1970.0,2.0,2.0,공공,2.0,,3.1666666666666665,2.2,2.5,1.8,4.0,2.8
3.0,3.0,3.0,4.0,4.0,4.0,3.0,3.0,3.0,3.0,3.0,3.0,4.0,4.0,4.0,4.0,4.0,4.0,3.0,3.0,4.0,4.0,4.0,4.0,2.0,2.0,2.0,2.0,2.0,1.0,1964.0,4.0,2.0,공공,2.0,,3.5,3.0,3.75,3.6,4.0,2.0
4.0,4.0,2.0,2.0,3.0,2.0,1.0,1.0,1.0,1.0,1.0,3.0,5.0,4.0,4.0,4.0,4.0,4.0,4.0,4.0,4.0,4.0,4.0,4.0,1.0,1.0,1.0,4.0,1.0,1.0,1978.0,4.0,2.0,공공,2.0,,2.8333333333333335,1.0,4.0,4.0,4.0,1.6
4.0,3.0,2.0,3.0,3.0,4.0,3.0,3.0,2.0,3.0,2.0,3.0,4.0,4.0,4.0,3.0,4.0,3.0,2.0,3.0,4.0,4.0,3.0,3.0,4.0,4.0,3.0,3.0,2.0,2.0,1982.0,15.0,2.0,공공,2.0,,3.1666666666666665,2.6,3.75,3.0,3.5,3.2
2.0,2.0,3.0,2.0,1.0,4.0,4.0,3.0,3.0,3.0,3.0,2.0,2.0,3.0,3.0,3.0,3.0,3.0,4.0,2.0,4.0,3.0,4.0,4.0,4.0,3.0,4.0,3.0,4.0,1.0,1990.0,9.0,2.0,공공,2.0,,2.3333333333333335,3.2,2.5,3.0,3.75,3.6
4.0,4.0,1.0,2.0,2.0,5.0,2.0,2.0,1.0,1.0,2.0,2.0,1.0,2.0,2.0,1.0,2.0,2.0,2.0,2.0,1.0,1.0,2.0,2.0,2.0,2.0,1.0,2.0,2.0,1.0,1992.0,11.0,2.0,공공,2.0,,3.0,1.6,1.75,1.8,1.5,1.8
4.0,3.0,2.0,2.0,4.0,4.0,3.0,3.0,4.0,3.0,3.0,3.0,3.0,3.0,2.0,3.0,2.0,3.0,4.0,4.0,5.0,4.0,3.0,3.0,3.0,4.0,3.0,3.0,3.0,2.0,1985.0,2.0,2.0,공공,2.0,,3.1666666666666665,3.2,2.75,3.2,3.75,3.2
4.0,3.0,4.0,5.0,4.0,3.0,2.0,2.0,2.0,3.0,2.0,3.0,5.0,4.0,4.0,2.0,4.0,4.0,2.0,3.0,5.0,4.0,5.0,5.0,3.0,5.0,3.0,5.0,4.0,1.0,1990.0,5.0,2.0,공공,1.0,,3.8333333333333335,2.2,4.0,3.0,4.75,4.0
1.0,1.0,1.0,1.0,1.0,1.0,1.0,1.0,1.0,1.0,1.0,1.0,3.0,1.0,1.0,3.0,2.0,2.0,2.0,2.0,4.0,2.0,1.0,1.0,1.0,1.0,5.0,1.0,5.0,1.0,1983.0,9.0,2.0,공공,1.0,,1.0,1.0,1.5,2.2,2.0,2.6
5.0,4.0,5.0,4.0,5.0,5.0,1.0,2.0,3.0,4.0,4.0,5.0,5.0,3.0,3.0,1.0,5.0,3.0,3.0,3.0,5.0,5.0,5.0,5.0,1.0,1.0,2.0,3.0,3.0,2.0,1976.0,2.0,2.0,공공,2.0,,4.666666666666667,2.8,4.0,3.0,5.0,2.0
2.0,2.0,3.0,3.0,3.0,2.0,3.0,2.0,4.0,3.0,2.0,3.0,4.0,2.0,3.0,3.0,2.0,3.0,4.0,3.0,3.0,2.0,4.0,3.0,3.0,4.0,2.0,3.0,4.0,1.0,1974.0,1.0,2.0,공공,1.0,,2.5,2.8,3.0,3.0,3.0,3.2
2.0,3.0,1.0,5.0,5.0,4.0,1.0,2.0,2.0,2.0,2.0,2.0,3.0,2.0,3.0,2.0,5.0,4.0,4.0,3.0,4.0,4.0,4.0,4.0,4.0,4.0,4.0,3.0,3.0,2.0,1986.0,1.0,2.0,공공,2.0,,3.3333333333333335,1.8,2.5,3.6,4.0,3.6
4.0,3.0,3.0,3.0,4.0,4.0,2.0,2.0,2.0,2.0,2.0,2.0,3.0,2.0,2.0,3.0,3.0,3.0,4.0,4.0,4.0,3.0,3.0,3.0,2.0,3.0,4.0,3.0,3.0,2.0,1984.0,13.0,2.0,공공,2.0,,3.5,2.0,2.25,3.4,3.25,3.0
2.0,2.0,2.0,2.0,1.0,4.0,1.0,1.0,1.0,4.0,1.0,1.0,1.0,4.0,3.0,1.0,1.0,2.0,1.0,1.0,5.0,1.0,1.0,4.0,1.0,1.0,4.0,1.0,4.0,2.0,1983.0,9.0,2.0,공공,1.0,,2.1666666666666665,1.6,2.25,1.2,2.75,2.2
4.0,4.0,5.0,5.0,5.0,4.0,2.0,2.0,3.0,3.0,3.0,3.0,4.0,3.0,3.0,3.0,4.0,3.0,3.0,4.0,4.0,4.0,5.0,4.0,3.0,3.0,3.0,4.0,3.0,1.0,1981.0,4.0,2.0,공공,2.0,,4.5,2.6,3.25,3.4,4.25,3.2
1.0,3.0,3.0,3.0,2.0,4.0,3.0,3.0,3.0,4.0,2.0,4.0,4.0,3.0,2.0,3.0,4.0,3.0,4.0,4.0,4.0,3.0,5.0,5.0,1.0,1.0,1.0,1.0,1.0,1.0,1993.0,1.0,2.0,공공,2.0,,2.6666666666666665,3.0,3.25,3.6,4.25,1.0
4.0,4.0,5.0,4.0,5.0,5.0,4.0,5.0,5.0,5.0,5.0,5.0,5.0,5.0,5.0,4.0,3.0,4.0,5.0,5.0,5.0,4.0,4.0,5.0,4.0,5.0,5.0,5.0,5.0,2.0,1998.0,12.0,2.0,공공,1.0,,4.5,4.8,5.0,4.2,4.5,4.8
2.0,3.0,3.0,2.0,2.0,2.0,3.0,4.0,3.0,4.0,3.0,3.0,3.0,3.0,3.0,3.0,3.0,3.0,3.0,3.0,4.0,3.0,3.0,3.0,3.0,4.0,3.0,3.0,3.0,1.0,1972.0,16.0,2.0,공공,1.0,,2.3333333333333335,3.4,3.0,3.0,3.25,3.2
5.0,5.0,4.0,5.0,5.0,5.0,3.0,3.0,3.0,3.0,3.0,4.0,5.0,4.0,4.0,3.0,3.0,3.0,4.0,4.0,5.0,5.0,5.0,5.0,2.0,2.0,2.0,1.0,1.0,1.0,1983.0,13.0,2.0,공공,2.0,,4.833333333333333,3.0,4.25,3.4,5.0,1.6
1.0,2.0,1.0,4.0,1.0,4.0,2.0,2.0,3.0,2.0,2.0,3.0,3.0,2.0,2.0,3.0,3.0,3.0,2.0,4.0,5.0,5.0,4.0,4.0,2.0,3.0,2.0,4.0,1.0,2.0,1994.0,9.0,2.0,공공,1.0,,2.1666666666666665,2.2,2.5,3.0,4.5,2.4
3.0,2.0,4.0,1.0,2.0,3.0,2.0,5.0,4.0,4.0,3.0,4.0,2.0,4.0,3.0,2.0,4.0,4.0,4.0,3.0,3.0,3.0,2.0,4.0,4.0,2.0,1.0,2.0,3.0,1.0,1989.0,1.0,2.0,공공,2.0,,2.5,3.6,3.25,3.4,3.0,2.4
4.0,4.0,3.0,4.0,5.0,4.0,4.0,5.0,4.0,4.0,4.0,5.0,5.0,5.0,5.0,5.0,5.0,5.0,5.0,5.0,5.0,5.0,5.0,5.0,4.0,4.0,5.0,5.0,5.0,2.0,1978.0,6.0,2.0,공공,1.0,,4.0,4.2,5.0,5.0,5.0,4.6
2.0,2.0,2.0,2.0,2.0,2.0,2.0,2.0,2.0,2.0,2.0,2.0,3.0,2.0,2.0,2.0,3.0,3.0,2.0,2.0,2.0,2.0,2.0,2.0,2.0,1.0,2.0,3.0,3.0,1.0,1986.0,9.0,2.0,공공,2.0,,2.0,2.0,2.25,2.4,2.0,2.2
5.0,3.0,2.0,5.0,5.0,5.0,4.0,4.0,1.0,4.0,4.0,5.0,4.0,5.0,5.0,4.0,4.0,4.0,4.0,4.0,5.0,5.0,5.0,5.0,2.0,1.0,4.0,4.0,2.0,1.0,1976.0,6.0,2.0,공공,1.0,,4.166666666666667,3.4,4.75,4.0,5.0,2.6
2.0,2.0,2.0,4.0,3.0,4.0,1.0,1.0,1.0,1.0,1.0,1.0,3.0,3.0,3.0,1.0,1.0,1.0,1.0,1.0,5.0,5.0,4.0,5.0,2.0,2.0,3.0,4.0,2.0,2.0,1980.0,9.0,2.0,공공,2.0,,2.8333333333333335,1.0,2.5,1.0,4.75,2.6
4.0,4.0,3.0,4.0,3.0,4.0,4.0,3.0,4.0,3.0,4.0,3.0,4.0,3.0,3.0,3.0,4.0,3.0,4.0,4.0,4.0,3.0,4.0,4.0,4.0,4.0,4.0,4.0,3.0,2.0,1993.0,9.0,2.0,공공,2.0,,3.6666666666666665,3.6,3.25,3.6,3.75,3.8
1.0,2.0,2.0,1.0,2.0,1.0,5.0,4.0,5.0,4.0,4.0,4.0,4.0,4.0,5.0,5.0,5.0,4.0,4.0,5.0,4.0,5.0,4.0,4.0,2.0,1.0,3.0,4.0,4.0,2.0,1975.0,9.0,2.0,공공,2.0,,1.5,4.4,4.25,4.6,4.25,2.8
2.0,2.0,2.0,2.0,3.0,2.0,2.0,2.0,2.0,2.0,3.0,2.0,4.0,4.0,4.0,2.0,1.0,2.0,2.0,2.0,4.0,3.0,4.0,4.0,3.0,2.0,2.0,2.0,2.0,1.0,1980.0,1.0,2.0,공공,2.0,,2.1666666666666665,2.2,3.5,1.8,3.75,2.2
3.0,3.0,4.0,4.0,4.0,4.0,3.0,4.0,3.0,4.0,4.0,3.0,3.0,2.0,3.0,3.0,4.0,3.0,4.0,3.0,4.0,4.0,4.0,3.0,4.0,3.0,4.0,3.0,3.0,2.0,1996.0,2.0,2.0,공공,2.0,,3.6666666666666665,3.6,2.75,3.4,3.75,3.4
4.0,4.0,4.0,4.0,4.0,4.0,3.0,4.0,4.0,4.0,3.0,4.0,4.0,3.0,4.0,4.0,4.0,3.0,3.0,4.0,4.0,4.0,4.0,4.0,4.0,4.0,3.0,3.0,3.0,1.0,1993.0,13.0,2.0,공공,1.0,,4.0,3.6,3.75,3.6,4.0,3.4
4.0,3.0,2.0,3.0,4.0,4.0,4.0,3.0,4.0,4.0,3.0,5.0,5.0,3.0,5.0,4.0,4.0,4.0,5.0,4.0,4.0,4.0,3.0,4.0,2.0,2.0,2.0,4.0,2.0,2.0,1978.0,1.0,2.0,공공,2.0,,3.3333333333333335,3.6,4.5,4.2,3.75,2.4
3.0,3.0,1.0,2.0,4.0,5.0,3.0,2.0,4.0,2.0,2.0,5.0,5.0,5.0,3.0,1.0,1.0,1.0,4.0,3.0,4.0,4.0,4.0,4.0,3.0,4.0,4.0,5.0,2.0,2.0,1989.0,9.0,2.0,공공,2.0,,3.0,2.6,4.5,2.0,4.0,3.6
4.0,3.0,2.0,3.0,4.0,4.0,2.0,1.0,2.0,2.0,3.0,3.0,4.0,4.0,3.0,2.0,3.0,3.0,2.0,3.0,4.0,4.0,4.0,4.0,4.0,4.0,4.0,5.0,2.0,1.0,1976.0,7.0,2.0,공공,2.0,,3.3333333333333335,2.0,3.5,2.6,4.0,3.8
4.0,4.0,3.0,4.0,4.0,5.0,3.0,3.0,3.0,4.0,4.0,4.0,4.0,4.0,4.0,4.0,4.0,4.0,3.0,3.0,4.0,4.0,4.0,4.0,3.0,2.0,3.0,4.0,3.0,1.0,1981.0,9.0,2.0,공공,2.0,,4.0,3.4,4.0,3.6,4.0,3.0
5.0,4.0,3.0,3.0,4.0,2.0,2.0,2.0,3.0,1.0,2.0,3.0,2.0,1.0,1.0,2.0,3.0,2.0,2.0,3.0,5.0,4.0,3.0,3.0,2.0,3.0,3.0,2.0,3.0,2.0,1990.0,3.0,2.0,공공,2.0,,3.5,2.0,1.75,2.4,3.75,2.6
2.0,3.0,2.0,2.0,2.0,3.0,2.0,2.0,2.0,3.0,3.0,2.0,3.0,3.0,3.0,3.0,4.0,4.0,4.0,3.0,4.0,3.0,3.0,4.0,2.0,2.0,3.0,2.0,2.0,2.0,1992.0,11.0,2.0,공공,2.0,,2.3333333333333335,2.4,2.75,3.6,3.5,2.2
3.0,4.0,4.0,4.0,3.0,4.0,4.0,4.0,5.0,4.0,3.0,4.0,4.0,4.0,4.0,4.0,5.0,5.0,4.0,4.0,4.0,4.0,4.0,4.0,2.0,2.0,2.0,1.0,2.0,2.0,1993.0,2.0,2.0,공공,1.0,,3.6666666666666665,4.0,4.0,4.4,4.0,1.8
4.0,4.0,5.0,2.0,2.0,4.0,3.0,3.0,4.0,3.0,4.0,4.0,3.0,4.0,3.0,3.0,4.0,4.0,4.0,3.0,3.0,4.0,3.0,4.0,3.0,4.0,3.0,4.0,5.0,1.0,1993.0,1.0,2.0,공공,1.0,,3.5,3.4,3.5,3.6,3.5,3.8
1.0,3.0,2.0,2.0,2.0,2.0,4.0,3.0,3.0,3.0,3.0,3.0,3.0,3.0,2.0,3.0,2.0,2.0,2.0,3.0,5.0,5.0,4.0,4.0,2.0,2.0,2.0,2.0,2.0,1.0,1973.0,3.0,2.0,공공,2.0,,2.0,3.2,2.75,2.4,4.5,2.0
3.0,3.0,3.0,2.0,3.0,4.0,2.0,2.0,3.0,2.0,2.0,2.0,2.0,2.0,2.0,2.0,2.0,2.0,2.0,2.0,3.0,3.0,3.0,3.0,1.0,2.0,1.0,2.0,2.0,1.0,1966.0,5.0,2.0,공공,2.0,,3.0,2.2,2.0,2.0,3.0,1.6
2.0,3.0,2.0,3.0,3.0,4.0,3.0,3.0,4.0,3.0,3.0,3.0,3.0,4.0,3.0,4.0,3.0,4.0,3.0,4.0,4.0,4.0,3.0,3.0,1.0,1.0,2.0,2.0,2.0,2.0,1981.0,1.0,2.0,공공,2.0,,2.8333333333333335,3.2,3.25,3.6,3.5,1.6
4.0,2.0,3.0,4.0,2.0,4.0,3.0,4.0,3.0,4.0,3.0,3.0,4.0,4.0,3.0,4.0,3.0,3.0,3.0,4.0,4.0,3.0,3.0,3.0,3.0,3.0,4.0,2.0,3.0,2.0,1992.0,9.0,2.0,공공,2.0,,3.1666666666666665,3.4,3.5,3.4,3.25,3.0
2.0,4.0,2.0,4.0,3.0,4.0,1.0,3.0,3.0,3.0,3.0,3.0,5.0,4.0,4.0,4.0,4.0,4.0,3.0,4.0,4.0,4.0,4.0,4.0,3.0,3.0,4.0,4.0,3.0,2.0,1984.0,1.0,2.0,공공,1.0,,3.1666666666666665,2.6,4.0,3.8,4.0,3.4
3.0,2.0,2.0,2.0,3.0,3.0,2.0,2.0,3.0,3.0,3.0,3.0,3.0,2.0,3.0,3.0,3.0,3.0,3.0,2.0,3.0,2.0,2.0,2.0,2.0,2.0,1.0,2.0,1.0,2.0,1987.0,1.0,2.0,공공,2.0,,2.5,2.6,2.75,2.8,2.25,1.6
4.0,3.0,2.0,3.0,4.0,4.0,2.0,2.0,3.0,3.0,3.0,4.0,4.0,4.0,4.0,4.0,4.0,4.0,3.0,2.0,4.0,4.0,3.0,3.0,4.0,2.0,4.0,1.0,4.0,2.0,1989.0,15.0,2.0,공공,2.0,,3.3333333333333335,2.6,4.0,3.4,3.5,3.0
1.0,5.0,5.0,1.0,1.0,5.0,1.0,1.0,1.0,1.0,1.0,1.0,1.0,1.0,1.0,3.0,1.0,3.0,3.0,3.0,3.0,3.0,3.0,3.0,3.0,3.0,3.0,3.0,4.0,1.0,1995.0,13.0,2.0,공공,2.0,,3.0,1.0,1.0,2.6,3.0,3.2
3.0,4.0,2.0,3.0,3.0,4.0,2.0,3.0,4.0,4.0,4.0,4.0,5.0,4.0,4.0,4.0,5.0,5.0,4.0,5.0,4.0,4.0,4.0,4.0,1.0,1.0,4.0,2.0,4.0,1.0,1982.0,2.0,2.0,공공,2.0,,3.1666666666666665,3.4,4.25,4.6,4.0,2.4
2.0,2.0,2.0,3.0,3.0,2.0,2.0,2.0,2.0,2.0,2.0,3.0,3.0,4.0,3.0,3.0,3.0,3.0,3.0,4.0,4.0,4.0,4.0,4.0,2.0,2.0,2.0,2.0,2.0,1.0,1991.0,9.0,2.0,공공,2.0,,2.3333333333333335,2.0,3.25,3.2,4.0,2.0
4.0,4.0,2.0,4.0,4.0,5.0,3.0,3.0,4.0,3.0,3.0,1.0,3.0,2.0,4.0,3.0,4.0,3.0,3.0,4.0,4.0,4.0,3.0,3.0,4.0,4.0,4.0,3.0,4.0,1.0,1978.0,11.0,2.0,공공,2.0,,3.8333333333333335,3.2,2.5,3.4,3.5,3.8
2.0,2.0,1.0,3.0,4.0,4.0,2.0,2.0,2.0,3.0,4.0,3.0,3.0,3.0,3.0,3.0,2.0,2.0,2.0,2.0,5.0,4.0,4.0,4.0,2.0,2.0,3.0,4.0,2.0,2.0,1991.0,10.0,2.0,공공,2.0,,2.6666666666666665,2.6,3.0,2.2,4.25,2.6
2.0,4.0,4.0,3.0,2.0,4.0,2.0,2.0,2.0,2.0,1.0,2.0,2.0,2.0,2.0,2.0,2.0,2.0,3.0,2.0,4.0,2.0,2.0,3.0,2.0,2.0,3.0,3.0,2.0,2.0,1996.0,1.0,2.0,공공,2.0,,3.1666666666666665,1.8,2.0,2.2,2.75,2.4
4.0,3.0,3.0,5.0,5.0,4.0,1.0,2.0,3.0,2.0,3.0,4.0,4.0,3.0,4.0,2.0,2.0,2.0,3.0,2.0,4.0,4.0,2.0,3.0,2.0,2.0,3.0,3.0,2.0,2.0,1988.0,6.0,2.0,공공,2.0,,4.0,2.2,3.75,2.2,3.25,2.4
4.0,3.0,2.0,2.0,3.0,4.0,2.0,2.0,3.0,3.0,3.0,3.0,4.0,3.0,3.0,3.0,3.0,3.0,3.0,4.0,2.0,3.0,4.0,3.0,4.0,4.0,4.0,4.0,4.0,1.0,1988.0,1.0,2.0,공공,2.0,,3.0,2.6,3.25,3.2,3.0,4.0
2.0,2.0,2.0,2.0,2.0,2.0,3.0,2.0,3.0,3.0,2.0,4.0,4.0,4.0,4.0,3.0,2.0,2.0,2.0,2.0,2.0,2.0,4.0,4.0,2.0,2.0,2.0,4.0,2.0,2.0,1981.0,11.0,2.0,공공,2.0,,2.0,2.6,4.0,2.2,3.0,2.4
2.0,3.0,2.0,4.0,3.0,3.0,2.0,2.0,3.0,3.0,3.0,2.0,3.0,2.0,2.0,3.0,3.0,2.0,2.0,3.0,3.0,4.0,2.0,3.0,2.0,2.0,4.0,2.0,3.0,2.0,1993.0,9.0,2.0,공공,2.0,,2.8333333333333335,2.6,2.25,2.6,3.0,2.6
3.0,4.0,4.0,4.0,3.0,4.0,3.0,5.0,5.0,4.0,4.0,3.0,4.0,4.0,4.0,4.0,4.0,5.0,3.0,4.0,3.0,4.0,4.0,4.0,4.0,3.0,4.0,4.0,4.0,2.0,1969.0,1.0,2.0,공공,1.0,,3.6666666666666665,4.2,3.75,4.0,3.75,3.8
2.0,4.0,3.0,4.0,4.0,4.0,3.0,3.0,3.0,3.0,3.0,4.0,4.0,4.0,4.0,4.0,3.0,3.0,4.0,3.0,4.0,4.0,4.0,4.0,3.0,3.0,3.0,2.0,3.0,1.0,1970.0,14.0,2.0,공공,2.0,,3.5,3.0,4.0,3.4,4.0,2.8
1.0,1.0,1.0,2.0,1.0,4.0,1.0,1.0,2.0,2.0,1.0,1.0,4.0,3.0,1.0,2.0,1.0,1.0,1.0,1.0,1.0,1.0,1.0,2.0,1.0,1.0,4.0,4.0,1.0,1.0,1985.0,10.0,2.0,공공,2.0,,1.6666666666666667,1.4,2.25,1.2,1.25,2.2
4.0,3.0,3.0,5.0,4.0,4.0,3.0,3.0,4.0,4.0,4.0,4.0,4.0,4.0,5.0,4.0,4.0,5.0,4.0,4.0,4.0,4.0,4.0,4.0,3.0,3.0,3.0,2.0,3.0,2.0,1968.0,1.0,2.0,공공,2.0,,3.8333333333333335,3.6,4.25,4.2,4.0,2.8
4.0,3.0,2.0,3.0,3.0,3.0,3.0,3.0,3.0,3.0,3.0,2.0,3.0,2.0,3.0,4.0,2.0,2.0,2.0,2.0,3.0,3.0,4.0,4.0,3.0,2.0,2.0,2.0,2.0,2.0,1975.0,5.0,2.0,공공,2.0,,3.0,3.0,2.5,2.4,3.5,2.2
4.0,3.0,3.0,3.0,3.0,4.0,2.0,2.0,3.0,3.0,3.0,3.0,2.0,2.0,2.0,3.0,3.0,3.0,3.0,2.0,3.0,2.0,2.0,2.0,2.0,2.0,2.0,3.0,3.0,2.0,1983.0,8.0,2.0,공공,2.0,,3.3333333333333335,2.6,2.25,2.8,2.25,2.4
5.0,5.0,4.0,4.0,3.0,4.0,2.0,2.0,3.0,3.0,2.0,2.0,2.0,2.0,2.0,2.0,2.0,3.0,3.0,3.0,4.0,4.0,4.0,4.0,1.0,1.0,2.0,2.0,2.0,1.0,1964.0,9.0,2.0,공공,1.0,,4.166666666666667,2.4,2.0,2.6,4.0,1.6
4.0,4.0,3.0,3.0,3.0,4.0,3.0,3.0,3.0,2.0,2.0,3.0,3.0,3.0,4.0,4.0,4.0,4.0,3.0,3.0,4.0,4.0,4.0,4.0,4.0,3.0,3.0,4.0,3.0,2.0,1975.0,1.0,2.0,공공,2.0,,3.5,2.6,3.25,3.6,4.0,3.4
4.0,3.0,4.0,3.0,4.0,3.0,4.0,4.0,3.0,3.0,3.0,4.0,3.0,3.0,3.0,4.0,4.0,4.0,3.0,4.0,4.0,3.0,4.0,3.0,3.0,4.0,3.0,4.0,4.0,1.0,1990.0,5.0,2.0,공공,1.0,,3.5,3.4,3.25,3.8,3.5,3.6
4.0,4.0,4.0,5.0,5.0,4.0,4.0,4.0,5.0,4.0,4.0,4.0,4.0,4.0,5.0,5.0,5.0,4.0,4.0,5.0,4.0,4.0,3.0,4.0,4.0,4.0,3.0,4.0,4.0,1.0,1971.0,1.0,2.0,공공,2.0,,4.333333333333333,4.2,4.25,4.6,3.75,3.8
3.0,4.0,4.0,4.0,5.0,4.0,2.0,1.0,2.0,1.0,2.0,2.0,4.0,2.0,2.0,1.0,1.0,1.0,1.0,1.0,4.0,5.0,5.0,5.0,3.0,4.0,4.0,2.0,4.0,1.0,1985.0,12.0,2.0,공공,1.0,,4.0,1.6,2.5,1.0,4.75,3.4
3.0,2.0,2.0,2.0,2.0,4.0,2.0,3.0,3.0,2.0,2.0,3.0,4.0,2.0,3.0,2.0,4.0,4.0,3.0,4.0,3.0,2.0,3.0,3.0,3.0,4.0,3.0,3.0,3.0,2.0,1979.0,1.0,2.0,공공,2.0,,2.5,2.4,3.0,3.4,2.75,3.2
2.0,2.0,3.0,3.0,4.0,4.0,1.0,2.0,2.0,1.0,2.0,1.0,1.0,3.0,2.0,3.0,2.0,3.0,3.0,3.0,2.0,3.0,4.0,4.0,3.0,4.0,4.0,2.0,1.0,2.0,1996.0,1.0,2.0,공공,2.0,,3.0,1.6,1.75,2.8,3.25,2.8
1.0,2.0,2.0,1.0,2.0,4.0,2.0,2.0,3.0,2.0,2.0,1.0,4.0,2.0,2.0,2.0,1.0,1.0,1.0,1.0,3.0,4.0,3.0,3.0,1.0,1.0,1.0,1.0,1.0,2.0,1992.0,1.0,2.0,공공,1.0,,2.0,2.2,2.25,1.2,3.25,1.0
1.0,1.0,3.0,4.0,1.0,4.0,4.0,4.0,4.0,3.0,3.0,4.0,3.0,3.0,4.0,2.0,1.0,1.0,2.0,3.0,3.0,4.0,4.0,3.0,2.0,2.0,4.0,4.0,4.0,2.0,1992.0,1.0,2.0,공공,2.0,,2.3333333333333335,3.6,3.5,1.8,3.5,3.2
2.0,2.0,3.0,3.0,3.0,4.0,3.0,3.0,2.0,3.0,3.0,2.0,3.0,3.0,3.0,3.0,3.0,3.0,3.0,3.0,4.0,4.0,2.0,3.0,3.0,3.0,3.0,4.0,2.0,2.0,1992.0,1.0,2.0,공공,2.0,,2.8333333333333335,2.8,2.75,3.0,3.25,3.0
3.0,3.0,1.0,2.0,3.0,2.0,1.0,2.0,2.0,3.0,1.0,3.0,4.0,3.0,4.0,3.0,4.0,4.0,4.0,4.0,4.0,4.0,4.0,3.0,2.0,2.0,2.0,2.0,2.0,1.0,1996.0,4.0,2.0,공공,1.0,,2.3333333333333335,1.8,3.5,3.8,3.75,2.0
3.0,2.0,3.0,3.0,4.0,4.0,3.0,3.0,2.0,1.0,1.0,2.0,2.0,4.0,4.0,4.0,4.0,5.0,5.0,5.0,4.0,4.0,4.0,5.0,4.0,3.0,4.0,4.0,5.0,2.0,1986.0,1.0,2.0,공공,1.0,,3.1666666666666665,2.0,3.0,4.6,4.25,4.0
3.0,3.0,2.0,3.0,3.0,4.0,1.0,1.0,2.0,2.0,2.0,2.0,2.0,2.0,4.0,4.0,4.0,4.0,4.0,3.0,4.0,4.0,2.0,3.0,3.0,3.0,2.0,3.0,2.0,1.0,1993.0,5.0,2.0,공공,2.0,,3.0,1.6,2.5,3.8,3.25,2.6
2.0,2.0,1.0,1.0,2.0,4.0,2.0,1.0,2.0,1.0,1.0,2.0,3.0,2.0,2.0,2.0,2.0,2.0,1.0,1.0,4.0,4.0,3.0,4.0,2.0,3.0,2.0,2.0,1.0,2.0,1983.0,12.0,2.0,공공,1.0,,2.0,1.4,2.25,1.6,3.75,2.0
2.0,2.0,1.0,4.0,2.0,4.0,3.0,2.0,3.0,3.0,3.0,3.0,4.0,3.0,3.0,3.0,3.0,3.0,2.0,4.0,4.0,4.0,4.0,4.0,4.0,4.0,4.0,4.0,2.0,2.0,1996.0,5.0,2.0,공공,2.0,,2.5,2.8,3.25,3.0,4.0,3.6
3.0,4.0,3.0,4.0,4.0,3.0,3.0,3.0,3.0,3.0,4.0,4.0,3.0,4.0,4.0,4.0,4.0,4.0,4.0,4.0,2.0,4.0,4.0,2.0,4.0,3.0,3.0,4.0,4.0,2.0,1994.0,14.0,2.0,공공,2.0,,3.5,3.2,3.75,4.0,3.0,3.6
4.0,5.0,4.0,4.0,4.0,5.0,3.0,3.0,4.0,2.0,2.0,3.0,4.0,4.0,4.0,4.0,1.0,3.0,2.0,2.0,5.0,5.0,5.0,5.0,4.0,5.0,5.0,1.0,4.0,1.0,1992.0,10.0,2.0,공공,2.0,,4.333333333333333,2.8,3.75,2.4,5.0,3.8
4.0,1.0,2.0,1.0,1.0,2.0,1.0,1.0,3.0,3.0,2.0,2.0,3.0,3.0,3.0,4.0,4.0,4.0,4.0,3.0,3.0,4.0,4.0,4.0,4.0,4.0,5.0,3.0,2.0,2.0,1995.0,9.0,2.0,공공,2.0,,1.8333333333333333,2.0,2.75,3.8,3.75,3.6
2.0,2.0,2.0,3.0,2.0,2.0,3.0,3.0,3.0,3.0,3.0,3.0,4.0,4.0,4.0,4.0,3.0,3.0,3.0,3.0,4.0,3.0,3.0,3.0,3.0,3.0,3.0,3.0,3.0,1.0,1992.0,7.0,2.0,공공,1.0,,2.1666666666666665,3.0,3.75,3.2,3.25,3.0
1.0,1.0,1.0,2.0,2.0,4.0,1.0,1.0,1.0,1.0,1.0,1.0,3.0,3.0,3.0,1.0,1.0,1.0,1.0,1.0,3.0,3.0,4.0,3.0,1.0,1.0,1.0,1.0,1.0,2.0,1994.0,1.0,2.0,공공,1.0,,1.8333333333333333,1.0,2.5,1.0,3.25,1.0
2.0,3.0,2.0,5.0,3.0,2.0,3.0,3.0,5.0,4.0,4.0,5.0,5.0,5.0,5.0,3.0,5.0,5.0,3.0,5.0,3.0,3.0,3.0,3.0,1.0,1.0,1.0,1.0,1.0,1.0,1977.0,14.0,2.0,공공,2.0,,2.8333333333333335,3.8,5.0,4.2,3.0,1.0
4.0,4.0,4.0,3.0,3.0,4.0,2.0,2.0,2.0,2.0,2.0,4.0,4.0,4.0,4.0,2.0,1.0,1.0,1.0,1.0,4.0,4.0,4.0,4.0,3.0,4.0,4.0,2.0,2.0,2.0,1997.0,14.0,2.0,공공,2.0,,3.6666666666666665,2.0,4.0,1.2,4.0,3.0
4.0,2.0,2.0,3.0,4.0,4.0,3.0,2.0,4.0,3.0,2.0,2.0,2.0,2.0,3.0,3.0,2.0,2.0,4.0,2.0,2.0,3.0,4.0,3.0,2.0,4.0,4.0,4.0,2.0,1.0,1984.0,9.0,2.0,공공,1.0,,3.1666666666666665,2.8,2.25,2.6,3.0,3.2
3.0,2.0,4.0,2.0,3.0,2.0,1.0,2.0,1.0,1.0,1.0,2.0,4.0,3.0,3.0,3.0,3.0,3.0,3.0,3.0,3.0,3.0,4.0,3.0,2.0,2.0,2.0,4.0,3.0,2.0,1997.0,1.0,2.0,공공,2.0,,2.6666666666666665,1.2,3.0,3.0,3.25,2.6
2.0,2.0,3.0,2.0,1.0,3.0,2.0,2.0,2.0,1.0,2.0,3.0,4.0,3.0,3.0,3.0,2.0,2.0,4.0,3.0,4.0,3.0,3.0,3.0,2.0,2.0,4.0,3.0,3.0,1.0,1991.0,2.0,2.0,공공,2.0,,2.1666666666666665,1.8,3.25,2.8,3.25,2.8
2.0,5.0,2.0,3.0,2.0,4.0,2.0,2.0,2.0,2.0,2.0,3.0,3.0,4.0,3.0,2.0,3.0,3.0,3.0,2.0,4.0,4.0,4.0,4.0,2.0,2.0,3.0,3.0,2.0,2.0,1983.0,9.0,2.0,공공,2.0,,3.0,2.0,3.25,2.6,4.0,2.4
1.0,1.0,3.0,5.0,5.0,5.0,3.0,3.0,3.0,3.0,3.0,5.0,5.0,5.0,5.0,2.0,1.0,1.0,1.0,1.0,4.0,4.0,4.0,4.0,4.0,4.0,4.0,3.0,3.0,2.0,1993.0,6.0,2.0,공공,1.0,,3.3333333333333335,3.0,5.0,1.2,4.0,3.6
1.0,3.0,3.0,2.0,2.0,5.0,1.0,2.0,3.0,2.0,2.0,2.0,3.0,4.0,3.0,3.0,2.0,2.0,4.0,3.0,3.0,3.0,3.0,3.0,2.0,3.0,3.0,5.0,2.0,1.0,1981.0,8.0,2.0,공공,2.0,,2.6666666666666665,2.0,3.0,2.8,3.0,3.0
3.0,3.0,2.0,3.0,2.0,5.0,3.0,3.0,4.0,3.0,3.0,3.0,4.0,3.0,3.0,4.0,4.0,3.0,4.0,3.0,4.0,4.0,3.0,3.0,2.0,2.0,3.0,3.0,3.0,1.0,1994.0,1.0,2.0,공공,2.0,,3.0,3.2,3.25,3.6,3.5,2.6
5.0,5.0,5.0,5.0,5.0,4.0,4.0,2.0,3.0,4.0,3.0,3.0,5.0,4.0,4.0,2.0,1.0,1.0,1.0,1.0,4.0,4.0,5.0,5.0,4.0,2.0,3.0,4.0,2.0,2.0,1986.0,10.0,2.0,공공,2.0,,4.833333333333333,3.2,4.0,1.2,4.5,3.0
2.0,2.0,1.0,5.0,3.0,2.0,3.0,3.0,3.0,4.0,4.0,5.0,5.0,2.0,5.0,4.0,5.0,4.0,5.0,5.0,3.0,3.0,3.0,3.0,3.0,3.0,3.0,3.0,3.0,1.0,1979.0,16.0,2.0,공공,2.0,,2.5,3.4,4.25,4.6,3.0,3.0
4.0,4.0,4.0,2.0,3.0,4.0,2.0,1.0,3.0,2.0,3.0,4.0,4.0,4.0,4.0,1.0,1.0,1.0,1.0,1.0,5.0,5.0,5.0,4.0,2.0,1.0,4.0,3.0,4.0,1.0,1987.0,2.0,2.0,공공,2.0,,3.5,2.2,4.0,1.0,4.75,2.8
1.0,1.0,2.0,2.0,2.0,4.0,1.0,1.0,3.0,3.0,3.0,3.0,3.0,3.0,2.0,4.0,4.0,4.0,5.0,4.0,3.0,4.0,4.0,4.0,2.0,2.0,2.0,3.0,2.0,1.0,1988.0,9.0,2.0,공공,2.0,,2.0,2.2,2.75,4.2,3.75,2.2
4.0,4.0,2.0,5.0,5.0,4.0,3.0,4.0,3.0,2.0,4.0,4.0,5.0,4.0,4.0,3.0,3.0,3.0,3.0,3.0,4.0,4.0,4.0,4.0,3.0,2.0,3.0,5.0,3.0,1.0,1988.0,9.0,2.0,공공,2.0,,4.0,3.2,4.25,3.0,4.0,3.2
2.0,3.0,3.0,4.0,3.0,4.0,3.0,2.0,3.0,2.0,3.0,3.0,4.0,4.0,3.0,4.0,3.0,3.0,3.0,3.0,4.0,4.0,4.0,4.0,2.0,2.0,2.0,2.0,2.0,2.0,1979.0,15.0,2.0,공공,2.0,,3.1666666666666665,2.6,3.5,3.2,4.0,2.0
4.0,5.0,3.0,2.0,5.0,5.0,2.0,4.0,1.0,4.0,4.0,5.0,5.0,5.0,3.0,5.0,4.0,4.0,4.0,4.0,5.0,5.0,4.0,4.0,4.0,3.0,2.0,3.0,1.0,1.0,1989.0,11.0,2.0,공공,2.0,,4.0,3.0,4.5,4.2,4.5,2.6
2.0,3.0,1.0,4.0,4.0,4.0,1.0,1.0,1.0,2.0,3.0,4.0,4.0,4.0,4.0,4.0,4.0,5.0,4.0,3.0,2.0,3.0,4.0,4.0,4.0,3.0,3.0,4.0,3.0,1.0,1983.0,9.0,2.0,공공,2.0,,3.0,1.6,4.0,4.0,3.25,3.4
3.0,3.0,3.0,3.0,2.0,3.0,3.0,2.0,3.0,2.0,3.0,3.0,3.0,2.0,3.0,3.0,3.0,3.0,3.0,3.0,4.0,4.0,4.0,4.0,2.0,2.0,2.0,2.0,3.0,1.0,1987.0,9.0,2.0,공공,2.0,,2.8333333333333335,2.6,2.75,3.0,4.0,2.2
4.0,5.0,4.0,5.0,5.0,4.0,4.0,5.0,5.0,4.0,4.0,5.0,4.0,4.0,5.0,4.0,5.0,5.0,4.0,4.0,3.0,4.0,4.0,5.0,3.0,4.0,5.0,4.0,4.0,1.0,1984.0,1.0,2.0,공공,1.0,,4.5,4.4,4.5,4.4,4.0,4.0
4.0,2.0,4.0,2.0,4.0,4.0,2.0,2.0,2.0,2.0,2.0,2.0,4.0,3.0,3.0,2.0,3.0,2.0,3.0,3.0,3.0,4.0,4.0,4.0,4.0,4.0,4.0,4.0,4.0,2.0,1996.0,15.0,2.0,공공,2.0,,3.3333333333333335,2.0,3.0,2.6,3.75,4.0
4.0,5.0,5.0,5.0,4.0,3.0,2.0,3.0,3.0,3.0,2.0,2.0,3.0,2.0,2.0,3.0,3.0,3.0,3.0,3.0,5.0,5.0,5.0,4.0,2.0,3.0,3.0,3.0,3.0,1.0,1991.0,2.0,2.0,공공,1.0,,4.333333333333333,2.6,2.25,3.0,4.75,2.8
4.0,2.0,4.0,4.0,4.0,5.0,4.0,1.0,2.0,2.0,1.0,3.0,3.0,1.0,2.0,1.0,1.0,1.0,1.0,1.0,5.0,4.0,5.0,4.0,2.0,3.0,1.0,1.0,2.0,1.0,1970.0,9.0,2.0,공공,2.0,,3.8333333333333335,2.0,2.25,1.0,4.5,1.8
3.0,2.0,1.0,3.0,4.0,4.0,3.0,3.0,3.0,4.0,3.0,4.0,4.0,4.0,4.0,4.0,5.0,4.0,3.0,4.0,4.0,3.0,4.0,3.0,1.0,2.0,3.0,3.0,5.0,2.0,1982.0,5.0,2.0,공공,2.0,,2.8333333333333335,3.2,4.0,4.0,3.5,2.8
3.0,2.0,3.0,3.0,3.0,2.0,3.0,2.0,3.0,3.0,3.0,3.0,2.0,2.0,3.0,3.0,2.0,3.0,3.0,2.0,3.0,2.0,2.0,3.0,3.0,2.0,3.0,3.0,2.0,1.0,1987.0,3.0,2.0,공공,2.0,,2.6666666666666665,2.8,2.5,2.6,2.5,2.6
5.0,5.0,3.0,4.0,5.0,4.0,3.0,3.0,2.0,2.0,2.0,3.0,4.0,4.0,3.0,4.0,3.0,3.0,3.0,4.0,4.0,5.0,4.0,4.0,3.0,4.0,4.0,3.0,3.0,1.0,1990.0,6.0,2.0,공공,1.0,,4.333333333333333,2.4,3.5,3.4,4.25,3.4
2.0,2.0,3.0,3.0,3.0,2.0,3.0,3.0,3.0,3.0,3.0,3.0,3.0,3.0,4.0,3.0,3.0,3.0,3.0,3.0,4.0,5.0,4.0,5.0,3.0,3.0,3.0,3.0,3.0,1.0,1995.0,8.0,2.0,공공,1.0,,2.5,3.0,3.25,3.0,4.5,3.0
1.0,3.0,4.0,3.0,2.0,3.0,3.0,3.0,3.0,3.0,3.0,3.0,3.0,3.0,3.0,2.0,3.0,3.0,3.0,3.0,2.0,2.0,1.0,2.0,3.0,2.0,3.0,2.0,2.0,1.0,1988.0,9.0,2.0,공공,1.0,,2.6666666666666665,3.0,3.0,2.8,1.75,2.4
4.0,2.0,4.0,2.0,3.0,1.0,1.0,2.0,1.0,4.0,2.0,4.0,5.0,5.0,5.0,3.0,5.0,5.0,5.0,5.0,4.0,5.0,5.0,5.0,1.0,1.0,2.0,4.0,1.0,2.0,1999.0,10.0,2.0,공공,1.0,,2.6666666666666665,2.0,4.75,4.6,4.75,1.8
3.0,3.0,4.0,4.0,3.0,2.0,3.0,3.0,3.0,3.0,4.0,2.0,3.0,3.0,3.0,3.0,3.0,2.0,4.0,2.0,4.0,5.0,4.0,4.0,4.0,4.0,4.0,3.0,3.0,1.0,1991.0,8.0,2.0,공공,2.0,,3.1666666666666665,3.2,2.75,2.8,4.25,3.6
1.0,1.0,3.0,1.0,1.0,1.0,1.0,1.0,1.0,1.0,1.0,1.0,3.0,5.0,1.0,1.0,1.0,1.0,1.0,1.0,5.0,4.0,1.0,4.0,4.0,5.0,5.0,5.0,5.0,2.0,1993.0,1.0,2.0,공공,2.0,,1.3333333333333333,1.0,2.5,1.0,3.5,4.8
1.0,2.0,1.0,2.0,1.0,2.0,1.0,1.0,2.0,1.0,1.0,1.0,1.0,1.0,1.0,1.0,1.0,1.0,1.0,1.0,4.0,4.0,4.0,4.0,3.0,3.0,4.0,5.0,2.0,1.0,1992.0,9.0,2.0,공공,2.0,,1.5,1.2,1.0,1.0,4.0,3.4
5.0,3.0,4.0,5.0,5.0,5.0,3.0,3.0,4.0,4.0,4.0,3.0,4.0,4.0,4.0,4.0,4.0,4.0,4.0,4.0,4.0,4.0,4.0,4.0,2.0,2.0,3.0,3.0,1.0,2.0,1991.0,11.0,2.0,공공,2.0,,4.5,3.6,3.75,4.0,4.0,2.2
3.0,3.0,3.0,3.0,3.0,3.0,1.0,1.0,1.0,1.0,1.0,3.0,3.0,3.0,3.0,5.0,5.0,5.0,5.0,5.0,5.0,4.0,4.0,4.0,3.0,3.0,3.0,3.0,3.0,1.0,1988.0,9.0,2.0,공공,2.0,,3.0,1.0,3.0,5.0,4.25,3.0
2.0,3.0,4.0,2.0,1.0,4.0,2.0,2.0,2.0,2.0,2.0,2.0,4.0,2.0,4.0,2.0,2.0,1.0,2.0,1.0,4.0,4.0,4.0,3.0,5.0,3.0,4.0,3.0,4.0,1.0,1991.0,9.0,2.0,공공,2.0,,2.6666666666666665,2.0,3.0,1.6,3.75,3.8
5.0,3.0,3.0,4.0,5.0,4.0,3.0,3.0,4.0,5.0,5.0,5.0,4.0,4.0,5.0,4.0,5.0,4.0,4.0,3.0,4.0,3.0,3.0,3.0,4.0,3.0,3.0,4.0,3.0,1.0,1993.0,6.0,2.0,공공,2.0,,4.0,4.0,4.5,4.0,3.25,3.4
4.0,4.0,2.0,4.0,5.0,4.0,2.0,3.0,2.0,2.0,4.0,4.0,4.0,5.0,4.0,3.0,4.0,4.0,4.0,5.0,4.0,4.0,4.0,5.0,4.0,4.0,4.0,2.0,4.0,1.0,1993.0,1.0,2.0,공공,2.0,,3.8333333333333335,2.6,4.25,4.0,4.25,3.6
3.0,2.0,2.0,4.0,4.0,2.0,3.0,2.0,4.0,3.0,3.0,2.0,4.0,2.0,4.0,2.0,3.0,3.0,3.0,3.0,2.0,2.0,3.0,4.0,2.0,2.0,2.0,2.0,2.0,1.0,1995.0,9.0,2.0,공공,2.0,,2.8333333333333335,3.0,3.0,2.8,2.75,2.0
2.0,2.0,2.0,1.0,1.0,5.0,1.0,1.0,1.0,1.0,1.0,3.0,5.0,2.0,3.0,1.0,1.0,2.0,2.0,1.0,1.0,1.0,4.0,3.0,4.0,4.0,5.0,5.0,3.0,1.0,1985.0,1.0,2.0,공공,2.0,,2.1666666666666665,1.0,3.25,1.4,2.25,4.2
4.0,3.0,5.0,5.0,4.0,4.0,1.0,3.0,4.0,1.0,2.0,4.0,4.0,4.0,4.0,2.0,3.0,3.0,4.0,3.0,4.0,4.0,4.0,4.0,3.0,4.0,4.0,2.0,2.0,2.0,1994.0,4.0,2.0,공공,2.0,,4.166666666666667,2.2,4.0,3.0,4.0,3.0
4.0,4.0,5.0,4.0,4.0,5.0,3.0,3.0,3.0,4.0,5.0,5.0,5.0,5.0,5.0,4.0,5.0,5.0,5.0,5.0,5.0,5.0,5.0,5.0,4.0,4.0,5.0,2.0,4.0,2.0,1994.0,5.0,2.0,공공,2.0,,4.333333333333333,3.6,5.0,4.8,5.0,3.8
3.0,4.0,2.0,2.0,3.0,2.0,5.0,4.0,4.0,4.0,4.0,4.0,5.0,5.0,5.0,2.0,2.0,2.0,1.0,3.0,1.0,3.0,3.0,2.0,4.0,4.0,5.0,1.0,4.0,2.0,1992.0,9.0,2.0,공공,2.0,,2.6666666666666665,4.2,4.75,2.0,2.25,3.6
1.0,1.0,2.0,2.0,2.0,2.0,1.0,1.0,2.0,2.0,1.0,1.0,1.0,2.0,2.0,2.0,1.0,1.0,2.0,2.0,2.0,1.0,1.0,1.0,1.0,1.0,1.0,1.0,2.0,1.0,1988.0,3.0,2.0,공공,2.0,,1.6666666666666667,1.4,1.5,1.6,1.25,1.2
3.0,2.0,2.0,3.0,2.0,3.0,1.0,3.0,3.0,3.0,3.0,2.0,4.0,4.0,4.0,3.0,3.0,3.0,4.0,3.0,5.0,4.0,3.0,4.0,2.0,3.0,3.0,4.0,2.0,2.0,1996.0,13.0,2.0,공공,2.0,,2.5,2.6,3.5,3.2,4.0,2.8
2.0,4.0,2.0,3.0,5.0,4.0,4.0,4.0,3.0,2.0,2.0,4.0,4.0,4.0,4.0,3.0,2.0,3.0,2.0,3.0,4.0,5.0,5.0,3.0,2.0,4.0,4.0,4.0,3.0,2.0,1992.0,3.0,2.0,공공,2.0,,3.3333333333333335,3.0,4.0,2.6,4.25,3.4
2.0,3.0,3.0,4.0,4.0,3.0,4.0,4.0,4.0,4.0,4.0,4.0,4.0,4.0,4.0,4.0,4.0,4.0,4.0,4.0,4.0,5.0,4.0,4.0,2.0,1.0,3.0,3.0,2.0,1.0,1988.0,1.0,2.0,공공,2.0,,3.1666666666666665,4.0,4.0,4.0,4.25,2.2
4.0,3.0,3.0,4.0,4.0,4.0,2.0,1.0,2.0,1.0,2.0,1.0,2.0,2.0,2.0,2.0,2.0,1.0,2.0,2.0,3.0,4.0,3.0,3.0,2.0,2.0,4.0,2.0,2.0,2.0,1985.0,16.0,2.0,공공,2.0,,3.6666666666666665,1.6,1.75,1.8,3.25,2.4
4.0,4.0,4.0,4.0,5.0,4.0,3.0,2.0,3.0,3.0,2.0,4.0,4.0,4.0,4.0,4.0,3.0,3.0,2.0,3.0,4.0,3.0,3.0,3.0,2.0,3.0,3.0,3.0,3.0,2.0,1993.0,9.0,2.0,공공,2.0,,4.166666666666667,2.6,4.0,3.0,3.25,2.8
2.0,4.0,3.0,2.0,2.0,4.0,3.0,3.0,3.0,3.0,3.0,3.0,3.0,3.0,3.0,3.0,2.0,4.0,3.0,3.0,3.0,4.0,4.0,3.0,4.0,2.0,4.0,3.0,4.0,2.0,1993.0,14.0,2.0,공공,1.0,,2.8333333333333335,3.0,3.0,3.0,3.5,3.4
3.0,2.0,2.0,2.0,2.0,4.0,2.0,1.0,1.0,1.0,1.0,1.0,2.0,2.0,1.0,2.0,1.0,1.0,1.0,1.0,1.0,4.0,4.0,5.0,4.0,4.0,4.0,5.0,4.0,1.0,1986.0,14.0,2.0,공공,1.0,,2.5,1.2,1.5,1.2,3.5,4.2
2.0,2.0,3.0,4.0,4.0,4.0,4.0,2.0,2.0,1.0,2.0,4.0,3.0,4.0,1.0,3.0,2.0,4.0,4.0,2.0,3.0,3.0,3.0,4.0,4.0,2.0,3.0,4.0,2.0,2.0,1995.0,12.0,2.0,공공,2.0,,3.1666666666666665,2.2,3.0,3.0,3.25,3.0
2.0,2.0,4.0,3.0,3.0,4.0,2.0,3.0,4.0,3.0,3.0,5.0,5.0,4.0,4.0,3.0,4.0,4.0,4.0,4.0,4.0,4.0,4.0,4.0,2.0,2.0,2.0,2.0,2.0,2.0,1988.0,1.0,2.0,공공,1.0,,3.0,3.0,4.5,3.8,4.0,2.0
3.0,2.0,2.0,5.0,5.0,4.0,2.0,2.0,2.0,2.0,2.0,2.0,2.0,2.0,2.0,2.0,2.0,2.0,2.0,2.0,4.0,4.0,4.0,4.0,4.0,4.0,4.0,4.0,4.0,2.0,1987.0,2.0,2.0,공공,1.0,,3.5,2.0,2.0,2.0,4.0,4.0
2.0,3.0,2.0,3.0,3.0,4.0,3.0,3.0,3.0,3.0,4.0,4.0,4.0,4.0,4.0,4.0,3.0,3.0,3.0,3.0,4.0,4.0,4.0,4.0,2.0,2.0,2.0,2.0,2.0,2.0,1990.0,9.0,2.0,공공,1.0,,2.8333333333333335,3.2,4.0,3.2,4.0,2.0
3.0,3.0,3.0,4.0,4.0,4.0,4.0,4.0,4.0,4.0,4.0,4.0,4.0,4.0,4.0,4.0,4.0,4.0,4.0,4.0,3.0,3.0,4.0,4.0,3.0,4.0,4.0,4.0,4.0,2.0,1975.0,15.0,2.0,공공,2.0,,3.5,4.0,4.0,4.0,3.5,3.8
5.0,5.0,5.0,5.0,5.0,5.0,3.0,3.0,3.0,2.0,2.0,3.0,3.0,3.0,3.0,4.0,3.0,4.0,4.0,4.0,4.0,4.0,4.0,5.0,2.0,2.0,4.0,4.0,2.0,2.0,1993.0,15.0,2.0,공공,2.0,,5.0,2.6,3.0,3.8,4.25,2.8
4.0,4.0,2.0,4.0,5.0,4.0,3.0,3.0,3.0,3.0,3.0,3.0,4.0,4.0,3.0,4.0,4.0,4.0,5.0,5.0,4.0,4.0,4.0,5.0,4.0,4.0,4.0,5.0,4.0,2.0,1991.0,9.0,2.0,공공,1.0,,3.8333333333333335,3.0,3.5,4.4,4.25,4.2
2.0,4.0,1.0,4.0,4.0,5.0,3.0,1.0,2.0,2.0,4.0,2.0,4.0,3.0,3.0,2.0,3.0,3.0,3.0,3.0,4.0,3.0,4.0,4.0,3.0,4.0,4.0,5.0,2.0,1.0,1989.0,11.0,2.0,공공,2.0,,3.3333333333333335,2.4,3.0,2.8,3.75,3.6
3.0,3.0,4.0,4.0,4.0,3.0,2.0,4.0,3.0,2.0,2.0,3.0,3.0,3.0,3.0,3.0,4.0,4.0,4.0,4.0,4.0,4.0,4.0,3.0,3.0,4.0,3.0,3.0,4.0,2.0,1985.0,7.0,2.0,공공,2.0,,3.5,2.6,3.0,3.8,3.75,3.4
5.0,4.0,3.0,3.0,3.0,4.0,4.0,4.0,4.0,4.0,4.0,5.0,5.0,5.0,5.0,4.0,4.0,4.0,4.0,4.0,3.0,3.0,3.0,3.0,4.0,4.0,4.0,4.0,4.0,2.0,1996.0,12.0,2.0,공공,1.0,,3.6666666666666665,4.0,5.0,4.0,3.0,4.0
3.0,4.0,2.0,1.0,4.0,4.0,2.0,4.0,3.0,1.0,2.0,3.0,4.0,3.0,3.0,4.0,4.0,4.0,4.0,4.0,3.0,4.0,3.0,3.0,4.0,4.0,3.0,4.0,3.0,2.0,1998.0,10.0,2.0,공공,2.0,,3.0,2.4,3.25,4.0,3.25,3.6
4.0,2.0,4.0,2.0,4.0,4.0,1.0,1.0,3.0,1.0,1.0,1.0,3.0,3.0,2.0,1.0,1.0,1.0,1.0,1.0,1.0,4.0,4.0,2.0,3.0,4.0,4.0,4.0,2.0,2.0,1998.0,10.0,2.0,공공,2.0,,3.3333333333333335,1.4,2.25,1.0,2.75,3.4
5.0,5.0,5.0,5.0,5.0,3.0,5.0,5.0,5.0,5.0,5.0,5.0,5.0,3.0,5.0,5.0,5.0,5.0,5.0,5.0,4.0,5.0,5.0,5.0,5.0,5.0,5.0,3.0,5.0,2.0,1998.0,1.0,2.0,공공,1.0,,4.666666666666667,5.0,4.5,5.0,4.75,4.6
4.0,2.0,3.0,4.0,5.0,4.0,3.0,5.0,5.0,4.0,2.0,3.0,5.0,3.0,4.0,5.0,5.0,5.0,4.0,4.0,5.0,4.0,4.0,4.0,2.0,3.0,3.0,2.0,1.0,1.0,1990.0,2.0,2.0,공공,2.0,,3.6666666666666665,3.8,3.75,4.6,4.25,2.2
4.0,4.0,3.0,5.0,3.0,4.0,4.0,4.0,4.0,4.0,4.0,4.0,4.0,4.0,3.0,4.0,4.0,4.0,4.0,4.0,4.0,3.0,4.0,4.0,3.0,4.0,2.0,3.0,3.0,1.0,1977.0,1.0,2.0,공공,2.0,,3.8333333333333335,4.0,3.75,4.0,3.75,3.0
4.0,4.0,3.0,3.0,3.0,4.0,3.0,3.0,2.0,3.0,2.0,3.0,3.0,3.0,3.0,3.0,4.0,3.0,4.0,4.0,4.0,4.0,3.0,3.0,3.0,3.0,3.0,3.0,3.0,1.0,1996.0,12.0,2.0,공공,2.0,,3.5,2.6,3.0,3.6,3.5,3.0
3.0,3.0,3.0,3.0,3.0,3.0,4.0,4.0,4.0,4.0,4.0,4.0,3.0,2.0,4.0,4.0,1.0,4.0,4.0,4.0,4.0,2.0,2.0,3.0,4.0,2.0,3.0,3.0,4.0,1.0,1993.0,3.0,2.0,공공,2.0,,3.0,4.0,3.25,3.4,2.75,3.2
2.0,1.0,1.0,2.0,1.0,1.0,3.0,3.0,3.0,3.0,3.0,3.0,3.0,3.0,3.0,3.0,1.0,3.0,1.0,1.0,3.0,1.0,2.0,3.0,4.0,2.0,3.0,2.0,3.0,1.0,1986.0,15.0,2.0,공공,2.0,,1.3333333333333333,3.0,3.0,1.8,2.25,2.8
2.0,2.0,2.0,2.0,2.0,2.0,3.0,3.0,4.0,4.0,4.0,5.0,4.0,4.0,4.0,4.0,3.0,3.0,3.0,3.0,4.0,4.0,4.0,3.0,3.0,3.0,2.0,3.0,3.0,1.0,1984.0,8.0,2.0,공공,1.0,,2.0,3.6,4.25,3.2,3.75,2.8
4.0,4.0,4.0,4.0,4.0,5.0,3.0,3.0,3.0,3.0,2.0,2.0,3.0,3.0,3.0,3.0,3.0,2.0,2.0,3.0,3.0,3.0,4.0,4.0,3.0,3.0,3.0,2.0,2.0,2.0,1975.0,9.0,2.0,공공,2.0,,4.166666666666667,2.8,2.75,2.6,3.5,2.6
2.0,4.0,4.0,4.0,4.0,3.0,4.0,1.0,3.0,3.0,2.0,2.0,2.0,4.0,3.0,5.0,1.0,1.0,2.0,1.0,4.0,4.0,5.0,5.0,2.0,2.0,3.0,3.0,2.0,2.0,1973.0,9.0,2.0,공공,2.0,,3.5,2.6,2.75,2.0,4.5,2.4
3.0,3.0,3.0,3.0,3.0,5.0,3.0,3.0,3.0,3.0,3.0,3.0,3.0,3.0,3.0,3.0,3.0,3.0,3.0,3.0,3.0,3.0,3.0,3.0,3.0,3.0,3.0,3.0,3.0,2.0,1982.0,8.0,2.0,공공,1.0,,3.3333333333333335,3.0,3.0,3.0,3.0,3.0
1.0,1.0,1.0,1.0,1.0,1.0,3.0,3.0,3.0,3.0,3.0,1.0,3.0,4.0,3.0,3.0,4.0,3.0,3.0,3.0,3.0,3.0,2.0,3.0,4.0,4.0,4.0,2.0,4.0,1.0,1991.0,9.0,2.0,공공,2.0,,1.0,3.0,2.75,3.2,2.75,3.6
1.0,2.0,4.0,3.0,4.0,2.0,4.0,2.0,2.0,2.0,3.0,4.0,4.0,4.0,4.0,2.0,2.0,2.0,2.0,2.0,2.0,2.0,4.0,4.0,4.0,4.0,4.0,3.0,4.0,1.0,1996.0,11.0,2.0,공공,1.0,,2.6666666666666665,2.6,4.0,2.0,3.0,3.8
4.0,4.0,4.0,4.0,5.0,4.0,1.0,1.0,1.0,1.0,1.0,1.0,4.0,3.0,3.0,2.0,3.0,2.0,2.0,4.0,4.0,4.0,4.0,3.0,3.0,3.0,4.0,4.0,4.0,1.0,1992.0,11.0,2.0,공공,1.0,,4.166666666666667,1.0,2.75,2.6,3.75,3.6
3.0,4.0,4.0,4.0,2.0,2.0,2.0,2.0,2.0,2.0,2.0,2.0,3.0,3.0,2.0,3.0,4.0,3.0,3.0,3.0,5.0,5.0,5.0,4.0,2.0,1.0,1.0,1.0,1.0,2.0,1990.0,15.0,2.0,공공,2.0,,3.1666666666666665,2.0,2.5,3.2,4.75,1.2
4.0,4.0,4.0,2.0,2.0,2.0,1.0,1.0,1.0,1.0,1.0,2.0,3.0,2.0,3.0,2.0,3.0,3.0,4.0,3.0,4.0,4.0,4.0,4.0,2.0,2.0,2.0,4.0,3.0,2.0,1979.0,3.0,2.0,공공,2.0,,3.0,1.0,2.5,3.0,4.0,2.6
3.0,4.0,4.0,4.0,4.0,3.0,3.0,3.0,3.0,3.0,3.0,2.0,4.0,3.0,4.0,2.0,2.0,1.0,2.0,1.0,4.0,4.0,5.0,4.0,2.0,3.0,2.0,2.0,3.0,2.0,1989.0,13.0,2.0,공공,1.0,,3.6666666666666665,3.0,3.25,1.6,4.25,2.4
1.0,4.0,4.0,4.0,4.0,3.0,5.0,4.0,3.0,4.0,4.0,5.0,5.0,5.0,4.0,5.0,3.0,5.0,4.0,4.0,5.0,4.0,5.0,3.0,5.0,4.0,4.0,5.0,5.0,2.0,1997.0,9.0,2.0,공공,2.0,,3.3333333333333335,4.0,4.75,4.2,4.25,4.6
4.0,3.0,5.0,3.0,4.0,5.0,3.0,2.0,3.0,3.0,3.0,3.0,5.0,4.0,4.0,3.0,3.0,4.0,4.0,4.0,4.0,4.0,4.0,4.0,2.0,2.0,2.0,2.0,2.0,1.0,1993.0,10.0,2.0,공공,2.0,,4.0,2.8,4.0,3.6,4.0,2.0
4.0,3.0,4.0,3.0,3.0,4.0,2.0,3.0,3.0,3.0,3.0,2.0,2.0,2.0,2.0,3.0,3.0,3.0,3.0,3.0,5.0,4.0,3.0,4.0,1.0,2.0,1.0,1.0,2.0,1.0,1994.0,16.0,2.0,공공,2.0,,3.5,2.8,2.0,3.0,4.0,1.4
3.0,2.0,3.0,2.0,3.0,1.0,2.0,4.0,2.0,3.0,3.0,2.0,3.0,3.0,4.0,2.0,3.0,2.0,4.0,2.0,2.0,3.0,3.0,2.0,2.0,3.0,2.0,4.0,3.0,1.0,1996.0,14.0,2.0,공공,2.0,,2.3333333333333335,2.8,3.0,2.6,2.5,2.8
1.0,2.0,2.0,1.0,2.0,4.0,1.0,1.0,1.0,1.0,1.0,1.0,4.0,3.0,3.0,1.0,1.0,1.0,1.0,1.0,4.0,3.0,3.0,3.0,1.0,1.0,1.0,1.0,1.0,1.0,1989.0,4.0,2.0,공공,2.0,,2.0,1.0,2.75,1.0,3.25,1.0
2.0,3.0,2.0,3.0,3.0,5.0,1.0,4.0,3.0,4.0,3.0,3.0,4.0,3.0,3.0,3.0,4.0,2.0,2.0,3.0,4.0,4.0,3.0,4.0,3.0,3.0,3.0,4.0,2.0,2.0,1996.0,8.0,2.0,공공,2.0,,3.0,3.0,3.25,2.8,3.75,3.0
4.0,4.0,3.0,4.0,3.0,5.0,2.0,1.0,3.0,2.0,2.0,1.0,3.0,3.0,2.0,1.0,1.0,1.0,2.0,2.0,4.0,5.0,4.0,3.0,1.0,1.0,1.0,2.0,1.0,1.0,1980.0,9.0,2.0,공공,1.0,,3.8333333333333335,2.0,2.25,1.4,4.0,1.2
3.0,3.0,5.0,4.0,4.0,4.0,1.0,1.0,1.0,1.0,1.0,4.0,4.0,3.0,3.0,4.0,4.0,4.0,3.0,4.0,4.0,4.0,3.0,4.0,3.0,3.0,3.0,4.0,3.0,2.0,1993.0,10.0,2.0,공공,2.0,,3.8333333333333335,1.0,3.5,3.8,3.75,3.2
4.0,4.0,2.0,2.0,2.0,4.0,2.0,2.0,4.0,2.0,2.0,2.0,4.0,4.0,4.0,2.0,4.0,5.0,4.0,5.0,4.0,5.0,2.0,5.0,2.0,2.0,2.0,1.0,2.0,2.0,1997.0,14.0,2.0,공공,2.0,,3.0,2.4,3.5,4.0,4.0,1.8
2.0,2.0,1.0,4.0,3.0,1.0,2.0,2.0,4.0,4.0,3.0,2.0,5.0,4.0,4.0,4.0,2.0,4.0,5.0,4.0,2.0,3.0,4.0,4.0,2.0,3.0,4.0,3.0,2.0,2.0,1993.0,2.0,2.0,공공,2.0,,2.1666666666666665,3.0,3.75,3.8,3.25,2.8
3.0,3.0,3.0,3.0,3.0,3.0,3.0,3.0,3.0,3.0,3.0,3.0,3.0,3.0,3.0,3.0,3.0,4.0,3.0,4.0,3.0,3.0,4.0,3.0,3.0,3.0,3.0,4.0,3.0,2.0,2000.0,4.0,2.0,공공,2.0,,3.0,3.0,3.0,3.4,3.25,3.2
1.0,4.0,3.0,1.0,1.0,5.0,1.0,1.0,1.0,1.0,1.0,3.0,3.0,4.0,1.0,3.0,4.0,3.0,3.0,3.0,3.0,2.0,3.0,3.0,5.0,5.0,5.0,5.0,1.0,1.0,1989.0,1.0,2.0,공공,2.0,,2.5,1.0,2.75,3.2,2.75,4.2
4.0,4.0,2.0,5.0,4.0,4.0,4.0,2.0,3.0,3.0,3.0,3.0,4.0,4.0,4.0,3.0,4.0,4.0,4.0,4.0,4.0,4.0,4.0,4.0,3.0,4.0,4.0,3.0,4.0,2.0,1993.0,3.0,2.0,공공,2.0,,3.8333333333333335,3.0,3.75,3.8,4.0,3.6
2.0,4.0,3.0,4.0,4.0,2.0,4.0,3.0,3.0,3.0,3.0,3.0,4.0,4.0,4.0,3.0,4.0,5.0,4.0,4.0,4.0,4.0,5.0,3.0,2.0,2.0,2.0,3.0,2.0,1.0,1991.0,11.0,2.0,공공,1.0,,3.1666666666666665,3.2,3.75,4.0,4.0,2.2
4.0,4.0,4.0,1.0,3.0,1.0,1.0,1.0,1.0,1.0,1.0,4.0,3.0,3.0,3.0,3.0,3.0,2.0,5.0,5.0,5.0,5.0,5.0,5.0,1.0,1.0,1.0,1.0,1.0,1.0,1990.0,16.0,2.0,공공,1.0,,2.8333333333333335,1.0,3.25,3.6,5.0,1.0
1.0,2.0,2.0,3.0,2.0,5.0,2.0,3.0,3.0,3.0,3.0,3.0,4.0,4.0,4.0,4.0,4.0,3.0,4.0,4.0,5.0,4.0,4.0,4.0,3.0,4.0,4.0,1.0,3.0,2.0,1993.0,9.0,2.0,공공,2.0,,2.5,2.8,3.75,3.8,4.25,3.0
4.0,3.0,2.0,3.0,4.0,4.0,3.0,3.0,3.0,3.0,2.0,3.0,4.0,4.0,4.0,3.0,4.0,4.0,4.0,4.0,4.0,4.0,4.0,4.0,3.0,4.0,3.0,4.0,3.0,2.0,2001.0,2.0,2.0,공공,1.0,,3.3333333333333335,2.8,3.75,3.8,4.0,3.4
3.0,3.0,3.0,3.0,3.0,3.0,3.0,4.0,3.0,3.0,4.0,5.0,5.0,3.0,4.0,3.0,4.0,3.0,4.0,3.0,5.0,5.0,5.0,5.0,3.0,3.0,3.0,3.0,3.0,1.0,1993.0,6.0,2.0,공공,1.0,,3.0,3.4,4.25,3.4,5.0,3.0
3.0,3.0,2.0,2.0,3.0,3.0,3.0,3.0,4.0,2.0,3.0,3.0,4.0,2.0,3.0,3.0,3.0,2.0,4.0,3.0,4.0,3.0,4.0,3.0,2.0,3.0,3.0,2.0,2.0,2.0,1985.0,9.0,2.0,공공,1.0,,2.6666666666666665,3.0,3.0,3.0,3.5,2.4
4.0,4.0,5.0,5.0,4.0,5.0,3.0,4.0,4.0,3.0,4.0,4.0,4.0,4.0,4.0,3.0,4.0,4.0,3.0,4.0,2.0,2.0,4.0,4.0,4.0,4.0,4.0,3.0,2.0,2.0,1993.0,2.0,2.0,공공,2.0,,4.5,3.6,4.0,3.6,3.0,3.4
4.0,3.0,3.0,3.0,3.0,4.0,1.0,1.0,3.0,3.0,3.0,2.0,3.0,2.0,2.0,4.0,3.0,3.0,3.0,3.0,4.0,4.0,4.0,4.0,2.0,3.0,3.0,4.0,1.0,2.0,1994.0,3.0,2.0,공공,1.0,,3.3333333333333335,2.2,2.25,3.2,4.0,2.6
2.0,2.0,3.0,2.0,3.0,2.0,5.0,1.0,3.0,3.0,2.0,3.0,3.0,3.0,3.0,1.0,1.0,1.0,1.0,1.0,3.0,2.0,4.0,5.0,1.0,1.0,1.0,5.0,1.0,1.0,1985.0,1.0,2.0,공공,2.0,,2.3333333333333335,2.8,3.0,1.0,3.5,1.8
4.0,3.0,3.0,4.0,4.0,4.0,3.0,4.0,4.0,2.0,4.0,4.0,5.0,5.0,4.0,3.0,3.0,3.0,2.0,4.0,4.0,5.0,4.0,4.0,4.0,4.0,4.0,3.0,2.0,2.0,1998.0,7.0,2.0,공공,2.0,,3.6666666666666665,3.4,4.5,3.0,4.25,3.4
1.0,3.0,3.0,3.0,4.0,3.0,3.0,3.0,3.0,3.0,3.0,3.0,3.0,3.0,3.0,3.0,3.0,2.0,1.0,4.0,4.0,4.0,4.0,4.0,2.0,2.0,4.0,3.0,3.0,2.0,1976.0,7.0,2.0,공공,2.0,,2.8333333333333335,3.0,3.0,2.6,4.0,2.8
1.0,1.0,1.0,4.0,3.0,3.0,1.0,1.0,1.0,1.0,1.0,1.0,1.0,1.0,1.0,1.0,1.0,1.0,1.0,1.0,3.0,3.0,2.0,2.0,3.0,4.0,3.0,2.0,3.0,1.0,1987.0,11.0,2.0,공공,2.0,,2.1666666666666665,1.0,1.0,1.0,2.5,3.0
2.0,2.0,2.0,2.0,3.0,4.0,2.0,1.0,2.0,1.0,1.0,1.0,1.0,1.0,1.0,4.0,3.0,2.0,1.0,1.0,1.0,1.0,2.0,2.0,1.0,1.0,2.0,2.0,2.0,1.0,1988.0,1.0,2.0,공공,2.0,,2.5,1.4,1.0,2.2,1.5,1.6
5.0,5.0,5.0,5.0,5.0,4.0,5.0,5.0,5.0,5.0,5.0,5.0,5.0,5.0,5.0,5.0,5.0,5.0,5.0,5.0,5.0,5.0,5.0,5.0,2.0,3.0,3.0,2.0,1.0,1.0,1998.0,6.0,2.0,공공,1.0,,4.833333333333333,5.0,5.0,5.0,5.0,2.2
1.0,4.0,1.0,4.0,4.0,4.0,2.0,3.0,3.0,3.0,3.0,4.0,4.0,4.0,4.0,3.0,3.0,3.0,3.0,2.0,5.0,5.0,4.0,4.0,2.0,2.0,4.0,2.0,2.0,2.0,1992.0,3.0,2.0,공공,1.0,,3.0,2.8,4.0,2.8,4.5,2.4
2.0,2.0,2.0,2.0,1.0,3.0,3.0,3.0,3.0,4.0,2.0,4.0,2.0,3.0,4.0,4.0,3.0,2.0,2.0,3.0,4.0,4.0,5.0,5.0,5.0,5.0,4.0,4.0,4.0,1.0,1989.0,1.0,2.0,공공,2.0,,2.0,3.0,3.25,2.8,4.5,4.4
2.0,2.0,1.0,1.0,2.0,1.0,2.0,2.0,4.0,2.0,1.0,1.0,1.0,1.0,1.0,2.0,1.0,2.0,1.0,2.0,5.0,5.0,5.0,5.0,1.0,1.0,5.0,5.0,2.0,1.0,1989.0,8.0,2.0,공공,1.0,,1.5,2.2,1.0,1.6,5.0,2.8
3.0,4.0,2.0,3.0,3.0,4.0,3.0,2.0,3.0,3.0,2.0,3.0,4.0,4.0,4.0,3.0,3.0,3.0,3.0,3.0,4.0,4.0,4.0,3.0,2.0,2.0,2.0,4.0,3.0,2.0,1996.0,10.0,2.0,공공,2.0,,3.1666666666666665,2.6,3.75,3.0,3.75,2.6
2.0,2.0,1.0,2.0,1.0,2.0,3.0,2.0,2.0,2.0,1.0,4.0,4.0,2.0,3.0,2.0,2.0,2.0,2.0,5.0,4.0,4.0,4.0,4.0,3.0,2.0,2.0,3.0,1.0,2.0,1992.0,4.0,2.0,공공,1.0,,1.6666666666666667,2.0,3.25,2.6,4.0,2.2
4.0,5.0,2.0,3.0,4.0,5.0,2.0,1.0,1.0,2.0,1.0,3.0,4.0,2.0,3.0,3.0,3.0,2.0,3.0,3.0,5.0,4.0,4.0,4.0,2.0,3.0,5.0,2.0,2.0,1.0,1990.0,3.0,2.0,공공,1.0,,3.8333333333333335,1.4,3.0,2.8,4.25,2.8
2.0,4.0,3.0,5.0,2.0,4.0,4.0,2.0,1.0,3.0,2.0,5.0,4.0,4.0,4.0,4.0,5.0,3.0,4.0,4.0,4.0,5.0,4.0,4.0,1.0,3.0,2.0,2.0,1.0,1.0,1995.0,11.0,2.0,공공,2.0,,3.3333333333333335,2.4,4.25,4.0,4.25,1.8
2.0,4.0,3.0,5.0,3.0,4.0,3.0,3.0,3.0,3.0,3.0,3.0,3.0,3.0,3.0,3.0,3.0,3.0,3.0,3.0,5.0,5.0,4.0,5.0,5.0,5.0,5.0,3.0,3.0,1.0,1993.0,10.0,2.0,공공,2.0,,3.5,3.0,3.0,3.0,4.75,4.2
4.0,3.0,3.0,3.0,3.0,4.0,2.0,2.0,2.0,2.0,2.0,2.0,3.0,3.0,3.0,3.0,3.0,2.0,3.0,2.0,4.0,4.0,4.0,4.0,4.0,4.0,4.0,3.0,3.0,2.0,1991.0,4.0,2.0,공공,1.0,,3.3333333333333335,2.0,2.75,2.6,4.0,3.6
2.0,2.0,1.0,4.0,3.0,3.0,3.0,3.0,3.0,3.0,3.0,3.0,5.0,4.0,4.0,5.0,5.0,5.0,5.0,5.0,4.0,4.0,4.0,4.0,2.0,2.0,2.0,3.0,2.0,1.0,1987.0,1.0,2.0,공공,1.0,,2.5,3.0,4.0,5.0,4.0,2.2
3.0,2.0,2.0,3.0,2.0,4.0,2.0,3.0,4.0,3.0,2.0,2.0,2.0,2.0,2.0,3.0,2.0,3.0,1.0,3.0,2.0,1.0,1.0,3.0,3.0,4.0,4.0,4.0,3.0,1.0,1990.0,14.0,2.0,공공,2.0,,2.6666666666666665,2.8,2.0,2.4,1.75,3.6
2.0,4.0,1.0,2.0,4.0,4.0,1.0,2.0,1.0,1.0,1.0,3.0,4.0,4.0,4.0,3.0,3.0,4.0,2.0,3.0,4.0,4.0,5.0,5.0,2.0,1.0,3.0,1.0,1.0,1.0,1995.0,17.0,2.0,공공,1.0,,2.8333333333333335,1.2,3.75,3.0,4.5,1.6
4.0,4.0,3.0,5.0,3.0,4.0,2.0,4.0,3.0,4.0,2.0,3.0,3.0,4.0,4.0,4.0,4.0,4.0,4.0,4.0,4.0,4.0,4.0,4.0,2.0,2.0,4.0,2.0,2.0,2.0,1987.0,4.0,2.0,공공,2.0,,3.8333333333333335,3.0,3.5,4.0,4.0,2.4
4.0,2.0,4.0,4.0,4.0,4.0,2.0,3.0,3.0,3.0,3.0,5.0,4.0,4.0,4.0,4.0,5.0,5.0,5.0,5.0,4.0,4.0,4.0,4.0,3.0,4.0,5.0,3.0,3.0,2.0,1995.0,15.0,2.0,공공,1.0,,3.6666666666666665,2.8,4.25,4.8,4.0,3.6
5.0,5.0,5.0,5.0,5.0,5.0,1.0,1.0,1.0,1.0,1.0,1.0,1.0,1.0,1.0,1.0,1.0,1.0,1.0,1.0,5.0,5.0,5.0,5.0,5.0,5.0,5.0,5.0,1.0,2.0,1976.0,4.0,2.0,공공,2.0,,5.0,1.0,1.0,1.0,5.0,4.2
4.0,3.0,4.0,4.0,4.0,3.0,1.0,2.0,2.0,1.0,1.0,4.0,4.0,4.0,3.0,2.0,2.0,4.0,2.0,2.0,2.0,4.0,4.0,2.0,3.0,4.0,4.0,4.0,2.0,2.0,1990.0,1.0,2.0,공공,2.0,,3.6666666666666665,1.4,3.75,2.4,3.0,3.4
3.0,4.0,3.0,4.0,4.0,4.0,2.0,4.0,3.0,3.0,3.0,3.0,4.0,4.0,4.0,3.0,3.0,3.0,4.0,4.0,4.0,4.0,4.0,4.0,3.0,3.0,3.0,3.0,3.0,1.0,1994.0,11.0,2.0,공공,1.0,,3.6666666666666665,3.0,3.75,3.4,4.0,3.0
2.0,3.0,3.0,4.0,3.0,3.0,3.0,3.0,4.0,3.0,4.0,4.0,5.0,3.0,4.0,3.0,4.0,4.0,4.0,3.0,4.0,4.0,5.0,5.0,3.0,4.0,4.0,5.0,4.0,2.0,1988.0,9.0,2.0,공공,1.0,,3.0,3.4,4.0,3.6,4.5,4.0
4.0,2.0,3.0,3.0,4.0,4.0,2.0,2.0,1.0,1.0,1.0,1.0,3.0,3.0,4.0,2.0,2.0,2.0,2.0,2.0,4.0,3.0,3.0,3.0,4.0,4.0,2.0,4.0,4.0,2.0,1988.0,1.0,2.0,공공,2.0,,3.3333333333333335,1.4,2.75,2.0,3.25,3.6
2.0,4.0,4.0,2.0,1.0,2.0,2.0,2.0,4.0,4.0,2.0,4.0,4.0,4.0,4.0,4.0,4.0,4.0,4.0,4.0,4.0,4.0,2.0,4.0,4.0,2.0,4.0,4.0,4.0,1.0,1993.0,1.0,2.0,공공,1.0,,2.5,2.8,4.0,4.0,3.5,3.6
4.0,4.0,2.0,3.0,4.0,4.0,2.0,1.0,1.0,2.0,2.0,2.0,3.0,2.0,3.0,3.0,2.0,2.0,2.0,2.0,4.0,4.0,4.0,3.0,3.0,3.0,2.0,3.0,2.0,1.0,1990.0,12.0,2.0,공공,2.0,,3.5,1.6,2.5,2.2,3.75,2.6
3.0,3.0,3.0,3.0,3.0,3.0,3.0,3.0,3.0,3.0,3.0,3.0,3.0,3.0,3.0,3.0,3.0,3.0,3.0,3.0,4.0,4.0,4.0,4.0,2.0,2.0,2.0,2.0,2.0,2.0,1984.0,9.0,2.0,공공,2.0,,3.0,3.0,3.0,3.0,4.0,2.0
3.0,3.0,4.0,4.0,4.0,4.0,3.0,3.0,3.0,3.0,4.0,4.0,3.0,4.0,4.0,4.0,4.0,4.0,4.0,4.0,4.0,4.0,4.0,4.0,3.0,3.0,3.0,2.0,3.0,1.0,1986.0,16.0,2.0,공공,1.0,,3.6666666666666665,3.2,3.75,4.0,4.0,2.8
4.0,2.0,1.0,3.0,4.0,4.0,1.0,1.0,1.0,1.0,1.0,1.0,1.0,1.0,1.0,1.0,1.0,2.0,5.0,1.0,3.0,2.0,2.0,2.0,2.0,1.0,1.0,1.0,1.0,2.0,1996.0,9.0,2.0,공공,2.0,,3.0,1.0,1.0,2.0,2.25,1.2
4.0,5.0,4.0,4.0,5.0,4.0,3.0,3.0,2.0,2.0,2.0,3.0,4.0,4.0,4.0,4.0,4.0,4.0,5.0,4.0,4.0,4.0,4.0,3.0,2.0,2.0,2.0,2.0,1.0,2.0,1998.0,2.0,2.0,공공,2.0,,4.333333333333333,2.4,3.75,4.2,3.75,1.8
5.0,4.0,3.0,3.0,3.0,3.0,1.0,1.0,1.0,1.0,1.0,1.0,1.0,1.0,1.0,2.0,2.0,2.0,2.0,2.0,2.0,2.0,2.0,3.0,2.0,2.0,2.0,2.0,2.0,1.0,1972.0,9.0,2.0,공공,1.0,,3.5,1.0,1.0,2.0,2.25,2.0
4.0,4.0,3.0,1.0,1.0,4.0,1.0,1.0,2.0,2.0,1.0,3.0,2.0,1.0,1.0,2.0,1.0,1.0,1.0,1.0,4.0,4.0,4.0,4.0,2.0,1.0,2.0,4.0,2.0,1.0,1993.0,8.0,2.0,공공,2.0,,2.8333333333333335,1.4,1.75,1.2,4.0,2.2
2.0,2.0,2.0,2.0,2.0,2.0,1.0,1.0,2.0,1.0,1.0,2.0,4.0,2.0,1.0,1.0,1.0,1.0,2.0,2.0,4.0,4.0,4.0,4.0,2.0,2.0,3.0,3.0,3.0,1.0,1973.0,9.0,2.0,공공,2.0,,2.0,1.2,2.25,1.4,4.0,2.6
3.0,4.0,4.0,3.0,3.0,4.0,3.0,3.0,3.0,3.0,3.0,3.0,3.0,3.0,3.0,3.0,3.0,3.0,3.0,3.0,2.0,2.0,2.0,2.0,3.0,3.0,3.0,3.0,3.0,1.0,1979.0,15.0,2.0,공공,2.0,,3.5,3.0,3.0,3.0,2.0,3.0
2.0,4.0,2.0,5.0,4.0,4.0,2.0,3.0,5.0,5.0,4.0,4.0,4.0,2.0,4.0,2.0,3.0,4.0,2.0,3.0,4.0,5.0,2.0,4.0,2.0,1.0,2.0,2.0,1.0,1.0,1992.0,4.0,2.0,공공,2.0,,3.5,3.8,3.5,2.8,3.75,1.6
4.0,4.0,3.0,3.0,4.0,5.0,3.0,2.0,3.0,2.0,2.0,3.0,2.0,3.0,3.0,2.0,3.0,2.0,2.0,3.0,2.0,2.0,2.0,2.0,2.0,1.0,3.0,2.0,3.0,1.0,1988.0,9.0,2.0,공공,2.0,,3.8333333333333335,2.4,2.75,2.4,2.0,2.2
5.0,5.0,3.0,5.0,5.0,5.0,3.0,3.0,4.0,4.0,4.0,3.0,3.0,3.0,3.0,4.0,4.0,4.0,4.0,4.0,4.0,4.0,3.0,4.0,2.0,3.0,3.0,3.0,2.0,1.0,1977.0,9.0,2.0,공공,1.0,,4.666666666666667,3.6,3.0,4.0,3.75,2.6
1.0,2.0,2.0,1.0,2.0,1.0,2.0,2.0,3.0,3.0,3.0,3.0,4.0,2.0,2.0,4.0,2.0,4.0,4.0,4.0,4.0,5.0,3.0,4.0,2.0,4.0,3.0,2.0,4.0,2.0,1991.0,1.0,2.0,공공,2.0,,1.5,2.6,2.75,3.6,4.0,3.0
1.0,1.0,1.0,3.0,3.0,3.0,1.0,1.0,3.0,2.0,2.0,2.0,2.0,2.0,2.0,1.0,1.0,1.0,1.0,1.0,3.0,3.0,3.0,3.0,3.0,3.0,3.0,3.0,1.0,2.0,1989.0,9.0,2.0,공공,2.0,,2.0,1.8,2.0,1.0,3.0,2.6
1.0,1.0,1.0,1.0,1.0,5.0,1.0,1.0,1.0,1.0,1.0,2.0,3.0,3.0,3.0,1.0,2.0,1.0,1.0,1.0,4.0,2.0,1.0,3.0,1.0,1.0,1.0,3.0,3.0,2.0,1993.0,1.0,2.0,공공,2.0,,1.6666666666666667,1.0,2.75,1.2,2.5,1.8
2.0,1.0,3.0,2.0,2.0,5.0,4.0,1.0,2.0,2.0,4.0,4.0,4.0,4.0,4.0,2.0,2.0,2.0,4.0,2.0,5.0,4.0,5.0,4.0,2.0,2.0,2.0,2.0,1.0,1.0,2004.0,1.0,2.0,공공,1.0,,2.5,2.6,4.0,2.4,4.5,1.8
2.0,2.0,2.0,2.0,3.0,3.0,1.0,1.0,2.0,2.0,2.0,2.0,3.0,3.0,3.0,3.0,4.0,2.0,2.0,2.0,4.0,4.0,4.0,4.0,2.0,2.0,4.0,3.0,2.0,2.0,1991.0,1.0,2.0,공공,1.0,,2.3333333333333335,1.6,2.75,2.6,4.0,2.6
4.0,3.0,3.0,3.0,4.0,4.0,4.0,2.0,2.0,3.0,4.0,3.0,4.0,4.0,3.0,3.0,3.0,3.0,3.0,3.0,3.0,3.0,4.0,3.0,3.0,2.0,3.0,5.0,2.0,2.0,1978.0,8.0,2.0,공공,1.0,,3.5,3.0,3.5,3.0,3.25,3.0
2.0,2.0,3.0,3.0,3.0,4.0,3.0,3.0,4.0,3.0,3.0,4.0,4.0,3.0,3.0,4.0,4.0,3.0,4.0,4.0,4.0,4.0,3.0,4.0,3.0,3.0,4.0,3.0,3.0,2.0,1989.0,4.0,2.0,공공,1.0,,2.8333333333333335,3.2,3.5,3.8,3.75,3.2
2.0,4.0,1.0,4.0,4.0,4.0,1.0,1.0,1.0,1.0,1.0,2.0,4.0,4.0,3.0,2.0,2.0,3.0,4.0,3.0,4.0,4.0,4.0,4.0,2.0,2.0,2.0,2.0,2.0,2.0,1992.0,14.0,2.0,공공,2.0,,3.1666666666666665,1.0,3.25,2.8,4.0,2.0
3.0,4.0,3.0,4.0,4.0,3.0,1.0,1.0,1.0,1.0,1.0,3.0,5.0,5.0,4.0,2.0,2.0,2.0,2.0,1.0,5.0,5.0,5.0,5.0,1.0,2.0,2.0,4.0,2.0,2.0,1986.0,9.0,2.0,공공,2.0,,3.5,1.0,4.25,1.8,5.0,2.2
2.0,3.0,2.0,3.0,3.0,3.0,3.0,3.0,3.0,3.0,4.0,2.0,1.0,3.0,2.0,3.0,2.0,2.0,2.0,3.0,4.0,4.0,3.0,4.0,2.0,2.0,3.0,2.0,3.0,2.0,1994.0,1.0,2.0,공공,1.0,,2.6666666666666665,3.2,2.0,2.4,3.75,2.4
3.0,4.0,4.0,5.0,4.0,4.0,1.0,1.0,2.0,2.0,2.0,3.0,4.0,4.0,4.0,5.0,5.0,5.0,4.0,5.0,5.0,5.0,5.0,4.0,1.0,1.0,2.0,4.0,1.0,2.0,1974.0,12.0,2.0,공공,2.0,,4.0,1.6,3.75,4.8,4.75,1.8
1.0,1.0,3.0,2.0,1.0,4.0,3.0,3.0,3.0,3.0,3.0,3.0,4.0,4.0,3.0,4.0,5.0,4.0,5.0,5.0,1.0,3.0,4.0,4.0,1.0,2.0,1.0,2.0,3.0,2.0,1994.0,1.0,2.0,공공,1.0,,2.0,3.0,3.5,4.6,3.0,1.8
2.0,2.0,2.0,2.0,2.0,3.0,3.0,3.0,4.0,4.0,4.0,3.0,4.0,3.0,3.0,4.0,5.0,5.0,5.0,5.0,5.0,4.0,4.0,4.0,3.0,4.0,3.0,2.0,1.0,2.0,1989.0,9.0,2.0,공공,2.0,,2.1666666666666665,3.6,3.25,4.8,4.25,2.6
3.0,3.0,3.0,3.0,4.0,4.0,3.0,3.0,3.0,3.0,3.0,3.0,3.0,3.0,3.0,3.0,3.0,3.0,3.0,3.0,4.0,4.0,3.0,3.0,3.0,3.0,3.0,3.0,3.0,2.0,1995.0,16.0,2.0,공공,2.0,,3.3333333333333335,3.0,3.0,3.0,3.5,3.0
3.0,2.0,2.0,3.0,4.0,4.0,1.0,1.0,4.0,2.0,2.0,2.0,3.0,2.0,1.0,3.0,4.0,3.0,1.0,2.0,4.0,4.0,4.0,3.0,4.0,3.0,2.0,4.0,4.0,2.0,1994.0,15.0,2.0,공공,2.0,,3.0,2.0,2.0,2.6,3.75,3.4
4.0,4.0,3.0,2.0,2.0,4.0,3.0,3.0,4.0,4.0,4.0,5.0,4.0,4.0,4.0,3.0,3.0,3.0,3.0,3.0,4.0,4.0,4.0,4.0,2.0,3.0,3.0,2.0,2.0,2.0,1994.0,9.0,2.0,공공,1.0,,3.1666666666666665,3.6,4.25,3.0,4.0,2.4
1.0,4.0,2.0,4.0,4.0,2.0,2.0,2.0,3.0,3.0,2.0,2.0,4.0,2.0,2.0,4.0,4.0,2.0,5.0,4.0,3.0,2.0,2.0,3.0,2.0,4.0,4.0,2.0,2.0,1.0,1988.0,5.0,2.0,공공,1.0,,2.8333333333333335,2.4,2.5,3.8,2.5,2.8
2.0,2.0,4.0,4.0,3.0,4.0,4.0,4.0,4.0,3.0,3.0,4.0,3.0,2.0,3.0,4.0,5.0,4.0,4.0,4.0,4.0,4.0,3.0,3.0,4.0,4.0,4.0,3.0,2.0,2.0,1997.0,9.0,2.0,공공,1.0,,3.1666666666666665,3.6,3.0,4.2,3.5,3.4
4.0,2.0,4.0,4.0,4.0,3.0,4.0,4.0,3.0,3.0,4.0,4.0,3.0,3.0,4.0,4.0,3.0,4.0,4.0,3.0,3.0,2.0,3.0,4.0,4.0,2.0,2.0,3.0,3.0,1.0,1992.0,7.0,2.0,공공,2.0,,3.5,3.6,3.5,3.6,3.0,2.8
4.0,4.0,2.0,5.0,4.0,5.0,4.0,4.0,3.0,4.0,4.0,5.0,5.0,5.0,5.0,5.0,5.0,5.0,4.0,5.0,5.0,5.0,5.0,5.0,4.0,4.0,4.0,3.0,2.0,1.0,1990.0,9.0,2.0,공공,1.0,,4.0,3.8,5.0,4.8,5.0,3.4
3.0,2.0,1.0,1.0,2.0,4.0,1.0,1.0,3.0,1.0,1.0,1.0,1.0,1.0,2.0,3.0,2.0,2.0,2.0,2.0,4.0,4.0,4.0,4.0,4.0,4.0,1.0,4.0,1.0,1.0,1989.0,15.0,2.0,공공,1.0,,2.1666666666666665,1.4,1.25,2.2,4.0,2.8
2.0,4.0,3.0,3.0,4.0,4.0,2.0,2.0,3.0,3.0,2.0,2.0,3.0,3.0,3.0,3.0,3.0,2.0,3.0,2.0,4.0,4.0,3.0,2.0,2.0,2.0,3.0,4.0,3.0,2.0,1991.0,1.0,2.0,공공,1.0,,3.3333333333333335,2.4,2.75,2.6,3.25,2.8
3.0,3.0,2.0,4.0,3.0,3.0,3.0,4.0,4.0,5.0,5.0,3.0,3.0,2.0,3.0,3.0,4.0,5.0,3.0,5.0,5.0,5.0,4.0,5.0,2.0,2.0,5.0,3.0,2.0,1.0,1982.0,1.0,2.0,공공,1.0,,3.0,4.2,2.75,4.0,4.75,2.8
4.0,2.0,1.0,1.0,4.0,2.0,1.0,2.0,4.0,3.0,3.0,4.0,4.0,4.0,2.0,1.0,2.0,1.0,1.0,1.0,4.0,4.0,3.0,3.0,4.0,4.0,2.0,4.0,2.0,2.0,1996.0,11.0,2.0,공공,2.0,,2.3333333333333335,2.6,3.5,1.2,3.5,3.2
1.0,1.0,1.0,1.0,1.0,1.0,1.0,1.0,1.0,1.0,1.0,1.0,1.0,1.0,1.0,1.0,1.0,2.0,1.0,1.0,2.0,1.0,1.0,1.0,1.0,1.0,1.0,4.0,3.0,2.0,1989.0,1.0,2.0,공공,2.0,,1.0,1.0,1.0,1.2,1.25,2.0
2.0,2.0,1.0,3.0,3.0,4.0,3.0,3.0,4.0,2.0,4.0,5.0,5.0,5.0,5.0,3.0,1.0,1.0,3.0,4.0,5.0,4.0,4.0,5.0,2.0,5.0,5.0,5.0,5.0,2.0,1996.0,14.0,2.0,공공,2.0,,2.5,3.2,5.0,2.4,4.5,4.4
2.0,2.0,2.0,3.0,3.0,3.0,3.0,3.0,2.0,2.0,1.0,4.0,4.0,2.0,3.0,3.0,4.0,4.0,3.0,3.0,4.0,4.0,4.0,4.0,3.0,4.0,4.0,5.0,4.0,2.0,1992.0,4.0,2.0,공공,1.0,,2.5,2.2,3.25,3.4,4.0,4.0
3.0,4.0,4.0,4.0,4.0,3.0,1.0,1.0,1.0,2.0,2.0,3.0,3.0,3.0,3.0,3.0,3.0,3.0,3.0,3.0,3.0,4.0,4.0,4.0,3.0,4.0,3.0,3.0,2.0,2.0,1996.0,15.0,2.0,공공,2.0,,3.6666666666666665,1.4,3.0,3.0,3.75,3.0
1.0,2.0,4.0,1.0,1.0,4.0,1.0,1.0,3.0,1.0,1.0,1.0,4.0,3.0,2.0,2.0,1.0,1.0,1.0,1.0,5.0,4.0,5.0,4.0,3.0,3.0,3.0,3.0,2.0,2.0,1990.0,15.0,2.0,공공,2.0,,2.1666666666666665,1.4,2.5,1.2,4.5,2.8
4.0,2.0,2.0,2.0,3.0,2.0,1.0,1.0,3.0,1.0,2.0,1.0,1.0,1.0,1.0,2.0,2.0,2.0,2.0,2.0,3.0,3.0,3.0,3.0,3.0,3.0,3.0,3.0,2.0,2.0,2001.0,1.0,2.0,공공,2.0,,2.5,1.6,1.0,2.0,3.0,2.8
2.0,4.0,3.0,4.0,3.0,5.0,2.0,3.0,4.0,5.0,2.0,3.0,5.0,3.0,3.0,4.0,5.0,5.0,5.0,5.0,5.0,4.0,4.0,4.0,2.0,2.0,3.0,3.0,3.0,2.0,1992.0,9.0,2.0,공공,2.0,,3.5,3.2,3.5,4.8,4.25,2.6
2.0,1.0,1.0,1.0,1.0,5.0,1.0,1.0,3.0,1.0,1.0,1.0,4.0,4.0,3.0,2.0,1.0,1.0,1.0,1.0,4.0,4.0,2.0,3.0,3.0,3.0,3.0,1.0,2.0,2.0,1990.0,1.0,2.0,공공,2.0,,1.8333333333333333,1.4,3.0,1.2,3.25,2.4
1.0,3.0,1.0,1.0,1.0,5.0,1.0,1.0,2.0,2.0,1.0,1.0,2.0,1.0,1.0,2.0,4.0,3.0,2.0,3.0,5.0,4.0,4.0,3.0,2.0,2.0,2.0,1.0,1.0,2.0,1991.0,12.0,2.0,공공,2.0,,2.0,1.4,1.25,2.8,4.0,1.6
4.0,4.0,3.0,3.0,4.0,4.0,2.0,2.0,2.0,2.0,2.0,2.0,3.0,3.0,3.0,2.0,2.0,2.0,2.0,2.0,5.0,4.0,4.0,3.0,3.0,3.0,3.0,3.0,3.0,1.0,1979.0,1.0,2.0,공공,1.0,,3.6666666666666665,2.0,2.75,2.0,4.0,3.0
4.0,4.0,3.0,5.0,4.0,4.0,3.0,3.0,3.0,3.0,3.0,4.0,3.0,3.0,3.0,4.0,4.0,3.0,3.0,3.0,3.0,3.0,3.0,3.0,3.0,3.0,3.0,3.0,3.0,1.0,1969.0,4.0,2.0,공공,2.0,,4.0,3.0,3.25,3.4,3.0,3.0
3.0,3.0,2.0,4.0,3.0,4.0,2.0,4.0,3.0,3.0,3.0,3.0,5.0,3.0,4.0,3.0,4.0,4.0,4.0,4.0,4.0,4.0,4.0,4.0,2.0,1.0,1.0,1.0,1.0,1.0,1981.0,9.0,2.0,공공,1.0,,3.1666666666666665,3.0,3.75,3.8,4.0,1.2
3.0,3.0,3.0,5.0,2.0,4.0,4.0,2.0,3.0,1.0,3.0,2.0,2.0,1.0,2.0,4.0,3.0,2.0,3.0,4.0,3.0,2.0,3.0,4.0,4.0,2.0,1.0,3.0,4.0,1.0,1996.0,6.0,2.0,공공,1.0,,3.3333333333333335,2.6,1.75,3.2,3.0,2.8
5.0,4.0,5.0,5.0,5.0,5.0,3.0,3.0,4.0,4.0,3.0,3.0,4.0,4.0,4.0,4.0,4.0,3.0,4.0,3.0,5.0,4.0,4.0,4.0,4.0,4.0,4.0,3.0,4.0,1.0,1973.0,1.0,2.0,공공,1.0,,4.833333333333333,3.4,3.75,3.6,4.25,3.8
4.0,2.0,3.0,2.0,4.0,4.0,2.0,4.0,3.0,3.0,3.0,3.0,3.0,3.0,4.0,3.0,4.0,4.0,3.0,4.0,4.0,4.0,4.0,4.0,2.0,3.0,2.0,4.0,3.0,2.0,1992.0,3.0,2.0,공공,2.0,,3.1666666666666665,3.0,3.25,3.6,4.0,2.8
2.0,5.0,3.0,5.0,5.0,4.0,3.0,3.0,4.0,3.0,3.0,4.0,3.0,4.0,4.0,4.0,3.0,3.0,4.0,5.0,4.0,5.0,4.0,4.0,2.0,3.0,4.0,2.0,1.0,1.0,1964.0,6.0,2.0,공공,1.0,,4.0,3.2,3.75,3.8,4.25,2.4
2.0,2.0,3.0,1.0,1.0,1.0,1.0,1.0,3.0,3.0,4.0,4.0,4.0,2.0,2.0,1.0,1.0,1.0,1.0,2.0,4.0,4.0,3.0,3.0,1.0,1.0,3.0,4.0,3.0,2.0,1991.0,16.0,2.0,공공,2.0,,1.6666666666666667,2.4,3.0,1.2,3.5,2.4
4.0,3.0,3.0,4.0,4.0,4.0,2.0,2.0,2.0,2.0,2.0,2.0,2.0,2.0,2.0,4.0,3.0,2.0,2.0,2.0,5.0,5.0,4.0,4.0,3.0,4.0,3.0,3.0,3.0,2.0,1974.0,9.0,2.0,공공,2.0,,3.6666666666666665,2.0,2.0,2.6,4.5,3.2
1.0,1.0,1.0,1.0,1.0,1.0,1.0,1.0,1.0,1.0,1.0,1.0,1.0,1.0,1.0,5.0,5.0,3.0,5.0,5.0,5.0,5.0,5.0,5.0,1.0,1.0,1.0,5.0,1.0,1.0,1989.0,1.0,2.0,공공,1.0,,1.0,1.0,1.0,4.6,5.0,1.8
2.0,1.0,1.0,1.0,2.0,1.0,1.0,1.0,3.0,1.0,1.0,3.0,3.0,3.0,2.0,1.0,2.0,1.0,1.0,1.0,1.0,4.0,2.0,1.0,3.0,4.0,5.0,5.0,4.0,2.0,1987.0,1.0,2.0,공공,2.0,,1.3333333333333333,1.4,2.75,1.2,2.0,4.2
2.0,3.0,3.0,4.0,4.0,4.0,2.0,3.0,4.0,2.0,3.0,2.0,4.0,2.0,3.0,3.0,4.0,4.0,2.0,2.0,2.0,3.0,4.0,3.0,3.0,3.0,3.0,1.0,2.0,2.0,2000.0,8.0,2.0,공공,1.0,,3.3333333333333335,2.8,2.75,3.0,3.0,2.4
2.0,2.0,2.0,1.0,1.0,3.0,2.0,2.0,2.0,2.0,2.0,2.0,3.0,4.0,2.0,1.0,1.0,1.0,1.0,1.0,3.0,4.0,4.0,3.0,2.0,2.0,2.0,3.0,2.0,2.0,1985.0,9.0,2.0,공공,2.0,,1.8333333333333333,2.0,2.75,1.0,3.5,2.2
2.0,3.0,2.0,1.0,3.0,4.0,1.0,1.0,1.0,1.0,1.0,3.0,4.0,3.0,2.0,4.0,2.0,2.0,4.0,2.0,4.0,4.0,5.0,4.0,3.0,3.0,3.0,4.0,2.0,2.0,1998.0,4.0,2.0,공공,2.0,,2.5,1.0,3.0,2.8,4.25,3.0
4.0,5.0,4.0,4.0,4.0,4.0,2.0,2.0,3.0,2.0,4.0,4.0,5.0,5.0,5.0,4.0,3.0,3.0,3.0,4.0,5.0,5.0,5.0,5.0,4.0,4.0,4.0,3.0,3.0,1.0,1970.0,13.0,2.0,공공,1.0,,4.166666666666667,2.6,4.75,3.4,5.0,3.6
5.0,5.0,5.0,5.0,5.0,5.0,3.0,4.0,4.0,4.0,4.0,3.0,2.0,3.0,2.0,5.0,5.0,5.0,5.0,5.0,5.0,5.0,5.0,5.0,1.0,1.0,1.0,5.0,1.0,2.0,1977.0,9.0,2.0,공공,2.0,,5.0,3.8,2.5,5.0,5.0,1.8
3.0,2.0,4.0,2.0,3.0,4.0,5.0,4.0,3.0,4.0,5.0,4.0,5.0,4.0,4.0,4.0,4.0,5.0,4.0,3.0,4.0,5.0,4.0,3.0,3.0,4.0,5.0,4.0,3.0,1.0,1996.0,1.0,2.0,공공,1.0,,3.0,4.2,4.25,4.0,4.0,3.8
4.0,3.0,2.0,3.0,3.0,4.0,2.0,2.0,3.0,2.0,2.0,3.0,3.0,3.0,2.0,2.0,2.0,2.0,2.0,2.0,3.0,4.0,3.0,3.0,3.0,3.0,3.0,3.0,3.0,1.0,1993.0,14.0,2.0,공공,1.0,,3.1666666666666665,2.2,2.75,2.0,3.25,3.0
2.0,3.0,2.0,2.0,3.0,4.0,3.0,3.0,3.0,4.0,3.0,2.0,3.0,2.0,4.0,4.0,4.0,4.0,4.0,4.0,3.0,3.0,4.0,4.0,2.0,4.0,3.0,3.0,4.0,2.0,1996.0,11.0,2.0,공공,1.0,,2.6666666666666665,3.2,2.75,4.0,3.5,3.2
3.0,4.0,4.0,4.0,3.0,4.0,3.0,3.0,3.0,3.0,3.0,3.0,3.0,3.0,3.0,4.0,4.0,3.0,4.0,3.0,3.0,3.0,3.0,3.0,3.0,3.0,3.0,3.0,3.0,1.0,1968.0,4.0,2.0,공공,1.0,,3.6666666666666665,3.0,3.0,3.6,3.0,3.0
2.0,3.0,4.0,1.0,1.0,4.0,1.0,1.0,1.0,1.0,1.0,1.0,1.0,1.0,1.0,4.0,4.0,4.0,4.0,4.0,3.0,3.0,3.0,3.0,3.0,4.0,4.0,4.0,4.0,2.0,1988.0,5.0,2.0,공공,2.0,,2.5,1.0,1.0,4.0,3.0,3.8
2.0,2.0,3.0,3.0,3.0,3.0,3.0,4.0,4.0,2.0,2.0,4.0,3.0,2.0,4.0,4.0,5.0,5.0,5.0,4.0,4.0,4.0,4.0,4.0,4.0,3.0,4.0,1.0,2.0,1.0,1989.0,6.0,2.0,공공,1.0,,2.6666666666666665,3.0,3.25,4.6,4.0,2.8
2.0,2.0,1.0,1.0,1.0,2.0,4.0,3.0,3.0,4.0,2.0,5.0,5.0,4.0,5.0,4.0,4.0,4.0,4.0,4.0,4.0,5.0,5.0,4.0,2.0,2.0,2.0,4.0,2.0,1.0,1994.0,5.0,2.0,공공,1.0,,1.5,3.2,4.75,4.0,4.5,2.4
3.0,4.0,3.0,3.0,4.0,4.0,2.0,2.0,2.0,3.0,2.0,3.0,3.0,3.0,2.0,3.0,3.0,3.0,3.0,3.0,3.0,3.0,3.0,2.0,3.0,4.0,3.0,3.0,3.0,2.0,1996.0,9.0,2.0,공공,2.0,,3.5,2.2,2.75,3.0,2.75,3.2
3.0,3.0,4.0,2.0,2.0,3.0,1.0,2.0,2.0,3.0,2.0,4.0,4.0,3.0,3.0,3.0,3.0,3.0,3.0,4.0,4.0,4.0,4.0,3.0,4.0,3.0,3.0,3.0,3.0,1.0,1989.0,8.0,2.0,공공,1.0,,2.8333333333333335,2.0,3.5,3.2,3.75,3.2
4.0,1.0,1.0,2.0,1.0,1.0,1.0,1.0,1.0,1.0,1.0,1.0,4.0,2.0,3.0,1.0,1.0,1.0,1.0,1.0,5.0,5.0,5.0,5.0,1.0,3.0,5.0,1.0,2.0,2.0,1991.0,1.0,2.0,공공,2.0,,1.6666666666666667,1.0,2.5,1.0,5.0,2.4
2.0,3.0,3.0,2.0,2.0,4.0,2.0,3.0,3.0,3.0,2.0,3.0,4.0,3.0,2.0,3.0,3.0,3.0,3.0,3.0,4.0,3.0,3.0,3.0,2.0,2.0,2.0,3.0,2.0,1.0,1995.0,3.0,2.0,공공,1.0,,2.6666666666666665,2.6,3.0,3.0,3.25,2.2
2.0,2.0,4.0,2.0,2.0,3.0,2.0,4.0,3.0,4.0,2.0,3.0,4.0,4.0,4.0,4.0,3.0,3.0,4.0,3.0,4.0,4.0,4.0,4.0,4.0,4.0,4.0,4.0,3.0,1.0,1981.0,4.0,2.0,공공,1.0,,2.5,3.0,3.75,3.4,4.0,3.8
2.0,4.0,2.0,2.0,1.0,4.0,1.0,1.0,1.0,4.0,1.0,4.0,4.0,3.0,3.0,4.0,4.0,2.0,4.0,4.0,5.0,4.0,4.0,5.0,1.0,1.0,1.0,4.0,1.0,2.0,1999.0,15.0,2.0,공공,2.0,,2.5,1.6,3.5,3.6,4.5,1.6
2.0,2.0,3.0,3.0,3.0,3.0,2.0,2.0,3.0,3.0,3.0,2.0,2.0,3.0,2.0,3.0,3.0,4.0,4.0,4.0,4.0,3.0,3.0,2.0,4.0,4.0,2.0,3.0,2.0,1.0,1992.0,8.0,2.0,공공,1.0,,2.6666666666666665,2.6,2.25,3.6,3.0,3.0
3.0,3.0,2.0,4.0,4.0,4.0,2.0,2.0,3.0,2.0,3.0,4.0,4.0,4.0,4.0,3.0,4.0,4.0,4.0,3.0,4.0,4.0,4.0,4.0,3.0,3.0,3.0,2.0,2.0,2.0,1990.0,4.0,2.0,공공,1.0,,3.3333333333333335,2.4,4.0,3.6,4.0,2.6
4.0,2.0,2.0,2.0,1.0,3.0,2.0,2.0,2.0,2.0,2.0,2.0,2.0,2.0,2.0,2.0,2.0,2.0,2.0,2.0,4.0,4.0,3.0,4.0,2.0,2.0,2.0,3.0,2.0,2.0,1988.0,9.0,2.0,공공,1.0,,2.3333333333333335,2.0,2.0,2.0,3.75,2.2
4.0,1.0,1.0,3.0,4.0,3.0,2.0,2.0,2.0,2.0,2.0,2.0,3.0,3.0,3.0,3.0,3.0,3.0,4.0,3.0,1.0,1.0,3.0,3.0,1.0,1.0,1.0,3.0,3.0,1.0,1986.0,9.0,2.0,공공,1.0,,2.6666666666666665,2.0,2.75,3.2,2.0,1.8
2.0,2.0,2.0,2.0,2.0,2.0,2.0,2.0,2.0,2.0,2.0,2.0,2.0,2.0,2.0,2.0,2.0,2.0,2.0,2.0,2.0,2.0,2.0,2.0,2.0,2.0,2.0,2.0,2.0,1.0,1987.0,1.0,2.0,공공,1.0,,2.0,2.0,2.0,2.0,2.0,2.0
4.0,4.0,5.0,5.0,5.0,4.0,3.0,4.0,3.0,3.0,3.0,4.0,5.0,3.0,4.0,2.0,3.0,3.0,2.0,2.0,4.0,5.0,4.0,5.0,4.0,5.0,5.0,3.0,4.0,1.0,1986.0,9.0,2.0,공공,1.0,,4.5,3.2,4.0,2.4,4.5,4.2
2.0,4.0,4.0,4.0,3.0,4.0,2.0,2.0,2.0,3.0,4.0,3.0,3.0,4.0,4.0,4.0,3.0,2.0,3.0,3.0,3.0,2.0,3.0,2.0,1.0,2.0,2.0,3.0,2.0,1.0,1986.0,9.0,2.0,공공,1.0,,3.5,2.6,3.5,3.0,2.5,2.0
1.0,2.0,1.0,2.0,1.0,1.0,2.0,2.0,2.0,2.0,1.0,3.0,5.0,5.0,4.0,3.0,3.0,3.0,2.0,4.0,4.0,3.0,3.0,3.0,2.0,3.0,2.0,2.0,2.0,2.0,1988.0,1.0,2.0,공공,2.0,,1.3333333333333333,1.8,4.25,3.0,3.25,2.2
4.0,3.0,3.0,3.0,2.0,4.0,3.0,3.0,3.0,3.0,3.0,4.0,4.0,3.0,3.0,2.0,2.0,2.0,2.0,2.0,3.0,3.0,4.0,4.0,2.0,2.0,2.0,2.0,2.0,2.0,1982.0,9.0,2.0,공공,1.0,,3.1666666666666665,3.0,3.5,2.0,3.5,2.0
4.0,4.0,4.0,4.0,4.0,5.0,4.0,3.0,4.0,4.0,4.0,4.0,4.0,3.0,3.0,4.0,3.0,4.0,4.0,3.0,4.0,4.0,4.0,5.0,5.0,5.0,4.0,4.0,4.0,1.0,1989.0,8.0,2.0,공공,1.0,,4.166666666666667,3.8,3.5,3.6,4.25,4.4
2.0,3.0,2.0,4.0,4.0,4.0,2.0,2.0,2.0,2.0,2.0,3.0,3.0,3.0,3.0,3.0,3.0,3.0,3.0,3.0,4.0,4.0,4.0,4.0,3.0,3.0,3.0,3.0,3.0,1.0,1983.0,11.0,2.0,공공,1.0,,3.1666666666666665,2.0,3.0,3.0,4.0,3.0
2.0,2.0,2.0,4.0,2.0,2.0,2.0,3.0,4.0,4.0,4.0,4.0,5.0,3.0,2.0,3.0,3.0,3.0,3.0,3.0,5.0,4.0,4.0,4.0,2.0,2.0,2.0,2.0,2.0,1.0,1988.0,9.0,2.0,공공,1.0,,2.3333333333333335,3.4,3.5,3.0,4.25,2.0
2.0,2.0,5.0,3.0,2.0,4.0,3.0,3.0,5.0,4.0,4.0,5.0,5.0,5.0,3.0,4.0,5.0,5.0,5.0,5.0,5.0,4.0,5.0,4.0,2.0,2.0,5.0,2.0,2.0,2.0,1993.0,12.0,2.0,공공,1.0,,3.0,3.8,4.5,4.8,4.5,2.6
3.0,2.0,4.0,4.0,3.0,4.0,2.0,2.0,2.0,4.0,4.0,4.0,4.0,2.0,2.0,3.0,3.0,3.0,4.0,4.0,3.0,4.0,4.0,3.0,4.0,4.0,4.0,3.0,3.0,1.0,1995.0,1.0,2.0,공공,1.0,,3.3333333333333335,2.8,3.0,3.4,3.5,3.6
4.0,2.0,3.0,4.0,3.0,4.0,3.0,3.0,3.0,3.0,3.0,4.0,4.0,4.0,5.0,3.0,4.0,3.0,4.0,4.0,3.0,3.0,4.0,4.0,4.0,4.0,3.0,4.0,3.0,2.0,1992.0,9.0,2.0,공공,1.0,,3.3333333333333335,3.0,4.25,3.6,3.5,3.6
4.0,4.0,4.0,3.0,5.0,4.0,3.0,3.0,4.0,4.0,3.0,3.0,4.0,4.0,3.0,3.0,3.0,3.0,4.0,3.0,4.0,3.0,3.0,3.0,2.0,3.0,3.0,3.0,3.0,2.0,1993.0,1.0,2.0,공공,1.0,,4.0,3.4,3.5,3.2,3.25,2.8
2.0,2.0,2.0,1.0,1.0,3.0,2.0,3.0,4.0,4.0,4.0,4.0,4.0,4.0,4.0,4.0,4.0,4.0,4.0,4.0,4.0,4.0,4.0,4.0,2.0,1.0,2.0,4.0,1.0,2.0,1996.0,12.0,2.0,공공,1.0,,1.8333333333333333,3.4,4.0,4.0,4.0,2.0
4.0,4.0,3.0,2.0,2.0,2.0,2.0,5.0,2.0,5.0,4.0,3.0,3.0,3.0,4.0,4.0,5.0,5.0,5.0,5.0,3.0,4.0,3.0,3.0,4.0,3.0,3.0,4.0,2.0,1.0,1984.0,4.0,2.0,공공,1.0,,2.8333333333333335,3.6,3.25,4.8,3.25,3.2
4.0,2.0,1.0,4.0,4.0,4.0,3.0,3.0,3.0,2.0,3.0,4.0,5.0,5.0,4.0,3.0,3.0,3.0,3.0,3.0,5.0,4.0,4.0,4.0,2.0,4.0,4.0,4.0,3.0,2.0,1994.0,1.0,2.0,공공,1.0,,3.1666666666666665,2.8,4.5,3.0,4.25,3.4
3.0,3.0,3.0,3.0,3.0,4.0,4.0,3.0,4.0,4.0,4.0,5.0,5.0,4.0,3.0,4.0,4.0,3.0,3.0,3.0,3.0,3.0,4.0,4.0,4.0,4.0,4.0,4.0,4.0,2.0,1989.0,1.0,2.0,공공,2.0,,3.1666666666666665,3.8,4.25,3.4,3.5,4.0
3.0,2.0,2.0,4.0,3.0,4.0,4.0,3.0,4.0,4.0,4.0,5.0,5.0,4.0,5.0,4.0,4.0,5.0,3.0,3.0,4.0,4.0,5.0,3.0,2.0,2.0,1.0,2.0,1.0,1.0,1999.0,1.0,2.0,공공,1.0,,3.0,3.8,4.75,3.8,4.0,1.6
4.0,4.0,4.0,4.0,4.0,4.0,4.0,4.0,4.0,4.0,4.0,4.0,4.0,3.0,3.0,4.0,4.0,4.0,4.0,4.0,4.0,4.0,4.0,4.0,4.0,4.0,4.0,4.0,4.0,1.0,1997.0,1.0,2.0,공공,1.0,,4.0,4.0,3.5,4.0,4.0,4.0
3.0,4.0,2.0,4.0,3.0,5.0,3.0,2.0,4.0,4.0,4.0,3.0,5.0,3.0,4.0,3.0,3.0,4.0,4.0,3.0,2.0,4.0,3.0,4.0,1.0,1.0,2.0,3.0,1.0,2.0,1990.0,9.0,2.0,공공,1.0,,3.5,3.4,3.75,3.4,3.25,1.6
2.0,3.0,3.0,3.0,3.0,4.0,3.0,4.0,4.0,4.0,3.0,3.0,4.0,3.0,4.0,4.0,4.0,4.0,4.0,3.0,4.0,4.0,4.0,3.0,3.0,3.0,4.0,2.0,3.0,2.0,1997.0,1.0,2.0,공공,1.0,,3.0,3.6,3.5,3.8,3.75,3.0
2.0,2.0,2.0,3.0,3.0,2.0,2.0,2.0,2.0,3.0,2.0,2.0,3.0,2.0,2.0,3.0,2.0,3.0,3.0,4.0,3.0,3.0,2.0,2.0,1.0,1.0,2.0,3.0,2.0,1.0,1995.0,1.0,2.0,공공,1.0,,2.3333333333333335,2.2,2.25,3.0,2.5,1.8
3.0,2.0,2.0,2.0,2.0,1.0,1.0,1.0,3.0,3.0,1.0,3.0,3.0,1.0,1.0,3.0,3.0,2.0,3.0,3.0,4.0,4.0,4.0,3.0,1.0,1.0,1.0,3.0,1.0,1.0,1988.0,9.0,2.0,공공,1.0,,2.0,1.8,2.0,2.8,3.75,1.4
1.0,2.0,1.0,4.0,5.0,5.0,4.0,4.0,3.0,3.0,4.0,4.0,5.0,4.0,3.0,4.0,4.0,4.0,4.0,5.0,4.0,4.0,3.0,4.0,2.0,2.0,2.0,2.0,1.0,1.0,1992.0,1.0,2.0,공공,1.0,,3.0,3.6,4.0,4.2,3.75,1.8
4.0,3.0,3.0,3.0,3.0,4.0,3.0,2.0,3.0,3.0,3.0,3.0,4.0,2.0,3.0,3.0,3.0,3.0,3.0,3.0,3.0,4.0,2.0,3.0,4.0,3.0,4.0,4.0,2.0,1.0,1988.0,9.0,2.0,공공,1.0,,3.3333333333333335,2.8,3.0,3.0,3.0,3.4
4.0,3.0,2.0,4.0,4.0,4.0,3.0,3.0,4.0,5.0,5.0,5.0,5.0,5.0,4.0,5.0,5.0,5.0,5.0,4.0,3.0,3.0,3.0,4.0,3.0,4.0,4.0,4.0,3.0,1.0,1995.0,1.0,2.0,공공,1.0,,3.5,4.0,4.75,4.8,3.25,3.6
3.0,2.0,2.0,3.0,3.0,3.0,3.0,3.0,3.0,3.0,3.0,3.0,3.0,3.0,3.0,3.0,3.0,3.0,3.0,3.0,3.0,3.0,3.0,3.0,3.0,3.0,3.0,3.0,3.0,1.0,1997.0,4.0,2.0,공공,1.0,,2.6666666666666665,3.0,3.0,3.0,3.0,3.0
4.0,5.0,4.0,2.0,4.0,4.0,2.0,2.0,3.0,3.0,2.0,3.0,3.0,3.0,3.0,4.0,3.0,3.0,4.0,3.0,4.0,4.0,4.0,4.0,4.0,4.0,4.0,4.0,4.0,2.0,1989.0,7.0,2.0,공공,1.0,,3.8333333333333335,2.4,3.0,3.4,4.0,4.0
3.0,3.0,5.0,5.0,5.0,5.0,2.0,4.0,5.0,5.0,4.0,4.0,5.0,4.0,4.0,4.0,3.0,4.0,4.0,4.0,5.0,5.0,5.0,5.0,2.0,4.0,5.0,4.0,3.0,2.0,1970.0,8.0,2.0,공공,1.0,,4.333333333333333,4.0,4.25,3.8,5.0,3.6
4.0,3.0,5.0,5.0,4.0,3.0,3.0,3.0,3.0,4.0,4.0,4.0,4.0,3.0,3.0,4.0,4.0,4.0,4.0,4.0,4.0,4.0,4.0,4.0,2.0,2.0,2.0,2.0,2.0,2.0,1997.0,1.0,2.0,공공,1.0,,4.0,3.4,3.5,4.0,4.0,2.0
2.0,3.0,2.0,3.0,3.0,4.0,1.0,1.0,3.0,4.0,3.0,3.0,4.0,3.0,4.0,2.0,2.0,4.0,3.0,2.0,4.0,4.0,4.0,4.0,4.0,2.0,3.0,4.0,4.0,1.0,1991.0,1.0,2.0,공공,1.0,,2.8333333333333335,2.4,3.5,2.6,4.0,3.4
3.0,3.0,2.0,3.0,3.0,4.0,2.0,2.0,4.0,4.0,3.0,4.0,4.0,3.0,4.0,4.0,3.0,3.0,3.0,4.0,4.0,5.0,4.0,4.0,1.0,1.0,2.0,1.0,1.0,2.0,1999.0,13.0,2.0,공공,2.0,,3.0,3.0,3.75,3.4,4.25,1.2
4.0,2.0,2.0,4.0,4.0,4.0,2.0,3.0,3.0,3.0,3.0,4.0,4.0,2.0,3.0,4.0,4.0,4.0,3.0,4.0,4.0,4.0,3.0,4.0,4.0,4.0,4.0,4.0,2.0,2.0,1999.0,1.0,2.0,공공,2.0,,3.3333333333333335,2.8,3.25,3.8,3.75,3.6
4.0,4.0,4.0,4.0,4.0,4.0,4.0,4.0,4.0,4.0,4.0,4.0,4.0,4.0,4.0,3.0,3.0,3.0,3.0,3.0,3.0,2.0,2.0,2.0,3.0,3.0,3.0,3.0,3.0,2.0,1971.0,5.0,2.0,공공,2.0,,4.0,4.0,4.0,3.0,2.25,3.0
2.0,2.0,2.0,3.0,2.0,4.0,1.0,1.0,3.0,2.0,2.0,2.0,4.0,4.0,3.0,2.0,2.0,2.0,2.0,1.0,3.0,3.0,2.0,4.0,3.0,2.0,4.0,4.0,3.0,1.0,1990.0,1.0,2.0,공공,1.0,,2.5,1.8,3.25,1.8,3.0,3.2
3.0,2.0,2.0,1.0,2.0,2.0,3.0,3.0,2.0,2.0,3.0,2.0,3.0,3.0,3.0,4.0,3.0,4.0,4.0,3.0,3.0,4.0,4.0,4.0,4.0,3.0,3.0,3.0,3.0,2.0,1967.0,9.0,2.0,공공,2.0,,2.0,2.6,2.75,3.6,3.75,3.2
3.0,2.0,1.0,4.0,2.0,2.0,3.0,2.0,2.0,2.0,1.0,3.0,4.0,4.0,4.0,3.0,3.0,4.0,4.0,3.0,5.0,3.0,4.0,3.0,2.0,3.0,4.0,2.0,3.0,1.0,1993.0,12.0,2.0,공공,1.0,,2.3333333333333335,2.0,3.75,3.4,3.75,2.8
3.0,4.0,4.0,4.0,4.0,3.0,4.0,4.0,4.0,4.0,3.0,5.0,5.0,5.0,5.0,4.0,4.0,4.0,5.0,5.0,3.0,4.0,4.0,4.0,3.0,3.0,4.0,3.0,4.0,1.0,1993.0,1.0,2.0,공공,1.0,,3.6666666666666665,3.8,5.0,4.4,3.75,3.4
4.0,4.0,3.0,4.0,3.0,4.0,3.0,2.0,3.0,4.0,3.0,4.0,4.0,4.0,3.0,4.0,3.0,3.0,4.0,3.0,4.0,3.0,4.0,3.0,4.0,3.0,4.0,4.0,4.0,1.0,1993.0,3.0,2.0,공공,2.0,,3.6666666666666665,3.0,3.75,3.4,3.5,3.8
3.0,3.0,2.0,2.0,2.0,4.0,1.0,2.0,2.0,2.0,1.0,1.0,4.0,2.0,2.0,2.0,2.0,2.0,2.0,2.0,4.0,3.0,4.0,4.0,1.0,1.0,1.0,4.0,1.0,1.0,1992.0,1.0,2.0,공공,1.0,,2.6666666666666665,1.6,2.25,2.0,3.75,1.6
1.0,2.0,2.0,1.0,1.0,4.0,1.0,1.0,2.0,3.0,2.0,3.0,4.0,4.0,4.0,5.0,5.0,5.0,5.0,5.0,4.0,3.0,3.0,3.0,4.0,2.0,3.0,1.0,4.0,1.0,1990.0,11.0,2.0,공공,1.0,,1.8333333333333333,1.8,3.75,5.0,3.25,2.8
4.0,4.0,3.0,3.0,4.0,5.0,4.0,4.0,4.0,3.0,4.0,4.0,5.0,5.0,3.0,3.0,4.0,4.0,4.0,4.0,4.0,4.0,4.0,4.0,3.0,3.0,1.0,2.0,1.0,2.0,1993.0,1.0,2.0,공공,1.0,,3.8333333333333335,3.8,4.25,3.8,4.0,2.0
2.0,2.0,2.0,2.0,2.0,3.0,2.0,2.0,3.0,3.0,2.0,2.0,3.0,2.0,3.0,3.0,2.0,2.0,3.0,2.0,3.0,3.0,3.0,3.0,3.0,3.0,3.0,4.0,2.0,1.0,1983.0,9.0,2.0,공공,2.0,,2.1666666666666665,2.4,2.5,2.4,3.0,3.0
4.0,4.0,3.0,4.0,3.0,3.0,4.0,3.0,1.0,3.0,2.0,4.0,4.0,3.0,4.0,4.0,4.0,4.0,4.0,4.0,4.0,5.0,3.0,4.0,4.0,3.0,4.0,4.0,1.0,1.0,1986.0,16.0,2.0,공공,1.0,,3.5,2.6,3.75,4.0,4.0,3.2
3.0,2.0,2.0,2.0,2.0,2.0,1.0,1.0,1.0,1.0,1.0,3.0,3.0,3.0,3.0,1.0,1.0,1.0,1.0,1.0,3.0,4.0,4.0,4.0,2.0,2.0,2.0,4.0,2.0,1.0,1989.0,5.0,2.0,공공,1.0,,2.1666666666666665,1.0,3.0,1.0,3.75,2.4
2.0,2.0,1.0,2.0,2.0,3.0,2.0,2.0,4.0,3.0,4.0,3.0,4.0,3.0,3.0,3.0,2.0,3.0,3.0,3.0,3.0,3.0,3.0,2.0,3.0,3.0,4.0,3.0,3.0,1.0,1992.0,9.0,2.0,공공,2.0,,2.0,3.0,3.25,2.8,2.75,3.2
3.0,3.0,4.0,3.0,4.0,4.0,3.0,3.0,3.0,3.0,3.0,4.0,4.0,4.0,4.0,4.0,3.0,4.0,3.0,4.0,3.0,4.0,4.0,3.0,4.0,4.0,3.0,3.0,3.0,1.0,1997.0,7.0,2.0,공공,2.0,,3.5,3.0,4.0,3.6,3.5,3.4
3.0,4.0,3.0,5.0,4.0,4.0,3.0,4.0,3.0,3.0,3.0,4.0,3.0,3.0,3.0,3.0,3.0,4.0,4.0,4.0,3.0,4.0,3.0,3.0,3.0,3.0,4.0,3.0,3.0,1.0,1981.0,3.0,2.0,공공,1.0,,3.8333333333333335,3.2,3.25,3.6,3.25,3.2
1.0,4.0,4.0,4.0,4.0,4.0,4.0,4.0,4.0,4.0,4.0,4.0,4.0,4.0,4.0,4.0,4.0,4.0,4.0,4.0,4.0,4.0,4.0,4.0,2.0,2.0,2.0,3.0,2.0,2.0,1979.0,15.0,2.0,공공,2.0,,3.5,4.0,4.0,4.0,4.0,2.2
3.0,2.0,1.0,2.0,2.0,2.0,1.0,1.0,1.0,1.0,1.0,1.0,1.0,1.0,1.0,3.0,3.0,3.0,2.0,2.0,3.0,3.0,3.0,3.0,2.0,2.0,2.0,2.0,2.0,2.0,1987.0,4.0,2.0,공공,2.0,,2.0,1.0,1.0,2.6,3.0,2.0
3.0,5.0,4.0,2.0,3.0,5.0,4.0,4.0,4.0,4.0,4.0,4.0,4.0,4.0,4.0,3.0,4.0,4.0,4.0,4.0,4.0,4.0,4.0,4.0,4.0,4.0,4.0,4.0,4.0,2.0,2003.0,15.0,2.0,공공,2.0,,3.6666666666666665,4.0,4.0,3.8,4.0,4.0
4.0,4.0,3.0,4.0,4.0,5.0,3.0,3.0,4.0,4.0,4.0,4.0,4.0,3.0,4.0,4.0,4.0,3.0,4.0,3.0,4.0,4.0,5.0,4.0,4.0,4.0,4.0,5.0,4.0,1.0,1997.0,4.0,2.0,공공,2.0,,4.0,3.6,3.75,3.6,4.25,4.2
4.0,4.0,5.0,4.0,4.0,5.0,4.0,3.0,3.0,3.0,3.0,3.0,3.0,3.0,3.0,5.0,4.0,3.0,4.0,5.0,4.0,4.0,4.0,4.0,5.0,4.0,5.0,4.0,4.0,2.0,2002.0,1.0,2.0,공공,2.0,,4.333333333333333,3.2,3.0,4.2,4.0,4.4
2.0,3.0,3.0,3.0,3.0,4.0,3.0,3.0,4.0,3.0,3.0,3.0,3.0,4.0,3.0,3.0,4.0,3.0,3.0,4.0,3.0,4.0,3.0,3.0,3.0,4.0,3.0,3.0,3.0,2.0,1995.0,9.0,2.0,공공,2.0,,3.0,3.2,3.25,3.4,3.25,3.2
4.0,3.0,1.0,4.0,5.0,4.0,1.0,1.0,1.0,1.0,1.0,1.0,1.0,1.0,1.0,3.0,3.0,3.0,3.0,3.0,4.0,4.0,4.0,4.0,3.0,3.0,3.0,3.0,3.0,1.0,1981.0,5.0,2.0,공공,2.0,,3.5,1.0,1.0,3.0,4.0,3.0
4.0,3.0,3.0,4.0,4.0,3.0,4.0,4.0,3.0,4.0,4.0,4.0,3.0,3.0,4.0,5.0,5.0,5.0,4.0,4.0,5.0,5.0,4.0,4.0,4.0,4.0,4.0,5.0,4.0,1.0,1980.0,5.0,2.0,공공,2.0,,3.5,3.8,3.5,4.6,4.5,4.2
4.0,4.0,2.0,3.0,3.0,4.0,2.0,2.0,2.0,2.0,2.0,1.0,3.0,3.0,3.0,3.0,2.0,2.0,2.0,2.0,5.0,3.0,3.0,3.0,4.0,4.0,4.0,4.0,3.0,1.0,1987.0,1.0,2.0,공공,1.0,,3.3333333333333335,2.0,2.5,2.2,3.5,3.8
2.0,4.0,2.0,3.0,4.0,5.0,3.0,2.0,3.0,3.0,2.0,3.0,3.0,3.0,3.0,1.0,1.0,1.0,1.0,1.0,3.0,4.0,4.0,4.0,2.0,2.0,2.0,4.0,3.0,1.0,1989.0,4.0,2.0,공공,1.0,,3.3333333333333335,2.6,3.0,1.0,3.75,2.6
4.0,2.0,1.0,2.0,3.0,2.0,3.0,3.0,3.0,3.0,3.0,3.0,4.0,1.0,3.0,3.0,4.0,4.0,2.0,4.0,4.0,3.0,4.0,3.0,1.0,1.0,3.0,1.0,1.0,2.0,1992.0,9.0,2.0,공공,1.0,,2.3333333333333335,3.0,2.75,3.4,3.5,1.4
2.0,3.0,2.0,3.0,4.0,4.0,2.0,2.0,1.0,4.0,3.0,3.0,3.0,3.0,3.0,2.0,3.0,3.0,4.0,4.0,3.0,4.0,4.0,4.0,4.0,3.0,4.0,4.0,4.0,1.0,1979.0,9.0,2.0,공공,1.0,,3.0,2.4,3.0,3.2,3.75,3.8
2.0,2.0,3.0,2.0,2.0,2.0,2.0,2.0,3.0,3.0,3.0,3.0,3.0,3.0,4.0,3.0,4.0,4.0,3.0,3.0,4.0,3.0,4.0,4.0,4.0,4.0,4.0,4.0,4.0,2.0,1991.0,1.0,2.0,공공,2.0,,2.1666666666666665,2.6,3.25,3.4,3.75,4.0
5.0,4.0,3.0,4.0,4.0,5.0,4.0,4.0,5.0,4.0,3.0,3.0,3.0,3.0,3.0,5.0,4.0,3.0,4.0,4.0,4.0,3.0,4.0,5.0,5.0,4.0,3.0,3.0,4.0,1.0,1993.0,14.0,2.0,공공,1.0,,4.166666666666667,4.0,3.0,4.0,4.0,3.8
4.0,4.0,3.0,4.0,4.0,5.0,2.0,3.0,3.0,2.0,2.0,3.0,3.0,2.0,2.0,3.0,3.0,3.0,3.0,3.0,4.0,4.0,3.0,3.0,4.0,4.0,4.0,4.0,4.0,2.0,1991.0,6.0,2.0,공공,1.0,,4.0,2.4,2.5,3.0,3.5,4.0
2.0,3.0,3.0,3.0,3.0,4.0,3.0,4.0,3.0,3.0,3.0,4.0,5.0,4.0,4.0,4.0,5.0,4.0,5.0,4.0,5.0,5.0,4.0,4.0,4.0,3.0,3.0,2.0,3.0,1.0,1999.0,15.0,2.0,공공,2.0,,3.0,3.2,4.25,4.4,4.5,3.0
1.0,1.0,1.0,1.0,1.0,1.0,1.0,1.0,1.0,1.0,1.0,1.0,1.0,1.0,1.0,1.0,1.0,1.0,1.0,1.0,4.0,3.0,1.0,1.0,1.0,1.0,1.0,5.0,1.0,1.0,2004.0,9.0,2.0,공공,1.0,,1.0,1.0,1.0,1.0,2.25,1.8
3.0,3.0,3.0,4.0,3.0,4.0,3.0,4.0,3.0,3.0,4.0,3.0,4.0,4.0,3.0,3.0,3.0,3.0,3.0,4.0,3.0,3.0,3.0,3.0,4.0,3.0,4.0,4.0,3.0,2.0,1990.0,14.0,2.0,공공,1.0,,3.3333333333333335,3.4,3.5,3.2,3.0,3.6
4.0,4.0,3.0,4.0,4.0,4.0,4.0,3.0,3.0,4.0,4.0,3.0,3.0,3.0,3.0,4.0,4.0,3.0,4.0,5.0,4.0,4.0,5.0,5.0,4.0,4.0,4.0,3.0,4.0,1.0,1987.0,1.0,2.0,공공,2.0,,3.8333333333333335,3.6,3.0,4.0,4.5,3.8
2.0,3.0,2.0,3.0,3.0,4.0,4.0,4.0,5.0,3.0,3.0,5.0,4.0,3.0,4.0,4.0,3.0,5.0,4.0,2.0,4.0,4.0,3.0,4.0,4.0,3.0,4.0,3.0,4.0,2.0,1983.0,1.0,2.0,공공,1.0,,2.8333333333333335,3.8,4.0,3.6,3.75,3.6
4.0,3.0,3.0,4.0,4.0,4.0,3.0,3.0,3.0,2.0,2.0,4.0,3.0,3.0,3.0,3.0,3.0,3.0,3.0,2.0,5.0,4.0,4.0,4.0,3.0,3.0,4.0,5.0,3.0,1.0,1992.0,4.0,2.0,공공,1.0,,3.6666666666666665,2.6,3.25,2.8,4.25,3.6
2.0,2.0,4.0,4.0,2.0,2.0,2.0,3.0,3.0,2.0,2.0,2.0,2.0,2.0,2.0,2.0,2.0,2.0,3.0,3.0,4.0,4.0,3.0,4.0,2.0,3.0,4.0,4.0,3.0,2.0,1995.0,6.0,2.0,공공,2.0,,2.6666666666666665,2.4,2.0,2.4,3.75,3.2
5.0,3.0,1.0,1.0,2.0,4.0,3.0,3.0,3.0,3.0,1.0,2.0,3.0,3.0,3.0,4.0,5.0,4.0,3.0,2.0,4.0,4.0,2.0,2.0,3.0,5.0,5.0,4.0,2.0,2.0,1995.0,9.0,2.0,공공,2.0,,2.6666666666666665,2.6,2.75,3.6,3.0,3.8
1.0,1.0,1.0,3.0,2.0,4.0,1.0,1.0,5.0,5.0,1.0,1.0,5.0,5.0,1.0,4.0,3.0,3.0,4.0,5.0,5.0,5.0,5.0,5.0,5.0,5.0,5.0,5.0,2.0,2.0,1989.0,2.0,2.0,공공,2.0,,2.0,2.6,3.0,3.8,5.0,4.4
2.0,4.0,3.0,3.0,4.0,3.0,4.0,4.0,4.0,4.0,4.0,4.0,4.0,4.0,4.0,4.0,4.0,4.0,4.0,4.0,4.0,4.0,4.0,4.0,3.0,3.0,3.0,3.0,3.0,2.0,2002.0,2.0,2.0,공공,1.0,,3.1666666666666665,4.0,4.0,4.0,4.0,3.0
4.0,4.0,2.0,3.0,4.0,5.0,1.0,1.0,1.0,1.0,4.0,3.0,4.0,4.0,3.0,3.0,4.0,4.0,4.0,4.0,2.0,4.0,5.0,5.0,1.0,1.0,1.0,2.0,1.0,2.0,1990.0,1.0,2.0,공공,2.0,,3.6666666666666665,1.6,3.5,3.8,4.0,1.2
2.0,3.0,4.0,4.0,4.0,3.0,3.0,3.0,3.0,3.0,3.0,3.0,4.0,3.0,3.0,4.0,3.0,3.0,4.0,4.0,3.0,3.0,3.0,3.0,3.0,3.0,3.0,3.0,4.0,1.0,1988.0,1.0,2.0,공공,2.0,,3.3333333333333335,3.0,3.25,3.6,3.0,3.2
4.0,4.0,1.0,4.0,5.0,5.0,1.0,2.0,1.0,3.0,1.0,4.0,5.0,5.0,5.0,4.0,5.0,5.0,5.0,5.0,5.0,2.0,3.0,2.0,1.0,1.0,4.0,4.0,4.0,2.0,1998.0,9.0,2.0,공공,1.0,,3.8333333333333335,1.6,4.75,4.8,3.0,2.8
4.0,2.0,4.0,3.0,4.0,4.0,4.0,4.0,4.0,3.0,4.0,4.0,4.0,4.0,4.0,4.0,4.0,4.0,4.0,4.0,4.0,4.0,4.0,4.0,3.0,3.0,3.0,4.0,4.0,2.0,1996.0,16.0,2.0,공공,2.0,,3.5,3.8,4.0,4.0,4.0,3.4
4.0,3.0,4.0,5.0,4.0,4.0,5.0,4.0,5.0,3.0,4.0,3.0,4.0,3.0,3.0,4.0,4.0,3.0,3.0,5.0,4.0,3.0,3.0,3.0,4.0,3.0,5.0,4.0,4.0,1.0,1990.0,2.0,2.0,공공,2.0,,4.0,4.2,3.25,3.8,3.25,4.0
4.0,3.0,4.0,4.0,4.0,5.0,2.0,2.0,3.0,2.0,2.0,3.0,3.0,4.0,3.0,2.0,3.0,3.0,2.0,2.0,2.0,2.0,3.0,4.0,4.0,4.0,4.0,4.0,3.0,1.0,1989.0,16.0,2.0,공공,1.0,,4.0,2.2,3.25,2.4,2.75,3.8
4.0,3.0,5.0,3.0,3.0,4.0,1.0,2.0,3.0,3.0,3.0,4.0,5.0,5.0,3.0,3.0,2.0,4.0,3.0,4.0,4.0,3.0,2.0,3.0,3.0,4.0,5.0,3.0,2.0,2.0,1994.0,2.0,2.0,공공,2.0,,3.6666666666666665,2.4,4.25,3.2,3.0,3.4
4.0,3.0,5.0,3.0,5.0,3.0,4.0,3.0,4.0,4.0,5.0,4.0,4.0,3.0,4.0,4.0,4.0,4.0,5.0,4.0,4.0,4.0,4.0,3.0,4.0,4.0,5.0,3.0,5.0,1.0,1987.0,1.0,2.0,공공,2.0,,3.8333333333333335,4.0,3.75,4.2,3.75,4.2
4.0,3.0,4.0,4.0,4.0,5.0,4.0,5.0,4.0,3.0,4.0,4.0,3.0,3.0,4.0,3.0,4.0,3.0,4.0,3.0,3.0,4.0,2.0,3.0,3.0,4.0,3.0,2.0,2.0,2.0,1997.0,1.0,2.0,공공,1.0,,4.0,4.0,3.5,3.4,3.0,2.8
2.0,3.0,3.0,2.0,2.0,2.0,2.0,2.0,2.0,3.0,2.0,2.0,3.0,3.0,3.0,3.0,4.0,3.0,3.0,2.0,2.0,2.0,3.0,3.0,2.0,2.0,3.0,2.0,2.0,2.0,1972.0,2.0,2.0,공공,1.0,,2.3333333333333335,2.2,2.75,3.0,2.5,2.2
4.0,4.0,4.0,3.0,4.0,4.0,3.0,1.0,1.0,1.0,1.0,1.0,1.0,1.0,1.0,5.0,1.0,1.0,1.0,1.0,3.0,4.0,4.0,4.0,4.0,3.0,4.0,4.0,4.0,2.0,1989.0,13.0,2.0,공공,1.0,,3.8333333333333335,1.4,1.0,1.8,3.75,3.8
3.0,2.0,3.0,3.0,2.0,3.0,4.0,3.0,2.0,3.0,3.0,2.0,3.0,3.0,3.0,2.0,4.0,3.0,4.0,3.0,5.0,4.0,3.0,4.0,3.0,4.0,3.0,4.0,3.0,1.0,1998.0,10.0,2.0,공공,1.0,,2.6666666666666665,3.0,2.75,3.2,4.0,3.4
2.0,1.0,2.0,3.0,2.0,2.0,3.0,3.0,4.0,4.0,4.0,5.0,5.0,3.0,4.0,4.0,5.0,4.0,4.0,4.0,4.0,4.0,4.0,4.0,1.0,2.0,3.0,4.0,1.0,1.0,1990.0,3.0,2.0,공공,1.0,,2.0,3.6,4.25,4.2,4.0,2.2
5.0,5.0,4.0,4.0,5.0,5.0,5.0,5.0,4.0,4.0,5.0,5.0,5.0,4.0,5.0,5.0,5.0,5.0,4.0,5.0,5.0,5.0,4.0,4.0,5.0,5.0,4.0,4.0,5.0,1.0,1984.0,5.0,2.0,공공,2.0,,4.666666666666667,4.6,4.75,4.8,4.5,4.6
2.0,4.0,1.0,4.0,3.0,4.0,2.0,4.0,2.0,2.0,2.0,4.0,3.0,3.0,4.0,3.0,5.0,4.0,5.0,4.0,5.0,5.0,4.0,5.0,2.0,3.0,1.0,2.0,2.0,2.0,1990.0,1.0,2.0,공공,1.0,,3.0,2.4,3.5,4.2,4.75,2.0
2.0,2.0,3.0,4.0,3.0,3.0,2.0,2.0,2.0,2.0,2.0,3.0,4.0,4.0,4.0,4.0,4.0,3.0,3.0,3.0,4.0,4.0,4.0,3.0,3.0,3.0,3.0,4.0,3.0,2.0,1993.0,9.0,2.0,공공,2.0,,2.8333333333333335,2.0,3.75,3.4,3.75,3.2
1.0,1.0,1.0,3.0,3.0,5.0,3.0,2.0,4.0,4.0,3.0,3.0,4.0,4.0,4.0,4.0,4.0,3.0,3.0,4.0,5.0,4.0,3.0,3.0,2.0,2.0,3.0,1.0,1.0,1.0,1978.0,17.0,2.0,공공,2.0,,2.3333333333333335,3.2,3.75,3.6,3.75,1.8
1.0,1.0,1.0,1.0,1.0,1.0,1.0,2.0,1.0,1.0,1.0,1.0,2.0,1.0,3.0,1.0,2.0,3.0,2.0,2.0,4.0,2.0,3.0,2.0,1.0,1.0,1.0,4.0,1.0,1.0,1987.0,17.0,2.0,공공,2.0,,1.0,1.2,1.75,2.0,2.75,1.6
3.0,3.0,3.0,3.0,3.0,4.0,3.0,3.0,3.0,3.0,4.0,3.0,3.0,4.0,4.0,4.0,3.0,4.0,4.0,4.0,4.0,3.0,3.0,4.0,3.0,3.0,4.0,4.0,5.0,2.0,1995.0,15.0,2.0,공공,2.0,,3.1666666666666665,3.2,3.5,3.8,3.5,3.8
4.0,3.0,2.0,2.0,2.0,3.0,4.0,3.0,3.0,3.0,2.0,2.0,3.0,2.0,2.0,3.0,4.0,3.0,2.0,3.0,4.0,5.0,4.0,4.0,2.0,2.0,2.0,1.0,2.0,1.0,1990.0,1.0,2.0,공공,2.0,,2.6666666666666665,3.0,2.25,3.0,4.25,1.8
4.0,4.0,2.0,3.0,4.0,5.0,1.0,2.0,3.0,3.0,2.0,3.0,4.0,4.0,3.0,2.0,3.0,2.0,2.0,2.0,4.0,3.0,3.0,3.0,1.0,1.0,1.0,1.0,1.0,1.0,1995.0,1.0,2.0,공공,2.0,,3.6666666666666665,2.2,3.5,2.2,3.25,1.0
5.0,3.0,4.0,2.0,4.0,5.0,1.0,1.0,1.0,1.0,1.0,2.0,3.0,3.0,2.0,3.0,3.0,4.0,2.0,1.0,4.0,4.0,4.0,3.0,2.0,1.0,2.0,2.0,1.0,1.0,1977.0,2.0,2.0,공공,2.0,,3.8333333333333335,1.0,2.5,2.6,3.75,1.6
1.0,5.0,2.0,5.0,5.0,4.0,5.0,4.0,4.0,3.0,4.0,4.0,5.0,5.0,5.0,4.0,3.0,4.0,4.0,4.0,1.0,4.0,4.0,3.0,1.0,1.0,1.0,3.0,1.0,2.0,1995.0,9.0,2.0,공공,2.0,,3.6666666666666665,4.0,4.75,3.8,3.0,1.4
4.0,4.0,3.0,4.0,3.0,4.0,2.0,2.0,2.0,2.0,2.0,3.0,3.0,2.0,3.0,3.0,3.0,3.0,3.0,3.0,4.0,4.0,4.0,4.0,3.0,3.0,4.0,4.0,4.0,2.0,1982.0,3.0,2.0,공공,2.0,,3.6666666666666665,2.0,2.75,3.0,4.0,3.6
2.0,3.0,4.0,3.0,4.0,4.0,4.0,3.0,3.0,3.0,2.0,3.0,3.0,4.0,3.0,3.0,4.0,4.0,3.0,3.0,4.0,3.0,3.0,4.0,4.0,4.0,3.0,3.0,4.0,1.0,1995.0,9.0,2.0,공공,2.0,,3.3333333333333335,3.0,3.25,3.4,3.5,3.6
1.0,5.0,4.0,4.0,4.0,5.0,4.0,4.0,2.0,5.0,3.0,5.0,2.0,5.0,5.0,4.0,5.0,4.0,5.0,4.0,1.0,5.0,4.0,5.0,5.0,3.0,3.0,5.0,1.0,1.0,1996.0,1.0,2.0,공공,2.0,,3.8333333333333335,3.6,4.25,4.4,3.75,3.4
4.0,4.0,5.0,4.0,4.0,3.0,2.0,2.0,3.0,2.0,1.0,4.0,5.0,4.0,4.0,2.0,4.0,3.0,2.0,2.0,5.0,4.0,3.0,4.0,3.0,3.0,4.0,2.0,3.0,2.0,1995.0,9.0,2.0,공공,2.0,,4.0,2.0,4.25,2.6,4.0,3.0
3.0,3.0,2.0,4.0,4.0,5.0,1.0,2.0,3.0,2.0,2.0,2.0,3.0,2.0,3.0,3.0,3.0,3.0,1.0,2.0,4.0,4.0,4.0,4.0,4.0,4.0,4.0,2.0,2.0,2.0,1995.0,11.0,2.0,공공,2.0,,3.5,2.0,2.5,2.4,4.0,3.2
2.0,4.0,3.0,4.0,3.0,4.0,3.0,3.0,3.0,3.0,3.0,3.0,3.0,3.0,3.0,3.0,3.0,4.0,3.0,3.0,2.0,3.0,4.0,4.0,3.0,3.0,4.0,4.0,4.0,1.0,1996.0,9.0,2.0,공공,2.0,,3.3333333333333335,3.0,3.0,3.2,3.25,3.6
2.0,2.0,2.0,2.0,2.0,3.0,2.0,2.0,2.0,2.0,2.0,2.0,2.0,2.0,2.0,2.0,2.0,2.0,2.0,2.0,3.0,2.0,2.0,2.0,3.0,3.0,3.0,4.0,3.0,1.0,1995.0,4.0,2.0,공공,2.0,,2.1666666666666665,2.0,2.0,2.0,2.25,3.2
4.0,4.0,5.0,4.0,4.0,3.0,2.0,2.0,4.0,3.0,2.0,4.0,4.0,4.0,2.0,3.0,3.0,4.0,4.0,4.0,5.0,5.0,5.0,5.0,2.0,2.0,4.0,4.0,1.0,2.0,1987.0,16.0,2.0,공공,2.0,,4.0,2.6,3.5,3.6,5.0,2.6
